"Date","Time","Receipt Number","Amount","Regular Discount","Senior Citizen Discount","PWD Discount","Service","VATable Sales","VAT","VAT-Exempt Sales","Zero-Rated Sales","Amount Due"
"1 Jul 2025","1023am",12784,230,0,0,0,0,205.36,24.64,0,0,230
"1 Jul 2025","1041am",12785,490,0,0,0,0,437.5,52.5,0,0,490
"1 Jul 2025","1107am",12786,460,0,0,0,0,410.71,49.29,0,0,460
"1 Jul 2025","1114am",12787,430,0,0,0,0,383.93,46.07,0,0,430
"1 Jul 2025","1135am",12788,290,0,0,0,0,258.93,31.07,0,0,290
"1 Jul 2025","1137am",12789,290,0,0,0,0,258.93,31.07,0,0,290
"1 Jul 2025","1138am",12790,270,0,0,0,0,241.07,28.93,0,0,270
"1 Jul 2025","1139am",12791,290,0,0,0,0,258.93,31.07,0,0,290
"1 Jul 2025","1155am",12792,300,0,0,0,0,267.86,32.14,0,0,300
"1 Jul 2025","1157am",12793,1040,0,0,0,0,928.57,111.43,0,0,1040
"1 Jul 2025","1214pm",12794,200,0,0,0,0,178.57,21.43,0,0,200
"1 Jul 2025","1218pm",12795,240,0,0,0,0,214.29,25.71,0,0,240
"1 Jul 2025","1222pm",12796,460,0,0,0,0,410.71,49.29,0,0,460
"1 Jul 2025","1224pm",12797,240,0,0,42.86,0,0,0,171.43,0,171.43
"1 Jul 2025","1226pm",12798,240,0,0,0,0,214.29,25.71,0,0,240
"1 Jul 2025","1227pm",12799,180,0,0,0,0,160.71,19.29,0,0,180
"1 Jul 2025","1231pm",12800,160,0,0,28.57,0,0,0,114.29,0,114.29
"1 Jul 2025","1233pm",12801,400,0,0,0,0,357.14,42.86,0,0,400
"1 Jul 2025","1233pm",12802,140,0,0,0,0,125,15,0,0,140
"1 Jul 2025","1239pm",12803,250,0,0,35.71,0,44.64,5.36,142.86,0,192.86
"1 Jul 2025","1245pm",12804,200,0,0,0,0,178.57,21.43,0,0,200
"1 Jul 2025","1250pm",12805,180,0,0,0,0,160.71,19.29,0,0,180
"1 Jul 2025","1253pm",12806,910,0,0,35.71,0,633.93,76.07,142.86,0,852.86
"1 Jul 2025","1254pm",12807,200,0,0,35.71,0,0,0,142.86,0,142.86
"1 Jul 2025","1255pm",12808,290,0,0,0,0,258.93,31.07,0,0,290
"1 Jul 2025","102pm",12809,180,0,0,0,0,160.71,19.29,0,0,180
"1 Jul 2025","104pm",12810,210,0,0,0,0,187.5,22.5,0,0,210
"1 Jul 2025","108pm",12811,480,0,0,85.71,0,0,0,342.86,0,342.86
"1 Jul 2025","110pm",12812,220,0,0,0,0,196.43,23.57,0,0,220
"1 Jul 2025","111pm",12813,200,0,0,0,0,178.57,21.43,0,0,200
"1 Jul 2025","113pm",12814,200,0,0,0,0,178.57,21.43,0,0,200
"1 Jul 2025","113pm",12815,240,0,0,0,0,214.29,25.71,0,0,240
"1 Jul 2025","115pm",12816,180,0,0,0,0,160.71,19.29,0,0,180
"1 Jul 2025","116pm",12817,140,0,0,0,0,125,15,0,0,140
"1 Jul 2025","123pm",12818,170,0,0,0,0,151.79,18.21,0,0,170
"1 Jul 2025","128pm",12819,440,0,0,0,0,392.86,47.14,0,0,440
"1 Jul 2025","132pm",12820,290,0,0,0,0,258.93,31.07,0,0,290
"1 Jul 2025","134pm",12821,270,0,0,0,0,241.07,28.93,0,0,270
"1 Jul 2025","140pm",12822,160,0,0,0,0,142.86,17.14,0,0,160
"1 Jul 2025","150pm",12823,180,0,0,0,0,160.71,19.29,0,0,180
"1 Jul 2025","157pm",12824,240,0,0,0,0,214.29,25.71,0,0,240
"1 Jul 2025","200pm",12825,290,0,0,42.86,0,44.64,5.36,171.43,0,221.43
"1 Jul 2025","216pm",12826,200,0,0,0,0,178.57,21.43,0,0,200
"1 Jul 2025","305pm",12827,700,0,0,0,0,625,75,0,0,700
"1 Jul 2025","321pm",12828,490,0,0,0,0,437.5,52.5,0,0,490
"1 Jul 2025","327pm",12829,270,0,0,0,0,241.07,28.93,0,0,270
"1 Jul 2025","330pm",12830,240,0,0,0,0,214.29,25.71,0,0,240
"1 Jul 2025","337pm",12831,180,0,0,0,0,160.71,19.29,0,0,180
"1 Jul 2025","352pm",12832,180,0,0,0,0,160.71,19.29,0,0,180
"1 Jul 2025","410pm",12833,230,0,0,32.14,0,44.64,5.36,128.57,0,178.57
"1 Jul 2025","410pm",12834,220,0,0,0,0,196.43,23.57,0,0,220
"1 Jul 2025","415pm",12835,300,0,0,0,0,267.86,32.14,0,0,300
"1 Jul 2025","511pm",12836,120,0,0,0,0,107.14,12.86,0,0,120
"1 Jul 2025","519pm",12837,480,0,0,0,0,428.57,51.43,0,0,480
"1 Jul 2025","528pm",12838,220,0,0,0,0,196.43,23.57,0,0,220
"1 Jul 2025","553pm",12839,180,0,0,0,0,160.71,19.29,0,0,180
"1 Jul 2025","638pm",12840,250,0,0,0,0,223.21,26.79,0,0,250
"1 Jul 2025","642pm",12841,270,0,0,0,0,241.07,28.93,0,0,270
"1 Jul 2025","700pm",12842,300,0,0,44.64,0,44.64,5.36,178.57,0,228.57
"1 Jul 2025","731pm",12843,180,0,0,0,0,160.71,19.29,0,0,180
"1 Jul 2025","734pm",12844,230,0,0,0,0,205.36,24.64,0,0,230
"1 Jul 2025","740pm",12845,120,0,0,0,0,107.14,12.86,0,0,120
"1 Jul 2025","752pm",12846,390,0,0,0,0,348.21,41.79,0,0,390
"1 Jul 2025","753pm",12847,410,0,0,0,0,366.07,43.93,0,0,410
"1 Jul 2025","809pm",12848,240,0,0,0,0,214.29,25.71,0,0,240
"1 Jul 2025","824pm",12849,660,0,0,42.86,0,375,45,171.43,0,591.43
"1 Jul 2025","825pm",12850,360,0,0,0,0,321.43,38.57,0,0,360
"1 Jul 2025","826pm",12851,320,0,0,0,0,285.71,34.29,0,0,320
"1 Jul 2025","841pm",12852,270,0,0,0,0,241.07,28.93,0,0,270
"1 Jul 2025","843pm",12853,480,0,0,0,0,428.57,51.43,0,0,480
"1 Jul 2025","845pm",12854,350,0,0,0,0,312.5,37.5,0,0,350
"1 Jul 2025","847pm",12855,380,0,0,0,0,339.29,40.71,0,0,380
"1 Jul 2025","849pm",12856,270,0,0,0,0,241.07,28.93,0,0,270
"1 Jul 2025","852pm",12857,270,0,0,0,0,241.07,28.93,0,0,270
"1 Jul 2025","906pm",12858,180,0,0,0,0,160.71,19.29,0,0,180
"1 Jul 2025","956pm",12859,1340,0,0,0,0,1196.43,143.57,0,0,1340
"2 Jul 2025","1137am",12860,0,0,0,0,0,0,0,0,0,0
"2 Jul 2025","1138am",12861,220,0,0,0,0,196.43,23.57,0,0,220
"2 Jul 2025","1157am",12862,300,0,0,35.71,0,89.29,10.71,142.86,0,242.86
"2 Jul 2025","1217pm",12863,320,0,0,0,0,285.71,34.29,0,0,320
"2 Jul 2025","1224pm",12864,630,0,0,0,0,562.5,67.5,0,0,630
"2 Jul 2025","1226pm",12865,180,0,0,0,0,160.71,19.29,0,0,180
"2 Jul 2025","1229pm",12866,200,0,0,0,0,178.57,21.43,0,0,200
"2 Jul 2025","1232pm",12867,160,0,0,0,0,142.86,17.14,0,0,160
"2 Jul 2025","1233pm",12868,430,0,0,0,0,383.93,46.07,0,0,430
"2 Jul 2025","1237pm",12869,180,0,0,0,0,160.71,19.29,0,0,180
"2 Jul 2025","1241pm",12870,220,0,0,0,0,196.43,23.57,0,0,220
"2 Jul 2025","1251pm",12871,180,0,0,0,0,160.71,19.29,0,0,180
"2 Jul 2025","1253pm",12872,240,0,0,0,0,214.29,25.71,0,0,240
"2 Jul 2025","1259pm",12873,290,0,0,0,0,258.93,31.07,0,0,290
"2 Jul 2025","102pm",12874,360,0,0,0,0,321.43,38.57,0,0,360
"2 Jul 2025","109pm",12875,120,0,0,21.43,0,0,0,85.71,0,85.71
"2 Jul 2025","111pm",12876,230,0,0,0,0,205.36,24.64,0,0,230
"2 Jul 2025","114pm",12877,200,0,0,35.71,0,0,0,142.86,0,142.86
"2 Jul 2025","117pm",12878,200,0,0,0,0,178.57,21.43,0,0,200
"2 Jul 2025","119pm",12879,230,0,0,0,0,205.36,24.64,0,0,230
"2 Jul 2025","121pm",12880,250,0,0,0,0,223.21,26.79,0,0,250
"2 Jul 2025","122pm",12881,220,0,0,0,0,196.43,23.57,0,0,220
"2 Jul 2025","123pm",12882,240,0,0,0,0,214.29,25.71,0,0,240
"2 Jul 2025","132pm",12883,220,0,0,39.29,0,0,0,157.14,0,157.14
"2 Jul 2025","142pm",12884,200,0,0,0,0,178.57,21.43,0,0,200
"2 Jul 2025","147pm",12885,270,0,0,0,0,241.07,28.93,0,0,270
"2 Jul 2025","204pm",12886,220,0,0,0,0,196.43,23.57,0,0,220
"2 Jul 2025","220pm",12887,480,0,0,0,0,428.57,51.43,0,0,480
"2 Jul 2025","234pm",12888,200,0,0,0,0,178.57,21.43,0,0,200
"2 Jul 2025","237pm",12889,240,0,0,0,0,214.29,25.71,0,0,240
"2 Jul 2025","237pm",12890,50,0,0,0,0,44.64,5.36,0,0,50
"2 Jul 2025","238pm",12891,230,0,0,0,0,205.36,24.64,0,0,230
"2 Jul 2025","242pm",12892,200,0,0,0,0,178.57,21.43,0,0,200
"2 Jul 2025","243pm",12893,120,0,0,0,0,107.14,12.86,0,0,120
"2 Jul 2025","247pm",12894,270,0,0,0,0,241.07,28.93,0,0,270
"2 Jul 2025","257pm",12895,180,0,0,0,0,160.71,19.29,0,0,180
"2 Jul 2025","303pm",12896,300,0,0,0,0,267.86,32.14,0,0,300
"2 Jul 2025","304pm",12897,270,0,0,0,0,241.07,28.93,0,0,270
"2 Jul 2025","312pm",12898,220,0,0,0,0,196.43,23.57,0,0,220
"2 Jul 2025","315pm",12899,180,0,0,0,0,160.71,19.29,0,0,180
"2 Jul 2025","319pm",12900,220,0,0,0,0,196.43,23.57,0,0,220
"2 Jul 2025","320pm",12901,50,0,0,0,0,44.64,5.36,0,0,50
"2 Jul 2025","329pm",12902,240,0,0,0,0,214.29,25.71,0,0,240
"2 Jul 2025","334pm",12903,200,0,0,0,0,178.57,21.43,0,0,200
"2 Jul 2025","336pm",12904,290,0,0,0,0,258.93,31.07,0,0,290
"2 Jul 2025","404pm",12905,120,0,0,0,0,107.14,12.86,0,0,120
"2 Jul 2025","411pm",12906,180,0,0,0,0,160.71,19.29,0,0,180
"2 Jul 2025","414pm",12907,730,0,0,0,0,651.79,78.21,0,0,730
"2 Jul 2025","430pm",12908,280,0,0,32.14,0,89.29,10.71,128.57,0,228.57
"2 Jul 2025","451pm",12909,200,0,0,0,0,178.57,21.43,0,0,200
"2 Jul 2025","505pm",12910,250,0,0,0,0,223.21,26.79,0,0,250
"2 Jul 2025","509pm",12911,270,0,0,0,0,241.07,28.93,0,0,270
"2 Jul 2025","515pm",12912,270,0,0,39.29,0,44.64,5.36,157.14,0,207.14
"2 Jul 2025","522pm",12913,250,0,0,0,0,223.21,26.79,0,0,250
"2 Jul 2025","524pm",12914,470,0,35.71,0,0,241.07,28.93,142.86,0,412.86
"2 Jul 2025","526pm",12915,280,0,0,0,0,250,30,0,0,280
"2 Jul 2025","545pm",12916,300,0,0,35.71,0,89.29,10.71,142.86,0,242.86
"2 Jul 2025","633pm",12917,470,0,0,0,0,419.64,50.36,0,0,470
"2 Jul 2025","637pm",12918,530,0,0,0,0,473.21,56.79,0,0,530
"2 Jul 2025","640pm",12919,580,0,0,51.79,0,258.93,31.07,207.14,0,497.14
"2 Jul 2025","650pm",12920,120,0,0,0,0,107.14,12.86,0,0,120
"2 Jul 2025","652pm",12921,610,0,0,0,0,544.64,65.36,0,0,610
"2 Jul 2025","715pm",12922,160,0,0,0,0,142.86,17.14,0,0,160
"2 Jul 2025","751pm",12923,230,0,0,0,0,205.36,24.64,0,0,230
"2 Jul 2025","757pm",12924,240,0,0,0,0,214.29,25.71,0,0,240
"2 Jul 2025","806pm",12925,240,0,0,0,0,214.29,25.71,0,0,240
"2 Jul 2025","819pm",12926,400,0,0,0,0,357.14,42.86,0,0,400
"2 Jul 2025","831pm",12927,200,0,0,0,0,178.57,21.43,0,0,200
"2 Jul 2025","909pm",12928,360,0,0,0,0,321.43,38.57,0,0,360
"2 Jul 2025","912pm",12929,510,0,0,0,0,455.36,54.64,0,0,510
"3 Jul 2025","1124am",12930,340,0,0,0,0,303.57,36.43,0,0,340
"3 Jul 2025","1142am",12931,460,0,0,0,0,410.71,49.29,0,0,460
"3 Jul 2025","1143am",12932,250,0,0,0,0,223.21,26.79,0,0,250
"3 Jul 2025","1145am",12933,200,0,0,0,0,178.57,21.43,0,0,200
"3 Jul 2025","1213pm",12934,200,0,0,35.71,0,0,0,142.86,0,142.86
"3 Jul 2025","1215pm",12935,180,0,0,0,0,160.71,19.29,0,0,180
"3 Jul 2025","1216pm",12936,250,0,0,0,0,223.21,26.79,0,0,250
"3 Jul 2025","1219pm",12937,0,0,0,0,0,0,0,0,0,0
"3 Jul 2025","1224pm",12938,290,0,0,0,0,258.93,31.07,0,0,290
"3 Jul 2025","1232pm",12939,240,0,0,42.86,0,0,0,171.43,0,171.43
"3 Jul 2025","1235pm",12940,510,0,0,48.21,0,214.29,25.71,192.86,0,432.86
"3 Jul 2025","1238pm",12941,360,0,0,0,0,321.43,38.57,0,0,360
"3 Jul 2025","1242pm",12942,200,0,0,0,0,178.57,21.43,0,0,200
"3 Jul 2025","1249pm",12943,290,0,0,0,0,258.93,31.07,0,0,290
"3 Jul 2025","1250pm",12944,290,0,0,0,0,258.93,31.07,0,0,290
"3 Jul 2025","1252pm",12945,230,0,0,0,0,205.36,24.64,0,0,230
"3 Jul 2025","1257pm",12946,480,0,0,0,0,428.57,51.43,0,0,480
"3 Jul 2025","1259pm",12947,240,0,0,0,0,214.29,25.71,0,0,240
"3 Jul 2025","100pm",12948,180,0,0,0,0,160.71,19.29,0,0,180
"3 Jul 2025","103pm",12949,460,10,0,0,0,401.79,48.21,0,0,450
"3 Jul 2025","104pm",12950,220,0,0,0,0,196.43,23.57,0,0,220
"3 Jul 2025","105pm",12951,220,0,0,0,0,196.43,23.57,0,0,220
"3 Jul 2025","115pm",12952,180,0,0,0,0,160.71,19.29,0,0,180
"3 Jul 2025","123pm",12953,270,0,0,0,0,241.07,28.93,0,0,270
"3 Jul 2025","130pm",12954,290,0,0,0,0,258.93,31.07,0,0,290
"3 Jul 2025","134pm",12955,800,0,0,0,0,714.29,85.71,0,0,800
"3 Jul 2025","143pm",12956,290,0,0,0,0,258.93,31.07,0,0,290
"3 Jul 2025","145pm",12957,240,0,0,0,0,214.29,25.71,0,0,240
"3 Jul 2025","200pm",12958,270,0,0,48.21,0,0,0,192.86,0,192.86
"3 Jul 2025","205pm",12959,200,20,0,0,0,160.71,19.29,0,0,180
"3 Jul 2025","206pm",12960,240,0,0,0,0,214.29,25.71,0,0,240
"3 Jul 2025","208pm",12961,220,0,0,0,0,196.43,23.57,0,0,220
"3 Jul 2025","209pm",12962,200,0,0,0,0,178.57,21.43,0,0,200
"3 Jul 2025","211pm",12963,240,0,0,0,0,214.29,25.71,0,0,240
"3 Jul 2025","217pm",12964,520,0,0,0,0,464.29,55.71,0,0,520
"3 Jul 2025","228pm",12965,310,0,0,33.93,0,107.14,12.86,135.71,0,255.71
"3 Jul 2025","230pm",12966,270,0,0,0,0,241.07,28.93,0,0,270
"3 Jul 2025","236pm",12967,240,0,0,42.86,0,0,0,171.43,0,171.43
"3 Jul 2025","241pm",12968,180,0,0,0,0,160.71,19.29,0,0,180
"3 Jul 2025","243pm",12969,300,0,0,0,0,267.86,32.14,0,0,300
"3 Jul 2025","248pm",12970,250,0,0,35.71,0,44.64,5.36,142.86,0,192.86
"3 Jul 2025","301pm",12971,290,0,0,0,0,258.93,31.07,0,0,290
"3 Jul 2025","401pm",12972,180,0,0,0,0,160.71,19.29,0,0,180
"3 Jul 2025","404pm",12973,240,0,0,0,0,214.29,25.71,0,0,240
"3 Jul 2025","411pm",12974,970,0,0,0,0,866.07,103.93,0,0,970
"3 Jul 2025","416pm",12975,280,0,0,0,0,250,30,0,0,280
"3 Jul 2025","419pm",12976,220,0,0,0,0,196.43,23.57,0,0,220
"3 Jul 2025","438pm",12977,290,0,0,0,0,258.93,31.07,0,0,290
"3 Jul 2025","444pm",12978,480,0,0,0,0,428.57,51.43,0,0,480
"3 Jul 2025","446pm",12979,250,0,0,0,0,223.21,26.79,0,0,250
"3 Jul 2025","449pm",12980,270,0,0,0,0,241.07,28.93,0,0,270
"3 Jul 2025","517pm",12981,180,0,0,0,0,160.71,19.29,0,0,180
"3 Jul 2025","521pm",12982,180,0,0,0,0,160.71,19.29,0,0,180
"3 Jul 2025","528pm",12983,230,0,0,0,0,205.36,24.64,0,0,230
"3 Jul 2025","530pm",12984,200,0,0,0,0,178.57,21.43,0,0,200
"3 Jul 2025","533pm",12985,290,0,0,42.86,0,44.64,5.36,171.43,0,221.43
"3 Jul 2025","535pm",12986,240,0,0,0,0,214.29,25.71,0,0,240
"3 Jul 2025","537pm",12987,270,0,0,39.29,0,44.64,5.36,157.14,0,207.14
"3 Jul 2025","546pm",12988,250,0,0,0,0,223.21,26.79,0,0,250
"3 Jul 2025","619pm",12989,450,0,0,0,0,401.79,48.21,0,0,450
"3 Jul 2025","621pm",12990,180,0,0,0,0,160.71,19.29,0,0,180
"3 Jul 2025","627pm",12991,270,0,0,0,0,241.07,28.93,0,0,270
"3 Jul 2025","631pm",12992,810,0,0,0,0,723.21,86.79,0,0,810
"3 Jul 2025","639pm",12993,610,0,0,0,0,544.64,65.36,0,0,610
"3 Jul 2025","656pm",12994,270,0,0,0,0,241.07,28.93,0,0,270
"3 Jul 2025","658pm",12995,380,0,0,0,0,339.29,40.71,0,0,380
"3 Jul 2025","700pm",12996,200,0,0,0,0,178.57,21.43,0,0,200
"3 Jul 2025","735pm",12997,190,0,0,0,0,169.64,20.36,0,0,190
"3 Jul 2025","739pm",12998,400,0,0,0,0,357.14,42.86,0,0,400
"3 Jul 2025","805pm",12999,300,0,0,0,0,267.86,32.14,0,0,300
"3 Jul 2025","808pm",13000,280,0,0,0,0,250,30,0,0,280
"3 Jul 2025","906pm",13001,3050,0,0,0,0,2723.21,326.79,0,0,3050
"3 Jul 2025","907pm",13002,490,0,87.5,0,0,0,0,350,0,350
"3 Jul 2025","909pm",13003,180,0,0,0,0,160.71,19.29,0,0,180
"3 Jul 2025","1029pm",13004,290,0,0,0,0,258.93,31.07,0,0,290
"4 Jul 2025","1014am",13005,680,0,0,0,0,607.14,72.86,0,0,680
"4 Jul 2025","1102am",13006,250,0,0,0,0,223.21,26.79,0,0,250
"4 Jul 2025","1128am",13007,240,0,0,0,0,214.29,25.71,0,0,240
"4 Jul 2025","1136am",13008,290,0,0,0,0,258.93,31.07,0,0,290
"4 Jul 2025","1152am",13009,270,0,0,0,0,241.07,28.93,0,0,270
"4 Jul 2025","1221pm",13010,530,0,0,0,0,473.21,56.79,0,0,530
"4 Jul 2025","1222pm",13011,360,0,0,0,0,321.43,38.57,0,0,360
"4 Jul 2025","1226pm",13012,200,0,0,0,0,178.57,21.43,0,0,200
"4 Jul 2025","1227pm",13013,200,0,0,0,0,178.57,21.43,0,0,200
"4 Jul 2025","1232pm",13014,650,0,0,0,0,580.36,69.64,0,0,650
"4 Jul 2025","1236pm",13015,250,0,0,0,0,223.21,26.79,0,0,250
"4 Jul 2025","1241pm",13016,250,0,0,0,0,223.21,26.79,0,0,250
"4 Jul 2025","1244pm",13017,490,0,0,0,0,437.5,52.5,0,0,490
"4 Jul 2025","1255pm",13018,220,0,0,0,0,196.43,23.57,0,0,220
"4 Jul 2025","1256pm",13019,480,0,0,0,0,428.57,51.43,0,0,480
"4 Jul 2025","100pm",13020,140,0,0,0,0,125,15,0,0,140
"4 Jul 2025","104pm",13021,430,0,0,0,0,383.93,46.07,0,0,430
"4 Jul 2025","105pm",13022,200,0,0,0,0,178.57,21.43,0,0,200
"4 Jul 2025","106pm",13023,180,0,0,0,0,160.71,19.29,0,0,180
"4 Jul 2025","108pm",13024,200,0,0,0,0,178.57,21.43,0,0,200
"4 Jul 2025","109pm",13025,200,0,0,0,0,178.57,21.43,0,0,200
"4 Jul 2025","111pm",13026,200,0,0,0,0,178.57,21.43,0,0,200
"4 Jul 2025","114pm",13027,800,0,0,42.86,0,500,60,171.43,0,731.43
"4 Jul 2025","125pm",13028,270,0,0,0,0,241.07,28.93,0,0,270
"4 Jul 2025","129pm",13029,240,0,0,0,0,214.29,25.71,0,0,240
"4 Jul 2025","132pm",13030,470,0,0,0,0,419.64,50.36,0,0,470
"4 Jul 2025","136pm",13031,220,22,0,0,0,176.79,21.21,0,0,198
"4 Jul 2025","157pm",13032,250,0,0,0,0,223.21,26.79,0,0,250
"4 Jul 2025","159pm",13033,250,0,0,0,0,223.21,26.79,0,0,250
"4 Jul 2025","200pm",13034,1860,0,0,0,0,1660.71,199.29,0,0,1860
"4 Jul 2025","201pm",13035,250,0,0,0,0,223.21,26.79,0,0,250
"4 Jul 2025","204pm",13036,290,0,42.86,0,0,44.64,5.36,171.43,0,221.43
"4 Jul 2025","214pm",13037,760,0,0,51.79,0,419.64,50.36,207.14,0,677.14
"4 Jul 2025","217pm",13038,580,0,0,0,0,517.86,62.14,0,0,580
"4 Jul 2025","218pm",13039,230,0,0,0,0,205.36,24.64,0,0,230
"4 Jul 2025","219pm",13040,300,0,0,0,0,267.86,32.14,0,0,300
"4 Jul 2025","220pm",13041,50,0,0,0,0,44.64,5.36,0,0,50
"4 Jul 2025","221pm",13042,240,0,0,0,0,214.29,25.71,0,0,240
"4 Jul 2025","222pm",13043,220,0,0,0,0,196.43,23.57,0,0,220
"4 Jul 2025","226pm",13044,230,0,0,41.07,0,0,0,164.29,0,164.29
"4 Jul 2025","238pm",13045,520,0,0,0,0,464.29,55.71,0,0,520
"4 Jul 2025","245pm",13046,270,0,0,0,0,241.07,28.93,0,0,270
"4 Jul 2025","247pm",13047,680,0,0,0,0,607.14,72.86,0,0,680
"4 Jul 2025","249pm",13048,180,0,0,0,0,160.71,19.29,0,0,180
"4 Jul 2025","250pm",13049,160,0,0,0,0,142.86,17.14,0,0,160
"4 Jul 2025","252pm",13050,240,0,0,0,0,214.29,25.71,0,0,240
"4 Jul 2025","256pm",13051,210,0,0,0,0,187.5,22.5,0,0,210
"4 Jul 2025","301pm",13052,250,0,0,0,0,223.21,26.79,0,0,250
"4 Jul 2025","309pm",13053,220,0,0,0,0,196.43,23.57,0,0,220
"4 Jul 2025","312pm",13054,230,0,0,0,0,205.36,24.64,0,0,230
"4 Jul 2025","313pm",13055,220,0,0,39.29,0,0,0,157.14,0,157.14
"4 Jul 2025","403pm",13056,180,0,0,0,0,160.71,19.29,0,0,180
"4 Jul 2025","406pm",13057,270,0,0,39.29,0,44.64,5.36,157.14,0,207.14
"4 Jul 2025","409pm",13058,580,0,0,0,0,517.86,62.14,0,0,580
"4 Jul 2025","415pm",13059,500,0,0,48.21,0,205.36,24.64,192.86,0,422.86
"4 Jul 2025","417pm",13060,180,0,0,0,0,160.71,19.29,0,0,180
"4 Jul 2025","419pm",13061,220,0,0,0,0,196.43,23.57,0,0,220
"4 Jul 2025","432pm",13062,180,0,0,32.14,0,0,0,128.57,0,128.57
"4 Jul 2025","436pm",13063,250,0,0,44.64,0,0,0,178.57,0,178.57
"4 Jul 2025","438pm",13064,180,0,0,0,0,160.71,19.29,0,0,180
"4 Jul 2025","445pm",13065,170,0,0,0,0,151.79,18.21,0,0,170
"4 Jul 2025","449pm",13066,270,0,0,0,0,241.07,28.93,0,0,270
"4 Jul 2025","452pm",13067,490,0,0,0,0,437.5,52.5,0,0,490
"4 Jul 2025","454pm",13068,240,0,0,42.86,0,0,0,171.43,0,171.43
"4 Jul 2025","455pm",13069,200,0,0,0,0,178.57,21.43,0,0,200
"4 Jul 2025","457pm",13070,250,0,0,0,0,223.21,26.79,0,0,250
"4 Jul 2025","502pm",13071,180,0,0,0,0,160.71,19.29,0,0,180
"4 Jul 2025","515pm",13072,240,0,0,0,0,214.29,25.71,0,0,240
"4 Jul 2025","526pm",13073,160,0,0,0,0,142.86,17.14,0,0,160
"4 Jul 2025","529pm",13074,230,0,0,0,0,205.36,24.64,0,0,230
"4 Jul 2025","530pm",13075,200,0,0,0,0,178.57,21.43,0,0,200
"4 Jul 2025","534pm",13076,270,0,0,48.21,0,0,0,192.86,0,192.86
"4 Jul 2025","543pm",13077,180,0,0,0,0,160.71,19.29,0,0,180
"4 Jul 2025","547pm",13078,140,0,0,0,0,125,15,0,0,140
"4 Jul 2025","555pm",13079,270,0,0,0,0,241.07,28.93,0,0,270
"4 Jul 2025","608pm",13080,180,0,0,0,0,160.71,19.29,0,0,180
"4 Jul 2025","614pm",13081,200,0,0,0,0,178.57,21.43,0,0,200
"4 Jul 2025","627pm",13082,200,0,0,0,0,178.57,21.43,0,0,200
"4 Jul 2025","630pm",13083,210,0,0,0,0,187.5,22.5,0,0,210
"4 Jul 2025","638pm",13084,220,0,0,0,0,196.43,23.57,0,0,220
"4 Jul 2025","639pm",13085,180,0,0,0,0,160.71,19.29,0,0,180
"4 Jul 2025","641pm",13086,290,0,0,0,0,258.93,31.07,0,0,290
"4 Jul 2025","724pm",13087,360,0,0,0,0,321.43,38.57,0,0,360
"4 Jul 2025","729pm",13088,680,0,0,0,0,607.14,72.86,0,0,680
"4 Jul 2025","730pm",13089,200,0,0,0,0,178.57,21.43,0,0,200
"4 Jul 2025","732pm",13090,400,0,0,0,0,357.14,42.86,0,0,400
"4 Jul 2025","754pm",13091,1420,0,0,0,0,1267.86,152.14,0,0,1420
"4 Jul 2025","806pm",13092,220,0,0,0,0,196.43,23.57,0,0,220
"4 Jul 2025","811pm",13093,240,0,0,0,0,214.29,25.71,0,0,240
"4 Jul 2025","820pm",13094,290,0,0,0,0,258.93,31.07,0,0,290
"4 Jul 2025","827pm",13095,270,0,0,0,0,241.07,28.93,0,0,270
"4 Jul 2025","844pm",13096,200,0,0,0,0,178.57,21.43,0,0,200
"4 Jul 2025","857pm",13097,140,0,0,0,0,125,15,0,0,140
"4 Jul 2025","906pm",13098,240,0,0,0,0,214.29,25.71,0,0,240
"4 Jul 2025","908pm",13099,180,0,0,0,0,160.71,19.29,0,0,180
"4 Jul 2025","920pm",13100,220,0,0,0,0,196.43,23.57,0,0,220
"5 Jul 2025","1031am",13101,230,0,0,41.07,0,0,0,164.29,0,164.29
"5 Jul 2025","1106am",13102,230,0,0,41.07,0,0,0,164.29,0,164.29
"5 Jul 2025","1143am",13103,140,0,0,0,0,125,15,0,0,140
"5 Jul 2025","1144am",13104,400,0,0,0,0,357.14,42.86,0,0,400
"5 Jul 2025","1157am",13105,180,0,0,0,0,160.71,19.29,0,0,180
"5 Jul 2025","1213pm",13106,200,0,0,0,0,178.57,21.43,0,0,200
"5 Jul 2025","1214pm",13107,240,0,0,0,0,214.29,25.71,0,0,240
"5 Jul 2025","1226pm",13108,180,0,0,32.14,0,0,0,128.57,0,128.57
"5 Jul 2025","1242pm",13109,360,0,0,0,0,321.43,38.57,0,0,360
"5 Jul 2025","1259pm",13110,180,0,0,32.14,0,0,0,128.57,0,128.57
"5 Jul 2025","102pm",13111,220,0,0,0,0,196.43,23.57,0,0,220
"5 Jul 2025","103pm",13112,240,0,0,0,0,214.29,25.71,0,0,240
"5 Jul 2025","121pm",13113,480,0,0,0,0,428.57,51.43,0,0,480
"5 Jul 2025","130pm",13114,250,0,0,0,0,223.21,26.79,0,0,250
"5 Jul 2025","132pm",13115,180,0,0,0,0,160.71,19.29,0,0,180
"5 Jul 2025","144pm",13116,180,0,0,0,0,160.71,19.29,0,0,180
"5 Jul 2025","146pm",13117,240,0,0,0,0,214.29,25.71,0,0,240
"5 Jul 2025","147pm",13118,280,0,0,0,0,250,30,0,0,280
"5 Jul 2025","153pm",13119,200,0,0,0,0,178.57,21.43,0,0,200
"5 Jul 2025","154pm",13120,140,0,0,0,0,125,15,0,0,140
"5 Jul 2025","157pm",13121,970,0,0,0,0,866.07,103.93,0,0,970
"5 Jul 2025","159pm",13122,280,0,0,50,0,0,0,200,0,200
"5 Jul 2025","202pm",13123,290,0,0,0,0,258.93,31.07,0,0,290
"5 Jul 2025","204pm",13124,440,0,0,0,0,392.86,47.14,0,0,440
"5 Jul 2025","205pm",13125,490,0,0,0,0,437.5,52.5,0,0,490
"5 Jul 2025","208pm",13126,200,0,0,35.71,0,0,0,142.86,0,142.86
"5 Jul 2025","217pm",13127,660,0,0,0,0,589.29,70.71,0,0,660
"5 Jul 2025","219pm",13128,610,0,0,0,0,544.64,65.36,0,0,610
"5 Jul 2025","220pm",13129,240,0,0,0,0,214.29,25.71,0,0,240
"5 Jul 2025","224pm",13130,270,0,0,0,0,241.07,28.93,0,0,270
"5 Jul 2025","228pm",13131,640,0,0,48.21,0,330.36,39.64,192.86,0,562.86
"5 Jul 2025","235pm",13132,530,0,0,0,0,473.21,56.79,0,0,530
"5 Jul 2025","240pm",13133,270,0,0,0,0,241.07,28.93,0,0,270
"5 Jul 2025","251pm",13134,840,0,30.36,0,0,598.21,71.79,121.43,0,791.43
"5 Jul 2025","253pm",13135,220,0,39.29,0,0,0,0,157.14,0,157.14
"5 Jul 2025","302pm",13136,240,0,0,0,0,214.29,25.71,0,0,240
"5 Jul 2025","312pm",13137,360,0,0,64.29,0,0,0,257.14,0,257.14
"5 Jul 2025","319pm",13138,250,0,0,0,0,223.21,26.79,0,0,250
"5 Jul 2025","323pm",13139,400,0,0,0,0,357.14,42.86,0,0,400
"5 Jul 2025","337pm",13140,460,0,0,0,0,410.71,49.29,0,0,460
"5 Jul 2025","340pm",13141,680,0,0,0,0,607.14,72.86,0,0,680
"5 Jul 2025","352pm",13142,670,0,0,0,0,598.21,71.79,0,0,670
"5 Jul 2025","354pm",13143,250,0,0,0,0,223.21,26.79,0,0,250
"5 Jul 2025","356pm",13144,270,0,48.21,0,0,0,0,192.86,0,192.86
"5 Jul 2025","358pm",13145,270,0,0,0,0,241.07,28.93,0,0,270
"5 Jul 2025","402pm",13146,220,0,0,0,0,196.43,23.57,0,0,220
"5 Jul 2025","403pm",13147,180,0,0,0,0,160.71,19.29,0,0,180
"5 Jul 2025","420pm",13148,200,0,0,0,0,178.57,21.43,0,0,200
"5 Jul 2025","423pm",13149,200,0,0,35.71,0,0,0,142.86,0,142.86
"5 Jul 2025","429pm",13150,500,0,0,0,0,446.43,53.57,0,0,500
"5 Jul 2025","430pm",13151,240,0,0,0,0,214.29,25.71,0,0,240
"5 Jul 2025","432pm",13152,250,0,0,0,0,223.21,26.79,0,0,250
"5 Jul 2025","438pm",13153,270,0,0,0,0,241.07,28.93,0,0,270
"5 Jul 2025","441pm",13154,240,0,0,42.86,0,0,0,171.43,0,171.43
"5 Jul 2025","447pm",13155,270,0,0,0,0,241.07,28.93,0,0,270
"5 Jul 2025","453pm",13156,240,0,0,0,0,214.29,25.71,0,0,240
"5 Jul 2025","500pm",13157,660,0,0,0,0,589.29,70.71,0,0,660
"5 Jul 2025","514pm",13158,240,0,0,0,0,214.29,25.71,0,0,240
"5 Jul 2025","517pm",13159,240,0,0,42.86,0,0,0,171.43,0,171.43
"5 Jul 2025","537pm",13160,230,230,0,0,0,0,0,0,0,0
"5 Jul 2025","539pm",13161,470,0,0,0,0,419.64,50.36,0,0,470
"5 Jul 2025","550pm",13162,250,0,0,0,0,223.21,26.79,0,0,250
"5 Jul 2025","551pm",13163,520,0,0,0,0,464.29,55.71,0,0,520
"5 Jul 2025","556pm",13164,340,0,0,0,0,303.57,36.43,0,0,340
"5 Jul 2025","601pm",13165,390,0,32.14,0,0,187.5,22.5,128.57,0,338.57
"5 Jul 2025","602pm",13166,240,0,0,0,0,214.29,25.71,0,0,240
"5 Jul 2025","611pm",13167,180,0,0,0,0,160.71,19.29,0,0,180
"5 Jul 2025","615pm",13168,230,0,32.14,0,0,44.64,5.36,128.57,0,178.57
"5 Jul 2025","620pm",13169,220,0,0,0,0,196.43,23.57,0,0,220
"5 Jul 2025","700pm",13170,460,0,0,0,0,410.71,49.29,0,0,460
"5 Jul 2025","712pm",13171,270,0,0,0,0,241.07,28.93,0,0,270
"5 Jul 2025","717pm",13172,220,0,0,0,0,196.43,23.57,0,0,220
"5 Jul 2025","720pm",13173,190,0,0,0,0,169.64,20.36,0,0,190
"5 Jul 2025","721pm",13174,230,0,0,0,0,205.36,24.64,0,0,230
"5 Jul 2025","747pm",13175,400,0,35.71,0,0,178.57,21.43,142.86,0,342.86
"5 Jul 2025","755pm",13176,250,0,0,44.64,0,0,0,178.57,0,178.57
"5 Jul 2025","815pm",13177,510,0,0,0,0,455.36,54.64,0,0,510
"5 Jul 2025","830pm",13178,2220,0,0,0,0,1982.14,237.86,0,0,2220
"5 Jul 2025","833pm",13179,560,0,0,42.86,0,285.71,34.29,171.43,0,491.43
"5 Jul 2025","840pm",13180,500,0,0,44.64,0,223.21,26.79,178.57,0,428.57
"5 Jul 2025","903pm",13181,290,0,0,0,0,258.93,31.07,0,0,290
"6 Jul 2025","1005am",13182,300,0,0,0,0,267.86,32.14,0,0,300
"6 Jul 2025","1040am",13183,350,0,0,0,0,312.5,37.5,0,0,350
"6 Jul 2025","1118am",13184,240,0,0,0,0,214.29,25.71,0,0,240
"6 Jul 2025","1130am",13185,240,0,0,0,0,214.29,25.71,0,0,240
"6 Jul 2025","1148am",13186,250,0,0,0,0,223.21,26.79,0,0,250
"6 Jul 2025","1152am",13187,240,0,0,0,0,214.29,25.71,0,0,240
"6 Jul 2025","1209pm",13188,250,0,0,0,0,223.21,26.79,0,0,250
"6 Jul 2025","1210pm",13189,480,0,0,0,0,428.57,51.43,0,0,480
"6 Jul 2025","1226pm",13190,1230,0,0,0,0,1098.21,131.79,0,0,1230
"6 Jul 2025","1229pm",13191,730,0,0,0,0,651.79,78.21,0,0,730
"6 Jul 2025","1237pm",13192,400,0,0,0,0,357.14,42.86,0,0,400
"6 Jul 2025","1246pm",13193,200,0,0,0,0,178.57,21.43,0,0,200
"6 Jul 2025","103pm",13194,200,0,0,0,0,178.57,21.43,0,0,200
"6 Jul 2025","112pm",13195,290,0,0,0,0,258.93,31.07,0,0,290
"6 Jul 2025","117pm",13196,410,0,0,0,0,366.07,43.93,0,0,410
"6 Jul 2025","128pm",13197,220,0,39.29,0,0,0,0,157.14,0,157.14
"6 Jul 2025","130pm",13198,250,0,0,0,0,223.21,26.79,0,0,250
"6 Jul 2025","147pm",13199,200,0,0,0,0,178.57,21.43,0,0,200
"6 Jul 2025","151pm",13200,0,0,0,0,0,0,0,0,0,0
"6 Jul 2025","152pm",13201,480,0,0,0,0,428.57,51.43,0,0,480
"6 Jul 2025","154pm",13202,240,0,0,0,0,214.29,25.71,0,0,240
"6 Jul 2025","155pm",13203,250,0,0,0,0,223.21,26.79,0,0,250
"6 Jul 2025","201pm",13204,340,0,0,0,0,303.57,36.43,0,0,340
"6 Jul 2025","216pm",13205,500,0,0,0,0,446.43,53.57,0,0,500
"6 Jul 2025","217pm",13206,270,0,0,0,0,241.07,28.93,0,0,270
"6 Jul 2025","221pm",13207,770,0,0,0,0,687.5,82.5,0,0,770
"6 Jul 2025","227pm",13208,290,0,0,0,0,258.93,31.07,0,0,290
"6 Jul 2025","231pm",13209,290,0,0,42.86,0,44.64,5.36,171.43,0,221.43
"6 Jul 2025","232pm",13210,180,0,0,0,0,160.71,19.29,0,0,180
"6 Jul 2025","240pm",13211,360,0,0,0,0,321.43,38.57,0,0,360
"6 Jul 2025","242pm",13212,540,0,0,0,0,482.14,57.86,0,0,540
"6 Jul 2025","245pm",13213,240,0,0,0,0,214.29,25.71,0,0,240
"6 Jul 2025","249pm",13214,650,0,0,0,0,580.36,69.64,0,0,650
"6 Jul 2025","253pm",13215,200,0,0,0,0,178.57,21.43,0,0,200
"6 Jul 2025","306pm",13216,270,0,0,0,0,241.07,28.93,0,0,270
"6 Jul 2025","313pm",13217,240,0,0,0,0,214.29,25.71,0,0,240
"6 Jul 2025","316pm",13218,220,0,0,0,0,196.43,23.57,0,0,220
"6 Jul 2025","319pm",13219,290,0,0,0,0,258.93,31.07,0,0,290
"6 Jul 2025","325pm",13220,290,0,0,0,0,258.93,31.07,0,0,290
"6 Jul 2025","333pm",13221,240,0,0,0,0,214.29,25.71,0,0,240
"6 Jul 2025","335pm",13222,200,0,0,0,0,178.57,21.43,0,0,200
"6 Jul 2025","339pm",13223,380,0,0,0,0,339.29,40.71,0,0,380
"6 Jul 2025","347pm",13224,500,0,0,0,0,446.43,53.57,0,0,500
"6 Jul 2025","350pm",13225,510,0,0,0,0,455.36,54.64,0,0,510
"6 Jul 2025","352pm",13226,250,0,0,0,0,223.21,26.79,0,0,250
"6 Jul 2025","355pm",13227,550,0,0,0,0,491.07,58.93,0,0,550
"6 Jul 2025","402pm",13228,460,0,0,0,0,410.71,49.29,0,0,460
"6 Jul 2025","406pm",13229,480,0,0,0,0,428.57,51.43,0,0,480
"6 Jul 2025","410pm",13230,500,0,0,0,0,446.43,53.57,0,0,500
"6 Jul 2025","414pm",13231,440,0,0,42.86,0,178.57,21.43,171.43,0,371.43
"6 Jul 2025","419pm",13232,220,0,0,0,0,196.43,23.57,0,0,220
"6 Jul 2025","419pm",13233,220,0,0,0,0,196.43,23.57,0,0,220
"6 Jul 2025","421pm",13234,280,0,0,0,0,250,30,0,0,280
"6 Jul 2025","423pm",13235,160,0,0,0,0,142.86,17.14,0,0,160
"6 Jul 2025","425pm",13236,520,0,0,0,0,464.29,55.71,0,0,520
"6 Jul 2025","432pm",13237,220,0,0,0,0,196.43,23.57,0,0,220
"6 Jul 2025","434pm",13238,250,0,0,0,0,223.21,26.79,0,0,250
"6 Jul 2025","445pm",13239,270,0,0,0,0,241.07,28.93,0,0,270
"6 Jul 2025","452pm",13240,510,0,0,0,0,455.36,54.64,0,0,510
"6 Jul 2025","503pm",13241,240,0,0,0,0,214.29,25.71,0,0,240
"6 Jul 2025","506pm",13242,500,0,0,0,0,446.43,53.57,0,0,500
"6 Jul 2025","508pm",13243,180,0,0,0,0,160.71,19.29,0,0,180
"6 Jul 2025","511pm",13244,160,0,0,0,0,142.86,17.14,0,0,160
"6 Jul 2025","513pm",13245,300,0,0,0,0,267.86,32.14,0,0,300
"6 Jul 2025","515pm",13246,220,0,0,0,0,196.43,23.57,0,0,220
"6 Jul 2025","519pm",13247,180,0,32.14,0,0,0,0,128.57,0,128.57
"6 Jul 2025","520pm",13248,290,0,0,51.79,0,0,0,207.14,0,207.14
"6 Jul 2025","531pm",13249,200,0,0,0,0,178.57,21.43,0,0,200
"6 Jul 2025","536pm",13250,270,0,0,0,0,241.07,28.93,0,0,270
"6 Jul 2025","541pm",13251,270,0,0,0,0,241.07,28.93,0,0,270
"6 Jul 2025","552pm",13252,300,0,0,35.71,0,89.29,10.71,142.86,0,242.86
"6 Jul 2025","557pm",13253,290,0,0,0,0,258.93,31.07,0,0,290
"6 Jul 2025","613pm",13254,200,0,0,0,0,178.57,21.43,0,0,200
"6 Jul 2025","633pm",13255,220,0,0,0,0,196.43,23.57,0,0,220
"6 Jul 2025","635pm",13256,470,0,0,0,0,419.64,50.36,0,0,470
"6 Jul 2025","641pm",13257,300,0,0,0,0,267.86,32.14,0,0,300
"6 Jul 2025","645pm",13258,570,0,0,44.64,0,285.71,34.29,178.57,0,498.57
"6 Jul 2025","707pm",13259,3420,0,0,0,0,3053.57,366.43,0,0,3420
"6 Jul 2025","715pm",13260,230,0,0,0,0,205.36,24.64,0,0,230
"6 Jul 2025","723pm",13261,390,0,69.64,0,0,0,0,278.58,0,278.58
"6 Jul 2025","730pm",13262,530,0,0,0,0,473.21,56.79,0,0,530
"6 Jul 2025","736pm",13263,270,0,0,0,0,241.07,28.93,0,0,270
"6 Jul 2025","739pm",13264,510,0,0,42.86,0,241.07,28.93,171.43,0,441.43
"6 Jul 2025","747pm",13265,220,0,0,0,0,196.43,23.57,0,0,220
"6 Jul 2025","758pm",13266,240,0,0,0,0,214.29,25.71,0,0,240
"6 Jul 2025","800pm",13267,340,0,0,0,0,303.57,36.43,0,0,340
"6 Jul 2025","802pm",13268,230,0,0,0,0,205.36,24.64,0,0,230
"6 Jul 2025","846pm",13269,0,0,0,0,0,0,0,0,0,0
"6 Jul 2025","850pm",13270,340,0,0,0,0,303.57,36.43,0,0,340
"6 Jul 2025","931pm",13271,300,0,0,0,0,267.86,32.14,0,0,300
"6 Jul 2025","1008pm",13272,240,0,42.86,0,0,0,0,171.43,0,171.43
"7 Jul 2025","1024am",13273,220,0,0,0,0,196.43,23.57,0,0,220
"7 Jul 2025","1050am",13274,260,0,0,0,0,232.14,27.86,0,0,260
"7 Jul 2025","1112am",13275,230,0,0,0,0,205.36,24.64,0,0,230
"7 Jul 2025","1117am",13276,0,0,0,0,0,0,0,0,0,0
"7 Jul 2025","1147am",13277,220,0,0,0,0,196.43,23.57,0,0,220
"7 Jul 2025","1159am",13278,730,0,51.79,48.21,0,151.79,18.21,400,0,570
"7 Jul 2025","1222pm",13279,540,0,0,0,0,482.14,57.86,0,0,540
"7 Jul 2025","1241pm",13280,180,0,0,0,0,160.71,19.29,0,0,180
"7 Jul 2025","1243pm",13281,240,0,0,42.86,0,0,0,171.43,0,171.43
"7 Jul 2025","1246pm",13282,580,0,0,0,0,517.86,62.14,0,0,580
"7 Jul 2025","1248pm",13283,50,0,0,0,0,44.64,5.36,0,0,50
"7 Jul 2025","1251pm",13284,180,0,0,0,0,160.71,19.29,0,0,180
"7 Jul 2025","1253pm",13285,240,0,0,0,0,214.29,25.71,0,0,240
"7 Jul 2025","1257pm",13286,180,0,0,0,0,160.71,19.29,0,0,180
"7 Jul 2025","1258pm",13287,180,0,0,0,0,160.71,19.29,0,0,180
"7 Jul 2025","100pm",13288,250,0,0,35.71,0,44.64,5.36,142.86,0,192.86
"7 Jul 2025","101pm",13289,220,0,0,0,0,196.43,23.57,0,0,220
"7 Jul 2025","103pm",13290,240,24,0,0,0,192.86,23.14,0,0,216
"7 Jul 2025","108pm",13291,250,0,0,0,0,223.21,26.79,0,0,250
"7 Jul 2025","112pm",13292,290,0,0,51.79,0,0,0,207.14,0,207.14
"7 Jul 2025","114pm",13293,530,0,0,0,0,473.21,56.79,0,0,530
"7 Jul 2025","117pm",13294,210,0,0,0,0,187.5,22.5,0,0,210
"7 Jul 2025","119pm",13295,0,0,0,0,0,0,0,0,0,0
"7 Jul 2025","122pm",13296,280,0,0,0,0,250,30,0,0,280
"7 Jul 2025","124pm",13297,180,0,0,0,0,160.71,19.29,0,0,180
"7 Jul 2025","128pm",13298,430,0,0,0,0,383.93,46.07,0,0,430
"7 Jul 2025","137pm",13299,240,0,0,42.86,0,0,0,171.43,0,171.43
"7 Jul 2025","142pm",13300,2580,0,0,0,0,2303.57,276.43,0,0,2580
"7 Jul 2025","144pm",13301,400,0,0,0,0,357.14,42.86,0,0,400
"7 Jul 2025","148pm",13302,240,0,0,0,0,214.29,25.71,0,0,240
"7 Jul 2025","153pm",13303,240,0,0,0,0,214.29,25.71,0,0,240
"7 Jul 2025","200pm",13304,490,0,0,44.64,0,214.29,25.71,178.57,0,418.57
"7 Jul 2025","203pm",13305,230,0,0,0,0,205.36,24.64,0,0,230
"7 Jul 2025","206pm",13306,160,0,0,0,0,142.86,17.14,0,0,160
"7 Jul 2025","219pm",13307,290,0,0,0,0,258.93,31.07,0,0,290
"7 Jul 2025","222pm",13308,0,0,0,0,0,0,0,0,0,0
"7 Jul 2025","223pm",13309,270,0,48.21,0,0,0,0,192.86,0,192.86
"7 Jul 2025","228pm",13310,240,0,0,0,0,214.29,25.71,0,0,240
"7 Jul 2025","230pm",13311,220,0,0,0,0,196.43,23.57,0,0,220
"7 Jul 2025","235pm",13312,200,0,0,0,0,178.57,21.43,0,0,200
"7 Jul 2025","245pm",13313,250,0,0,0,0,223.21,26.79,0,0,250
"7 Jul 2025","253pm",13314,290,0,0,51.79,0,0,0,207.14,0,207.14
"7 Jul 2025","256pm",13315,290,0,0,51.79,0,0,0,207.14,0,207.14
"7 Jul 2025","302pm",13316,290,0,0,0,0,258.93,31.07,0,0,290
"7 Jul 2025","341pm",13317,200,0,0,0,0,178.57,21.43,0,0,200
"7 Jul 2025","342pm",13318,270,0,0,0,0,241.07,28.93,0,0,270
"7 Jul 2025","354pm",13319,410,0,0,0,0,366.07,43.93,0,0,410
"7 Jul 2025","415pm",13320,300,0,0,0,0,267.86,32.14,0,0,300
"7 Jul 2025","426pm",13321,570,0,0,0,0,508.93,61.07,0,0,570
"7 Jul 2025","429pm",13322,200,0,0,0,0,178.57,21.43,0,0,200
"7 Jul 2025","451pm",13323,240,0,0,42.86,0,0,0,171.43,0,171.43
"7 Jul 2025","501pm",13324,710,0,0,0,0,633.93,76.07,0,0,710
"7 Jul 2025","506pm",13325,250,0,0,0,0,223.21,26.79,0,0,250
"7 Jul 2025","550pm",13326,270,0,0,0,0,241.07,28.93,0,0,270
"7 Jul 2025","552pm",13327,250,0,0,0,0,223.21,26.79,0,0,250
"7 Jul 2025","606pm",13328,230,0,0,0,0,205.36,24.64,0,0,230
"7 Jul 2025","609pm",13329,200,0,0,35.71,0,0,0,142.86,0,142.86
"7 Jul 2025","617pm",13330,430,0,0,0,0,383.93,46.07,0,0,430
"7 Jul 2025","630pm",13331,510,0,0,0,0,455.36,54.64,0,0,510
"7 Jul 2025","633pm",13332,270,0,0,0,0,241.07,28.93,0,0,270
"7 Jul 2025","636pm",13333,490,0,0,0,0,437.5,52.5,0,0,490
"7 Jul 2025","657pm",13334,180,0,0,0,0,160.71,19.29,0,0,180
"7 Jul 2025","720pm",13335,530,0,0,0,0,473.21,56.79,0,0,530
"7 Jul 2025","801pm",13336,180,0,0,0,0,160.71,19.29,0,0,180
"7 Jul 2025","802pm",13337,180,0,0,0,0,160.71,19.29,0,0,180
"7 Jul 2025","825pm",13338,180,0,0,0,0,160.71,19.29,0,0,180
"7 Jul 2025","828pm",13339,200,0,0,0,0,178.57,21.43,0,0,200
"7 Jul 2025","848pm",13340,380,0,0,0,0,339.29,40.71,0,0,380
"7 Jul 2025","849pm",13341,200,0,0,0,0,178.57,21.43,0,0,200
"7 Jul 2025","911pm",13342,140,0,0,0,0,125,15,0,0,140
"7 Jul 2025","917pm",13343,460,0,0,0,0,410.71,49.29,0,0,460
"8 Jul 2025","1041am",13344,200,0,0,0,0,178.57,21.43,0,0,200
"8 Jul 2025","1111am",13345,320,0,0,0,0,285.71,34.29,0,0,320
"8 Jul 2025","1116am",13346,0,0,0,0,0,0,0,0,0,0
"8 Jul 2025","1118am",13347,200,0,0,0,0,178.57,21.43,0,0,200
"8 Jul 2025","1121am",13348,240,0,0,42.86,0,0,0,171.43,0,171.43
"8 Jul 2025","1126am",13349,290,0,0,0,0,258.93,31.07,0,0,290
"8 Jul 2025","1129am",13350,420,0,0,0,0,375,45,0,0,420
"8 Jul 2025","1143am",13351,200,0,0,35.71,0,0,0,142.86,0,142.86
"8 Jul 2025","1153am",13352,140,0,0,0,0,125,15,0,0,140
"8 Jul 2025","1156am",13353,200,0,0,0,0,178.57,21.43,0,0,200
"8 Jul 2025","1202pm",13354,240,0,0,0,0,214.29,25.71,0,0,240
"8 Jul 2025","1210pm",13355,230,0,0,0,0,205.36,24.64,0,0,230
"8 Jul 2025","1212pm",13356,260,0,0,0,0,232.14,27.86,0,0,260
"8 Jul 2025","1217pm",13357,220,0,0,39.29,0,0,0,157.14,0,157.14
"8 Jul 2025","1220pm",13358,200,0,0,0,0,178.57,21.43,0,0,200
"8 Jul 2025","1229pm",13359,490,0,0,0,0,437.5,52.5,0,0,490
"8 Jul 2025","1240pm",13360,250,0,0,0,0,223.21,26.79,0,0,250
"8 Jul 2025","1243pm",13361,810,0,0,0,0,723.21,86.79,0,0,810
"8 Jul 2025","1258pm",13362,240,0,0,0,0,214.29,25.71,0,0,240
"8 Jul 2025","100pm",13363,240,0,0,0,0,214.29,25.71,0,0,240
"8 Jul 2025","114pm",13364,510,0,0,0,0,455.36,54.64,0,0,510
"8 Jul 2025","121pm",13365,230,0,0,0,0,205.36,24.64,0,0,230
"8 Jul 2025","123pm",13366,340,0,0,0,0,303.57,36.43,0,0,340
"8 Jul 2025","125pm",13367,170,0,0,0,0,151.79,18.21,0,0,170
"8 Jul 2025","128pm",13368,170,0,0,0,0,151.79,18.21,0,0,170
"8 Jul 2025","141pm",13369,240,0,0,0,0,214.29,25.71,0,0,240
"8 Jul 2025","159pm",13370,180,0,0,0,0,160.71,19.29,0,0,180
"8 Jul 2025","205pm",13371,170,0,0,0,0,151.79,18.21,0,0,170
"8 Jul 2025","209pm",13372,270,0,48.21,0,0,0,0,192.86,0,192.86
"8 Jul 2025","213pm",13373,220,0,0,39.29,0,0,0,157.14,0,157.14
"8 Jul 2025","214pm",13374,240,0,0,42.86,0,0,0,171.43,0,171.43
"8 Jul 2025","250pm",13375,270,0,0,39.29,0,44.64,5.36,157.14,0,207.14
"8 Jul 2025","256pm",13376,410,0,0,0,0,366.07,43.93,0,0,410
"8 Jul 2025","258pm",13377,250,0,0,0,0,223.21,26.79,0,0,250
"8 Jul 2025","259pm",13378,320,0,0,0,0,285.71,34.29,0,0,320
"8 Jul 2025","302pm",13379,220,0,0,39.29,0,0,0,157.14,0,157.14
"8 Jul 2025","309pm",13380,530,0,0,0,0,473.21,56.79,0,0,530
"8 Jul 2025","319pm",13381,180,0,0,0,0,160.71,19.29,0,0,180
"8 Jul 2025","323pm",13382,220,0,0,0,0,196.43,23.57,0,0,220
"8 Jul 2025","336pm",13383,170,0,0,0,0,151.79,18.21,0,0,170
"8 Jul 2025","337pm",13384,180,0,0,32.14,0,0,0,128.57,0,128.57
"8 Jul 2025","354pm",13385,3290,0,0,0,0,2937.5,352.5,0,0,3290
"8 Jul 2025","355pm",13386,700,0,0,0,0,625,75,0,0,700
"8 Jul 2025","356pm",13387,270,0,0,0,0,241.07,28.93,0,0,270
"8 Jul 2025","358pm",13388,840,0,0,0,0,750,90,0,0,840
"8 Jul 2025","359pm",13389,180,0,0,0,0,160.71,19.29,0,0,180
"8 Jul 2025","410pm",13390,640,0,0,0,0,571.43,68.57,0,0,640
"8 Jul 2025","424pm",13391,180,0,0,0,0,160.71,19.29,0,0,180
"8 Jul 2025","432pm",13392,250,0,0,0,0,223.21,26.79,0,0,250
"8 Jul 2025","435pm",13393,900,0,25,0,0,678.57,81.43,100,0,860
"8 Jul 2025","436pm",13394,250,0,0,35.71,0,44.64,5.36,142.86,0,192.86
"8 Jul 2025","450pm",13395,180,0,0,0,0,160.71,19.29,0,0,180
"8 Jul 2025","453pm",13396,180,0,0,0,0,160.71,19.29,0,0,180
"8 Jul 2025","456pm",13397,270,0,0,0,0,241.07,28.93,0,0,270
"8 Jul 2025","458pm",13398,380,0,0,0,0,339.29,40.71,0,0,380
"8 Jul 2025","500pm",13399,540,0,0,0,0,482.14,57.86,0,0,540
"8 Jul 2025","506pm",13400,480,0,0,0,0,428.57,51.43,0,0,480
"8 Jul 2025","507pm",13401,270,0,0,0,0,241.07,28.93,0,0,270
"8 Jul 2025","521pm",13402,180,0,0,0,0,160.71,19.29,0,0,180
"8 Jul 2025","525pm",13403,400,0,0,39.29,0,160.71,19.29,157.14,0,337.14
"8 Jul 2025","541pm",13404,960,0,0,0,0,857.14,102.86,0,0,960
"8 Jul 2025","604pm",13405,0,0,0,0,0,0,0,0,0,0
"8 Jul 2025","621pm",13406,280,0,0,0,0,250,30,0,0,280
"8 Jul 2025","625pm",13407,320,0,0,0,0,285.71,34.29,0,0,320
"8 Jul 2025","632pm",13408,460,0,0,0,0,410.71,49.29,0,0,460
"8 Jul 2025","637pm",13409,180,0,0,0,0,160.71,19.29,0,0,180
"8 Jul 2025","641pm",13410,530,0,0,0,0,473.21,56.79,0,0,530
"8 Jul 2025","650pm",13411,230,0,0,0,0,205.36,24.64,0,0,230
"8 Jul 2025","709pm",13412,1240,0,0,0,0,1107.14,132.86,0,0,1240
"8 Jul 2025","715pm",13413,320,0,0,0,0,285.71,34.29,0,0,320
"8 Jul 2025","736pm",13414,200,0,0,0,0,178.57,21.43,0,0,200
"8 Jul 2025","737pm",13415,230,0,0,32.14,0,44.64,5.36,128.57,0,178.57
"8 Jul 2025","743pm",13416,240,0,0,0,0,214.29,25.71,0,0,240
"8 Jul 2025","744pm",13417,250,0,0,0,0,223.21,26.79,0,0,250
"8 Jul 2025","749pm",13418,180,0,0,0,0,160.71,19.29,0,0,180
"8 Jul 2025","755pm",13419,250,0,0,0,0,223.21,26.79,0,0,250
"8 Jul 2025","810pm",13420,220,0,0,0,0,196.43,23.57,0,0,220
"8 Jul 2025","843pm",13421,240,0,0,0,0,214.29,25.71,0,0,240
"9 Jul 2025","1209pm",13422,250,0,0,0,0,223.21,26.79,0,0,250
"9 Jul 2025","1221pm",13423,180,0,0,0,0,160.71,19.29,0,0,180
"9 Jul 2025","1231pm",13424,240,0,0,42.86,0,0,0,171.43,0,171.43
"9 Jul 2025","1235pm",13425,230,0,0,0,0,205.36,24.64,0,0,230
"9 Jul 2025","104pm",13426,180,0,0,0,0,160.71,19.29,0,0,180
"9 Jul 2025","112pm",13427,480,0,0,0,0,428.57,51.43,0,0,480
"9 Jul 2025","124pm",13428,230,0,0,0,0,205.36,24.64,0,0,230
"9 Jul 2025","144pm",13429,1260,0,0,0,0,1125,135,0,0,1260
"9 Jul 2025","159pm",13430,280,0,0,32.14,0,89.29,10.71,128.57,0,228.57
"9 Jul 2025","201pm",13431,240,0,0,42.86,0,0,0,171.43,0,171.43
"9 Jul 2025","210pm",13432,200,0,0,0,0,178.57,21.43,0,0,200
"9 Jul 2025","239pm",13433,220,0,0,0,0,196.43,23.57,0,0,220
"9 Jul 2025","247pm",13434,240,0,42.86,0,0,0,0,171.43,0,171.43
"9 Jul 2025","255pm",13435,670,0,0,0,0,598.21,71.79,0,0,670
"9 Jul 2025","259pm",13436,230,0,0,0,0,205.36,24.64,0,0,230
"9 Jul 2025","323pm",13437,360,0,0,0,0,321.43,38.57,0,0,360
"9 Jul 2025","324pm",13438,270,0,0,48.21,0,0,0,192.86,0,192.86
"9 Jul 2025","344pm",13439,360,0,0,0,0,321.43,38.57,0,0,360
"9 Jul 2025","408pm",13440,220,0,0,0,0,196.43,23.57,0,0,220
"9 Jul 2025","422pm",13441,1380,0,0,0,0,1232.14,147.86,0,0,1380
"9 Jul 2025","435pm",13442,240,0,0,0,0,214.29,25.71,0,0,240
"9 Jul 2025","444pm",13443,580,0,0,0,0,517.86,62.14,0,0,580
"9 Jul 2025","531pm",13444,180,0,0,0,0,160.71,19.29,0,0,180
"9 Jul 2025","532pm",13445,200,0,0,0,0,178.57,21.43,0,0,200
"9 Jul 2025","606pm",13446,440,0,0,0,0,392.86,47.14,0,0,440
"9 Jul 2025","628pm",13447,240,0,0,0,0,214.29,25.71,0,0,240
"9 Jul 2025","629pm",13448,240,0,0,0,0,214.29,25.71,0,0,240
"9 Jul 2025","630pm",13449,220,0,0,0,0,196.43,23.57,0,0,220
"9 Jul 2025","632pm",13450,270,0,0,0,0,241.07,28.93,0,0,270
"9 Jul 2025","639pm",13451,220,0,0,0,0,196.43,23.57,0,0,220
"9 Jul 2025","654pm",13452,690,0,0,0,0,616.07,73.93,0,0,690
"9 Jul 2025","659pm",13453,360,0,0,0,0,321.43,38.57,0,0,360
"9 Jul 2025","701pm",13454,200,0,0,0,0,178.57,21.43,0,0,200
"9 Jul 2025","701pm",13455,50,0,0,0,0,44.64,5.36,0,0,50
"9 Jul 2025","704pm",13456,460,0,0,0,0,410.71,49.29,0,0,460
"9 Jul 2025","708pm",13457,270,0,0,0,0,241.07,28.93,0,0,270
"9 Jul 2025","711pm",13458,320,0,0,0,0,285.71,34.29,0,0,320
"9 Jul 2025","722pm",13459,220,0,0,0,0,196.43,23.57,0,0,220
"9 Jul 2025","727pm",13460,180,0,0,0,0,160.71,19.29,0,0,180
"9 Jul 2025","729pm",13461,230,0,0,0,0,205.36,24.64,0,0,230
"9 Jul 2025","735pm",13462,220,0,0,0,0,196.43,23.57,0,0,220
"9 Jul 2025","740pm",13463,220,0,0,0,0,196.43,23.57,0,0,220
"9 Jul 2025","746pm",13464,180,0,0,0,0,160.71,19.29,0,0,180
"9 Jul 2025","751pm",13465,240,0,0,0,0,214.29,25.71,0,0,240
"9 Jul 2025","817pm",13466,420,0,0,0,0,375,45,0,0,420
"9 Jul 2025","818pm",13467,220,0,0,0,0,196.43,23.57,0,0,220
"9 Jul 2025","823pm",13468,230,0,0,0,0,205.36,24.64,0,0,230
"9 Jul 2025","825pm",13469,400,0,0,0,0,357.14,42.86,0,0,400
"9 Jul 2025","826pm",13470,0,0,0,0,0,0,0,0,0,0
"9 Jul 2025","902pm",13471,380,0,67.86,0,0,0,0,271.43,0,271.43
"10 Jul 2025","1019am",13472,180,0,0,0,0,160.71,19.29,0,0,180
"10 Jul 2025","1024am",13473,220,0,0,0,0,196.43,23.57,0,0,220
"10 Jul 2025","1032am",13474,270,0,0,0,0,241.07,28.93,0,0,270
"10 Jul 2025","1057am",13475,290,0,0,42.86,0,44.64,5.36,171.43,0,221.43
"10 Jul 2025","1109am",13476,200,0,0,0,0,178.57,21.43,0,0,200
"10 Jul 2025","1123am",13477,690,0,0,0,0,616.07,73.93,0,0,690
"10 Jul 2025","1218pm",13478,270,0,0,0,0,241.07,28.93,0,0,270
"10 Jul 2025","1227pm",13479,270,0,0,0,0,241.07,28.93,0,0,270
"10 Jul 2025","1232pm",13480,760,0,0,0,0,678.57,81.43,0,0,760
"10 Jul 2025","1244pm",13481,220,0,0,0,0,196.43,23.57,0,0,220
"10 Jul 2025","1249pm",13482,250,0,0,0,0,223.21,26.79,0,0,250
"10 Jul 2025","1252pm",13483,440,0,0,0,0,392.86,47.14,0,0,440
"10 Jul 2025","1254pm",13484,240,0,0,0,0,214.29,25.71,0,0,240
"10 Jul 2025","1259pm",13485,200,0,0,0,0,178.57,21.43,0,0,200
"10 Jul 2025","112pm",13486,250,0,0,0,0,223.21,26.79,0,0,250
"10 Jul 2025","114pm",13487,220,0,0,0,0,196.43,23.57,0,0,220
"10 Jul 2025","121pm",13488,290,0,0,0,0,258.93,31.07,0,0,290
"10 Jul 2025","124pm",13489,290,0,42.86,0,0,44.64,5.36,171.43,0,221.43
"10 Jul 2025","126pm",13490,200,0,0,0,0,178.57,21.43,0,0,200
"10 Jul 2025","129pm",13491,240,0,0,42.86,0,0,0,171.43,0,171.43
"10 Jul 2025","131pm",13492,240,0,0,0,0,214.29,25.71,0,0,240
"10 Jul 2025","133pm",13493,340,0,0,0,0,303.57,36.43,0,0,340
"10 Jul 2025","137pm",13494,250,0,0,35.71,0,44.64,5.36,142.86,0,192.86
"10 Jul 2025","139pm",13495,250,0,0,35.71,0,44.64,5.36,142.86,0,192.86
"10 Jul 2025","140pm",13496,720,0,0,0,0,642.86,77.14,0,0,720
"10 Jul 2025","142pm",13497,270,0,0,0,0,241.07,28.93,0,0,270
"10 Jul 2025","146pm",13498,240,0,0,0,0,214.29,25.71,0,0,240
"10 Jul 2025","147pm",13499,320,0,0,0,0,285.71,34.29,0,0,320
"10 Jul 2025","231pm",13500,220,0,0,0,0,196.43,23.57,0,0,220
"10 Jul 2025","236pm",13501,200,0,0,0,0,178.57,21.43,0,0,200
"10 Jul 2025","239pm",13502,160,0,0,0,0,142.86,17.14,0,0,160
"10 Jul 2025","246pm",13503,230,0,0,0,0,205.36,24.64,0,0,230
"10 Jul 2025","247pm",13504,50,0,0,0,0,44.64,5.36,0,0,50
"10 Jul 2025","249pm",13505,580,0,0,0,0,517.86,62.14,0,0,580
"10 Jul 2025","306pm",13506,510,0,48.21,0,0,214.29,25.71,192.86,0,432.86
"10 Jul 2025","400pm",13507,230,0,0,0,0,205.36,24.64,0,0,230
"10 Jul 2025","426pm",13508,230,0,0,0,0,205.36,24.64,0,0,230
"10 Jul 2025","434pm",13509,0,0,0,0,0,0,0,0,0,0
"10 Jul 2025","437pm",13510,480,0,0,0,0,428.57,51.43,0,0,480
"10 Jul 2025","442pm",13511,140,0,0,0,0,125,15,0,0,140
"10 Jul 2025","447pm",13512,410,0,0,0,0,366.07,43.93,0,0,410
"10 Jul 2025","451pm",13513,400,0,0,0,0,357.14,42.86,0,0,400
"10 Jul 2025","455pm",13514,120,0,0,0,0,107.14,12.86,0,0,120
"10 Jul 2025","458pm",13515,200,0,0,0,0,178.57,21.43,0,0,200
"10 Jul 2025","529pm",13516,230,0,0,0,0,205.36,24.64,0,0,230
"10 Jul 2025","530pm",13517,570,0,0,0,0,508.93,61.07,0,0,570
"10 Jul 2025","537pm",13518,250,0,0,0,0,223.21,26.79,0,0,250
"10 Jul 2025","557pm",13519,1010,0,0,0,0,901.79,108.21,0,0,1010
"10 Jul 2025","605pm",13520,180,0,0,0,0,160.71,19.29,0,0,180
"10 Jul 2025","619pm",13521,180,0,0,0,0,160.71,19.29,0,0,180
"10 Jul 2025","625pm",13522,270,0,0,0,0,241.07,28.93,0,0,270
"10 Jul 2025","704pm",13523,220,0,0,0,0,196.43,23.57,0,0,220
"10 Jul 2025","723pm",13524,490,0,0,0,0,437.5,52.5,0,0,490
"10 Jul 2025","754pm",13525,430,0,0,0,0,383.93,46.07,0,0,430
"10 Jul 2025","829pm",13526,200,0,0,0,0,178.57,21.43,0,0,200
"10 Jul 2025","831pm",13527,200,0,0,0,0,178.57,21.43,0,0,200
"10 Jul 2025","833pm",13528,230,0,0,0,0,205.36,24.64,0,0,230
"10 Jul 2025","845pm",13529,300,0,0,0,0,267.86,32.14,0,0,300
"10 Jul 2025","909pm",13530,250,0,0,0,0,223.21,26.79,0,0,250
"10 Jul 2025","911pm",13531,510,0,0,0,0,455.36,54.64,0,0,510
"10 Jul 2025","913pm",13532,250,0,0,0,0,223.21,26.79,0,0,250
"11 Jul 2025","954am",13533,330,0,0,0,0,294.64,35.36,0,0,330
"11 Jul 2025","1047am",13534,230,0,0,0,0,205.36,24.64,0,0,230
"11 Jul 2025","1054am",13535,200,0,0,0,0,178.57,21.43,0,0,200
"11 Jul 2025","1100am",13536,240,0,0,0,0,214.29,25.71,0,0,240
"11 Jul 2025","1112am",13537,540,0,0,0,0,482.14,57.86,0,0,540
"11 Jul 2025","1123am",13538,290,0,0,0,0,258.93,31.07,0,0,290
"11 Jul 2025","1149am",13539,240,0,0,42.86,0,0,0,171.43,0,171.43
"11 Jul 2025","1150am",13540,120,0,0,0,0,107.14,12.86,0,0,120
"11 Jul 2025","1202pm",13541,200,0,0,0,0,178.57,21.43,0,0,200
"11 Jul 2025","1205pm",13542,200,0,0,0,0,178.57,21.43,0,0,200
"11 Jul 2025","1214pm",13543,250,0,0,0,0,223.21,26.79,0,0,250
"11 Jul 2025","1216pm",13544,200,0,0,0,0,178.57,21.43,0,0,200
"11 Jul 2025","1231pm",13545,560,0,0,0,0,500,60,0,0,560
"11 Jul 2025","1232pm",13546,220,0,0,0,0,196.43,23.57,0,0,220
"11 Jul 2025","1233pm",13547,200,0,0,0,0,178.57,21.43,0,0,200
"11 Jul 2025","1234pm",13548,220,0,0,0,0,196.43,23.57,0,0,220
"11 Jul 2025","1244pm",13549,250,0,0,0,0,223.21,26.79,0,0,250
"11 Jul 2025","1250pm",13550,200,0,0,0,0,178.57,21.43,0,0,200
"11 Jul 2025","101pm",13551,0,0,0,0,0,0,0,0,0,0
"11 Jul 2025","106pm",13552,220,0,0,0,0,196.43,23.57,0,0,220
"11 Jul 2025","108pm",13553,460,0,0,82.15,0,0,0,328.57,0,328.57
"11 Jul 2025","109pm",13554,290,0,0,0,0,258.93,31.07,0,0,290
"11 Jul 2025","128pm",13555,200,0,0,35.71,0,0,0,142.86,0,142.86
"11 Jul 2025","130pm",13556,1300,0,0,0,0,1160.71,139.29,0,0,1300
"11 Jul 2025","132pm",13557,240,0,0,42.86,0,0,0,171.43,0,171.43
"11 Jul 2025","133pm",13558,270,0,0,0,0,241.07,28.93,0,0,270
"11 Jul 2025","137pm",13559,240,0,0,0,0,214.29,25.71,0,0,240
"11 Jul 2025","139pm",13560,430,0,0,0,0,383.93,46.07,0,0,430
"11 Jul 2025","201pm",13561,270,0,0,0,0,241.07,28.93,0,0,270
"11 Jul 2025","205pm",13562,290,0,0,0,0,258.93,31.07,0,0,290
"11 Jul 2025","210pm",13563,240,0,0,0,0,214.29,25.71,0,0,240
"11 Jul 2025","236pm",13564,520,0,0,0,0,464.29,55.71,0,0,520
"11 Jul 2025","241pm",13565,200,0,0,0,0,178.57,21.43,0,0,200
"11 Jul 2025","252pm",13566,270,0,0,39.29,0,44.64,5.36,157.14,0,207.14
"11 Jul 2025","259pm",13567,180,0,0,32.14,0,0,0,128.57,0,128.57
"11 Jul 2025","317pm",13568,400,0,0,0,0,357.14,42.86,0,0,400
"11 Jul 2025","342pm",13569,240,0,0,0,0,214.29,25.71,0,0,240
"11 Jul 2025","404pm",13570,240,0,0,0,0,214.29,25.71,0,0,240
"11 Jul 2025","416pm",13571,270,0,0,0,0,241.07,28.93,0,0,270
"11 Jul 2025","420pm",13572,240,0,0,42.86,0,0,0,171.43,0,171.43
"11 Jul 2025","433pm",13573,0,0,0,0,0,0,0,0,0,0
"11 Jul 2025","450pm",13574,200,0,0,0,0,178.57,21.43,0,0,200
"11 Jul 2025","504pm",13575,250,0,0,0,0,223.21,26.79,0,0,250
"11 Jul 2025","505pm",13576,250,0,0,0,0,223.21,26.79,0,0,250
"11 Jul 2025","515pm",13577,300,0,0,35.71,0,89.29,10.71,142.86,0,242.86
"11 Jul 2025","523pm",13578,120,0,0,0,0,107.14,12.86,0,0,120
"11 Jul 2025","533pm",13579,270,0,0,0,0,241.07,28.93,0,0,270
"11 Jul 2025","539pm",13580,520,0,0,0,0,464.29,55.71,0,0,520
"11 Jul 2025","549pm",13581,270,0,0,0,0,241.07,28.93,0,0,270
"11 Jul 2025","551pm",13582,220,0,0,0,0,196.43,23.57,0,0,220
"11 Jul 2025","558pm",13583,730,0,0,0,0,651.79,78.21,0,0,730
"11 Jul 2025","623pm",13584,410,0,0,0,0,366.07,43.93,0,0,410
"11 Jul 2025","649pm",13585,240,0,0,42.86,0,0,0,171.43,0,171.43
"11 Jul 2025","652pm",13586,2290,0,0,0,0,2044.64,245.36,0,0,2290
"11 Jul 2025","703pm",13587,480,0,0,0,0,428.57,51.43,0,0,480
"11 Jul 2025","708pm",13588,250,0,0,0,0,223.21,26.79,0,0,250
"11 Jul 2025","712pm",13589,500,0,0,0,0,446.43,53.57,0,0,500
"11 Jul 2025","733pm",13590,480,0,0,0,0,428.57,51.43,0,0,480
"11 Jul 2025","735pm",13591,270,0,0,0,0,241.07,28.93,0,0,270
"11 Jul 2025","736pm",13592,200,0,0,0,0,178.57,21.43,0,0,200
"11 Jul 2025","737pm",13593,320,0,0,0,0,285.71,34.29,0,0,320
"11 Jul 2025","742pm",13594,180,0,0,0,0,160.71,19.29,0,0,180
"11 Jul 2025","744pm",13595,280,0,0,0,0,250,30,0,0,280
"11 Jul 2025","746pm",13596,270,0,0,0,0,241.07,28.93,0,0,270
"11 Jul 2025","750pm",13597,240,0,0,0,0,214.29,25.71,0,0,240
"11 Jul 2025","751pm",13598,230,0,0,0,0,205.36,24.64,0,0,230
"11 Jul 2025","802pm",13599,770,0,0,0,0,687.5,82.5,0,0,770
"11 Jul 2025","806pm",13600,180,0,0,0,0,160.71,19.29,0,0,180
"11 Jul 2025","820pm",13601,370,0,0,0,0,330.36,39.64,0,0,370
"11 Jul 2025","829pm",13602,270,0,0,0,0,241.07,28.93,0,0,270
"11 Jul 2025","831pm",13603,250,0,0,0,0,223.21,26.79,0,0,250
"11 Jul 2025","906pm",13604,360,0,0,0,0,321.43,38.57,0,0,360
"11 Jul 2025","908pm",13605,320,0,0,0,0,285.71,34.29,0,0,320
"11 Jul 2025","933pm",13606,1180,0,0,0,0,1053.57,126.43,0,0,1180
"12 Jul 2025","1011am",13607,280,0,0,0,0,250,30,0,0,280
"12 Jul 2025","1145am",13608,530,0,0,0,0,473.21,56.79,0,0,530
"12 Jul 2025","1159am",13609,220,0,0,0,0,196.43,23.57,0,0,220
"12 Jul 2025","1210pm",13610,220,0,0,39.29,0,0,0,157.14,0,157.14
"12 Jul 2025","1222pm",13611,200,0,0,0,0,178.57,21.43,0,0,200
"12 Jul 2025","1224pm",13612,200,0,0,0,0,178.57,21.43,0,0,200
"12 Jul 2025","1232pm",13613,180,0,0,0,0,160.71,19.29,0,0,180
"12 Jul 2025","1236pm",13614,290,0,0,0,0,258.93,31.07,0,0,290
"12 Jul 2025","1246pm",13615,800,0,0,0,0,714.29,85.71,0,0,800
"12 Jul 2025","1248pm",13616,290,0,0,0,0,258.93,31.07,0,0,290
"12 Jul 2025","112pm",13617,230,0,0,0,0,205.36,24.64,0,0,230
"12 Jul 2025","140pm",13618,520,0,0,0,0,464.29,55.71,0,0,520
"12 Jul 2025","147pm",13619,660,0,0,0,0,589.29,70.71,0,0,660
"12 Jul 2025","156pm",13620,360,0,0,0,0,321.43,38.57,0,0,360
"12 Jul 2025","200pm",13621,560,0,0,0,0,500,60,0,0,560
"12 Jul 2025","201pm",13622,220,0,0,0,0,196.43,23.57,0,0,220
"12 Jul 2025","209pm",13623,470,0,0,0,0,419.64,50.36,0,0,470
"12 Jul 2025","212pm",13624,370,0,0,21.43,0,223.21,26.79,85.71,0,335.71
"12 Jul 2025","215pm",13625,690,0,0,0,0,616.07,73.93,0,0,690
"12 Jul 2025","218pm",13626,160,0,0,0,0,142.86,17.14,0,0,160
"12 Jul 2025","221pm",13627,240,0,0,0,0,214.29,25.71,0,0,240
"12 Jul 2025","227pm",13628,250,0,0,0,0,223.21,26.79,0,0,250
"12 Jul 2025","230pm",13629,380,0,0,0,0,339.29,40.71,0,0,380
"12 Jul 2025","249pm",13630,250,0,0,0,0,223.21,26.79,0,0,250
"12 Jul 2025","303pm",13631,410,0,0,0,0,366.07,43.93,0,0,410
"12 Jul 2025","309pm",13632,280,0,0,0,0,250,30,0,0,280
"12 Jul 2025","314pm",13633,180,0,0,0,0,160.71,19.29,0,0,180
"12 Jul 2025","319pm",13634,530,0,0,0,0,473.21,56.79,0,0,530
"12 Jul 2025","328pm",13635,200,0,0,35.71,0,0,0,142.86,0,142.86
"12 Jul 2025","344pm",13636,480,0,0,42.86,0,214.29,25.71,171.43,0,411.43
"12 Jul 2025","345pm",13637,270,0,0,0,0,241.07,28.93,0,0,270
"12 Jul 2025","346pm",13638,270,0,0,0,0,241.07,28.93,0,0,270
"12 Jul 2025","357pm",13639,770,0,0,0,0,687.5,82.5,0,0,770
"12 Jul 2025","406pm",13640,290,0,0,42.86,0,44.64,5.36,171.43,0,221.43
"12 Jul 2025","416pm",13641,480,0,0,0,0,428.57,51.43,0,0,480
"12 Jul 2025","419pm",13642,540,0,0,0,0,482.14,57.86,0,0,540
"12 Jul 2025","421pm",13643,460,0,0,0,0,410.71,49.29,0,0,460
"12 Jul 2025","424pm",13644,200,0,35.71,0,0,0,0,142.86,0,142.86
"12 Jul 2025","426pm",13645,240,0,42.86,0,0,0,0,171.43,0,171.43
"12 Jul 2025","430pm",13646,180,0,0,0,0,160.71,19.29,0,0,180
"12 Jul 2025","432pm",13647,550,0,0,0,0,491.07,58.93,0,0,550
"12 Jul 2025","435pm",13648,480,0,0,42.86,0,214.29,25.71,171.43,0,411.43
"12 Jul 2025","447pm",13649,200,0,0,0,0,178.57,21.43,0,0,200
"12 Jul 2025","458pm",13650,410,0,0,0,0,366.07,43.93,0,0,410
"12 Jul 2025","459pm",13651,220,0,0,0,0,196.43,23.57,0,0,220
"12 Jul 2025","500pm",13652,240,0,0,0,0,214.29,25.71,0,0,240
"12 Jul 2025","501pm",13653,50,0,0,0,0,44.64,5.36,0,0,50
"12 Jul 2025","504pm",13654,270,0,0,48.21,0,0,0,192.86,0,192.86
"12 Jul 2025","506pm",13655,360,0,0,32.14,0,160.71,19.29,128.57,0,308.57
"12 Jul 2025","517pm",13656,290,0,0,0,0,258.93,31.07,0,0,290
"12 Jul 2025","518pm",13657,50,0,0,0,0,44.64,5.36,0,0,50
"12 Jul 2025","528pm",13658,300,0,0,35.71,0,89.29,10.71,142.86,0,242.86
"12 Jul 2025","531pm",13659,220,0,0,0,0,196.43,23.57,0,0,220
"12 Jul 2025","551pm",13660,660,0,0,0,0,589.29,70.71,0,0,660
"12 Jul 2025","605pm",13661,220,0,0,0,0,196.43,23.57,0,0,220
"12 Jul 2025","608pm",13662,460,0,0,0,0,410.71,49.29,0,0,460
"12 Jul 2025","609pm",13663,490,0,0,0,0,437.5,52.5,0,0,490
"12 Jul 2025","609pm",13664,270,0,0,0,0,241.07,28.93,0,0,270
"12 Jul 2025","609pm",13665,200,0,0,0,0,178.57,21.43,0,0,200
"12 Jul 2025","610pm",13666,510,0,0,0,0,455.36,54.64,0,0,510
"12 Jul 2025","610pm",13667,560,0,0,0,0,500,60,0,0,560
"12 Jul 2025","612pm",13668,760,0,0,0,0,678.57,81.43,0,0,760
"12 Jul 2025","621pm",13669,240,0,0,0,0,214.29,25.71,0,0,240
"12 Jul 2025","647pm",13670,290,0,0,0,0,258.93,31.07,0,0,290
"12 Jul 2025","649pm",13671,240,0,0,0,0,214.29,25.71,0,0,240
"12 Jul 2025","653pm",13672,240,0,0,0,0,214.29,25.71,0,0,240
"12 Jul 2025","700pm",13673,240,0,0,0,0,214.29,25.71,0,0,240
"12 Jul 2025","709pm",13674,290,0,0,0,0,258.93,31.07,0,0,290
"12 Jul 2025","723pm",13675,230,0,0,0,0,205.36,24.64,0,0,230
"12 Jul 2025","731pm",13676,290,0,0,0,0,258.93,31.07,0,0,290
"12 Jul 2025","757pm",13677,500,0,0,0,0,446.43,53.57,0,0,500
"12 Jul 2025","803pm",13678,360,0,0,0,0,321.43,38.57,0,0,360
"12 Jul 2025","808pm",13679,470,0,0,35.71,0,241.07,28.93,142.86,0,412.86
"12 Jul 2025","812pm",13680,280,0,0,0,0,250,30,0,0,280
"12 Jul 2025","815pm",13681,630,0,0,0,0,562.5,67.5,0,0,630
"12 Jul 2025","831pm",13682,180,0,0,0,0,160.71,19.29,0,0,180
"12 Jul 2025","840pm",13683,240,0,0,42.86,0,0,0,171.43,0,171.43
"12 Jul 2025","849pm",13684,220,0,0,0,0,196.43,23.57,0,0,220
"12 Jul 2025","853pm",13685,240,0,0,42.86,0,0,0,171.43,0,171.43
"12 Jul 2025","858pm",13686,240,0,0,0,0,214.29,25.71,0,0,240
"12 Jul 2025","858pm",13687,250,0,0,0,0,223.21,26.79,0,0,250
"12 Jul 2025","900pm",13688,180,0,0,0,0,160.71,19.29,0,0,180
"12 Jul 2025","925pm",13689,230,0,0,0,0,205.36,24.64,0,0,230
"13 Jul 2025","1036am",13690,120,0,0,0,0,107.14,12.86,0,0,120
"13 Jul 2025","1040am",13691,450,0,0,0,0,401.79,48.21,0,0,450
"13 Jul 2025","1127am",13692,220,0,0,0,0,196.43,23.57,0,0,220
"13 Jul 2025","1150am",13693,450,0,0,0,0,401.79,48.21,0,0,450
"13 Jul 2025","1153am",13694,680,0,0,0,0,607.14,72.86,0,0,680
"13 Jul 2025","1205pm",13695,250,0,0,0,0,223.21,26.79,0,0,250
"13 Jul 2025","1207pm",13696,240,0,0,0,0,214.29,25.71,0,0,240
"13 Jul 2025","1229pm",13697,250,0,0,0,0,223.21,26.79,0,0,250
"13 Jul 2025","1233pm",13698,120,0,0,0,0,107.14,12.86,0,0,120
"13 Jul 2025","1236pm",13699,240,0,0,0,0,214.29,25.71,0,0,240
"13 Jul 2025","1238pm",13700,200,0,0,35.71,0,0,0,142.86,0,142.86
"13 Jul 2025","104pm",13701,480,0,0,0,0,428.57,51.43,0,0,480
"13 Jul 2025","105pm",13702,140,0,0,0,0,125,15,0,0,140
"13 Jul 2025","109pm",13703,270,0,0,0,0,241.07,28.93,0,0,270
"13 Jul 2025","112pm",13704,540,0,0,0,0,482.14,57.86,0,0,540
"13 Jul 2025","128pm",13705,200,0,0,0,0,178.57,21.43,0,0,200
"13 Jul 2025","135pm",13706,600,0,0,0,0,535.71,64.29,0,0,600
"13 Jul 2025","146pm",13707,340,0,0,0,0,303.57,36.43,0,0,340
"13 Jul 2025","151pm",13708,500,0,0,0,0,446.43,53.57,0,0,500
"13 Jul 2025","153pm",13709,240,0,0,0,0,214.29,25.71,0,0,240
"13 Jul 2025","158pm",13710,400,0,0,0,0,357.14,42.86,0,0,400
"13 Jul 2025","204pm",13711,380,0,0,0,0,339.29,40.71,0,0,380
"13 Jul 2025","220pm",13712,230,0,0,0,0,205.36,24.64,0,0,230
"13 Jul 2025","221pm",13713,270,0,0,0,0,241.07,28.93,0,0,270
"13 Jul 2025","222pm",13714,180,0,0,0,0,160.71,19.29,0,0,180
"13 Jul 2025","222pm",13715,200,0,0,0,0,178.57,21.43,0,0,200
"13 Jul 2025","223pm",13716,270,0,0,0,0,241.07,28.93,0,0,270
"13 Jul 2025","226pm",13717,250,0,0,0,0,223.21,26.79,0,0,250
"13 Jul 2025","227pm",13718,220,0,0,0,0,196.43,23.57,0,0,220
"13 Jul 2025","228pm",13719,180,0,0,0,0,160.71,19.29,0,0,180
"13 Jul 2025","241pm",13720,880,0,0,41.07,0,580.36,69.64,164.29,0,814.29
"13 Jul 2025","244pm",13721,270,0,0,0,0,241.07,28.93,0,0,270
"13 Jul 2025","246pm",13722,220,0,0,0,0,196.43,23.57,0,0,220
"13 Jul 2025","248pm",13723,340,0,0,0,0,303.57,36.43,0,0,340
"13 Jul 2025","300pm",13724,530,0,0,0,0,473.21,56.79,0,0,530
"13 Jul 2025","309pm",13725,1210,0,35.71,0,0,901.79,108.21,142.86,0,1152.86
"13 Jul 2025","311pm",13726,490,0,0,0,0,437.5,52.5,0,0,490
"13 Jul 2025","318pm",13727,530,0,42.86,51.79,0,0,0,378.57,0,378.57
"13 Jul 2025","328pm",13728,220,0,0,0,0,196.43,23.57,0,0,220
"13 Jul 2025","345pm",13729,270,0,0,0,0,241.07,28.93,0,0,270
"13 Jul 2025","349pm",13730,690,0,0,0,0,616.07,73.93,0,0,690
"13 Jul 2025","356pm",13731,220,0,0,0,0,196.43,23.57,0,0,220
"13 Jul 2025","358pm",13732,170,0,0,0,0,151.79,18.21,0,0,170
"13 Jul 2025","413pm",13733,270,0,0,0,0,241.07,28.93,0,0,270
"13 Jul 2025","421pm",13734,290,0,0,0,0,258.93,31.07,0,0,290
"13 Jul 2025","423pm",13735,420,0,0,0,0,375,45,0,0,420
"13 Jul 2025","427pm",13736,360,0,0,0,0,321.43,38.57,0,0,360
"13 Jul 2025","432pm",13737,240,0,0,0,0,214.29,25.71,0,0,240
"13 Jul 2025","437pm",13738,660,0,0,117.86,0,0,0,471.43,0,471.43
"13 Jul 2025","439pm",13739,450,0,0,0,0,401.79,48.21,0,0,450
"13 Jul 2025","440pm",13740,240,0,0,0,0,214.29,25.71,0,0,240
"13 Jul 2025","444pm",13741,220,0,0,39.29,0,0,0,157.14,0,157.14
"13 Jul 2025","445pm",13742,240,0,0,0,0,214.29,25.71,0,0,240
"13 Jul 2025","450pm",13743,410,0,0,0,0,366.07,43.93,0,0,410
"13 Jul 2025","454pm",13744,200,0,0,0,0,178.57,21.43,0,0,200
"13 Jul 2025","455pm",13745,250,0,0,0,0,223.21,26.79,0,0,250
"13 Jul 2025","512pm",13746,400,0,0,0,0,357.14,42.86,0,0,400
"13 Jul 2025","520pm",13747,240,0,0,0,0,214.29,25.71,0,0,240
"13 Jul 2025","525pm",13748,440,0,0,0,0,392.86,47.14,0,0,440
"13 Jul 2025","527pm",13749,240,0,0,0,0,214.29,25.71,0,0,240
"13 Jul 2025","533pm",13750,240,0,0,0,0,214.29,25.71,0,0,240
"13 Jul 2025","537pm",13751,230,0,41.07,0,0,0,0,164.29,0,164.29
"13 Jul 2025","550pm",13752,510,0,0,0,0,455.36,54.64,0,0,510
"13 Jul 2025","558pm",13753,460,0,0,0,0,410.71,49.29,0,0,460
"13 Jul 2025","601pm",13754,250,0,0,0,0,223.21,26.79,0,0,250
"13 Jul 2025","622pm",13755,230,0,0,0,0,205.36,24.64,0,0,230
"13 Jul 2025","625pm",13756,220,0,0,0,0,196.43,23.57,0,0,220
"13 Jul 2025","640pm",13757,220,0,0,0,0,196.43,23.57,0,0,220
"13 Jul 2025","642pm",13758,220,0,0,0,0,196.43,23.57,0,0,220
"13 Jul 2025","653pm",13759,290,0,0,0,0,258.93,31.07,0,0,290
"13 Jul 2025","655pm",13760,500,0,0,0,0,446.43,53.57,0,0,500
"13 Jul 2025","656pm",13761,220,0,0,0,0,196.43,23.57,0,0,220
"13 Jul 2025","715pm",13762,290,0,51.79,0,0,0,0,207.14,0,207.14
"13 Jul 2025","720pm",13763,500,0,0,0,0,446.43,53.57,0,0,500
"13 Jul 2025","728pm",13764,200,0,0,0,0,178.57,21.43,0,0,200
"13 Jul 2025","736pm",13765,240,0,0,0,0,214.29,25.71,0,0,240
"13 Jul 2025","737pm",13766,240,0,0,42.86,0,0,0,171.43,0,171.43
"13 Jul 2025","739pm",13767,250,0,0,0,0,223.21,26.79,0,0,250
"13 Jul 2025","755pm",13768,180,0,0,0,0,160.71,19.29,0,0,180
"13 Jul 2025","801pm",13769,300,0,0,0,0,267.86,32.14,0,0,300
"13 Jul 2025","804pm",13770,180,0,0,32.14,0,0,0,128.57,0,128.57
"13 Jul 2025","805pm",13771,200,0,0,0,0,178.57,21.43,0,0,200
"13 Jul 2025","806pm",13772,240,0,0,0,0,214.29,25.71,0,0,240
"13 Jul 2025","808pm",13773,270,0,0,0,0,241.07,28.93,0,0,270
"13 Jul 2025","809pm",13774,240,0,0,0,0,214.29,25.71,0,0,240
"13 Jul 2025","814pm",13775,170,17,0,0,0,136.61,16.39,0,0,153
"13 Jul 2025","817pm",13776,230,0,0,0,0,205.36,24.64,0,0,230
"13 Jul 2025","819pm",13777,440,0,0,0,0,392.86,47.14,0,0,440
"13 Jul 2025","820pm",13778,340,0,0,0,0,303.57,36.43,0,0,340
"13 Jul 2025","822pm",13779,240,0,0,0,0,214.29,25.71,0,0,240
"13 Jul 2025","825pm",13780,240,0,0,0,0,214.29,25.71,0,0,240
"13 Jul 2025","833pm",13781,200,0,0,0,0,178.57,21.43,0,0,200
"13 Jul 2025","835pm",13782,240,0,0,0,0,214.29,25.71,0,0,240
"13 Jul 2025","841pm",13783,520,0,92.86,0,0,0,0,371.43,0,371.43
"13 Jul 2025","902pm",13784,680,10,0,0,0,598.21,71.79,0,0,670
"13 Jul 2025","903pm",13785,240,0,0,0,0,214.29,25.71,0,0,240
"14 Jul 2025","1014am",13786,220,0,0,0,0,196.43,23.57,0,0,220
"14 Jul 2025","1021am",13787,290,0,0,42.86,0,44.64,5.36,171.43,0,221.43
"14 Jul 2025","1028am",13788,240,0,0,0,0,214.29,25.71,0,0,240
"14 Jul 2025","1042am",13789,250,0,0,0,0,223.21,26.79,0,0,250
"14 Jul 2025","1049am",13790,180,0,0,0,0,160.71,19.29,0,0,180
"14 Jul 2025","1124am",13791,380,0,0,0,0,339.29,40.71,0,0,380
"14 Jul 2025","1156am",13792,230,0,0,0,0,205.36,24.64,0,0,230
"14 Jul 2025","1209pm",13793,240,0,0,0,0,214.29,25.71,0,0,240
"14 Jul 2025","1227pm",13794,400,0,0,0,0,357.14,42.86,0,0,400
"14 Jul 2025","1233pm",13795,250,0,0,0,0,223.21,26.79,0,0,250
"14 Jul 2025","1236pm",13796,200,0,0,0,0,178.57,21.43,0,0,200
"14 Jul 2025","1238pm",13797,450,0,0,0,0,401.79,48.21,0,0,450
"14 Jul 2025","1241pm",13798,250,0,0,0,0,223.21,26.79,0,0,250
"14 Jul 2025","1242pm",13799,220,0,0,0,0,196.43,23.57,0,0,220
"14 Jul 2025","1245pm",13800,230,0,0,0,0,205.36,24.64,0,0,230
"14 Jul 2025","1255pm",13801,340,0,0,0,0,303.57,36.43,0,0,340
"14 Jul 2025","101pm",13802,250,0,0,0,0,223.21,26.79,0,0,250
"14 Jul 2025","105pm",13803,390,0,0,0,0,348.21,41.79,0,0,390
"14 Jul 2025","112pm",13804,270,0,0,48.21,0,0,0,192.86,0,192.86
"14 Jul 2025","114pm",13805,470,0,0,0,0,419.64,50.36,0,0,470
"14 Jul 2025","120pm",13806,480,0,0,85.71,0,0,0,342.86,0,342.86
"14 Jul 2025","122pm",13807,200,0,0,0,0,178.57,21.43,0,0,200
"14 Jul 2025","124pm",13808,180,0,0,0,0,160.71,19.29,0,0,180
"14 Jul 2025","129pm",13809,270,0,0,0,0,241.07,28.93,0,0,270
"14 Jul 2025","159pm",13810,200,0,0,0,0,178.57,21.43,0,0,200
"14 Jul 2025","220pm",13811,240,0,0,42.86,0,0,0,171.43,0,171.43
"14 Jul 2025","221pm",13812,580,0,0,0,0,517.86,62.14,0,0,580
"14 Jul 2025","223pm",13813,300,0,0,0,0,267.86,32.14,0,0,300
"14 Jul 2025","321pm",13814,190,0,0,0,0,169.64,20.36,0,0,190
"14 Jul 2025","332pm",13815,200,0,0,0,0,178.57,21.43,0,0,200
"14 Jul 2025","336pm",13816,490,0,0,0,0,437.5,52.5,0,0,490
"14 Jul 2025","404pm",13817,480,0,0,0,0,428.57,51.43,0,0,480
"14 Jul 2025","405pm",13818,420,0,0,0,0,375,45,0,0,420
"14 Jul 2025","406pm",13819,200,0,0,0,0,178.57,21.43,0,0,200
"14 Jul 2025","407pm",13820,300,0,0,0,0,267.86,32.14,0,0,300
"14 Jul 2025","407pm",13821,330,0,0,0,0,294.64,35.36,0,0,330
"14 Jul 2025","407pm",13822,500,0,0,0,0,446.43,53.57,0,0,500
"14 Jul 2025","410pm",13823,480,0,0,0,0,428.57,51.43,0,0,480
"14 Jul 2025","411pm",13824,240,0,0,0,0,214.29,25.71,0,0,240
"14 Jul 2025","415pm",13825,240,0,0,0,0,214.29,25.71,0,0,240
"14 Jul 2025","415pm",13826,230,0,0,0,0,205.36,24.64,0,0,230
"14 Jul 2025","430pm",13827,240,0,0,0,0,214.29,25.71,0,0,240
"14 Jul 2025","436pm",13828,480,0,0,0,0,428.57,51.43,0,0,480
"14 Jul 2025","438pm",13829,220,0,0,0,0,196.43,23.57,0,0,220
"14 Jul 2025","439pm",13830,200,0,0,0,0,178.57,21.43,0,0,200
"14 Jul 2025","450pm",13831,290,0,0,0,0,258.93,31.07,0,0,290
"14 Jul 2025","502pm",13832,650,0,0,0,0,580.36,69.64,0,0,650
"14 Jul 2025","508pm",13833,240,0,0,0,0,214.29,25.71,0,0,240
"14 Jul 2025","512pm",13834,290,0,0,0,0,258.93,31.07,0,0,290
"14 Jul 2025","514pm",13835,440,0,0,0,0,392.86,47.14,0,0,440
"14 Jul 2025","608pm",13836,470,0,0,0,0,419.64,50.36,0,0,470
"14 Jul 2025","615pm",13837,180,180,0,0,0,0,0,0,0,0
"14 Jul 2025","647pm",13838,480,0,0,0,0,428.57,51.43,0,0,480
"14 Jul 2025","651pm",13839,180,0,0,32.14,0,0,0,128.57,0,128.57
"14 Jul 2025","700pm",13840,240,0,0,42.86,0,0,0,171.43,0,171.43
"14 Jul 2025","702pm",13841,510,0,0,0,0,455.36,54.64,0,0,510
"14 Jul 2025","704pm",13842,200,0,0,0,0,178.57,21.43,0,0,200
"14 Jul 2025","710pm",13843,1180,0,0,48.21,0,812.5,97.5,192.86,0,1102.86
"14 Jul 2025","722pm",13844,290,0,0,0,0,258.93,31.07,0,0,290
"14 Jul 2025","736pm",13845,270,0,0,0,0,241.07,28.93,0,0,270
"14 Jul 2025","744pm",13846,240,0,0,0,0,214.29,25.71,0,0,240
"14 Jul 2025","756pm",13847,270,0,0,0,0,241.07,28.93,0,0,270
"14 Jul 2025","759pm",13848,340,0,0,0,0,303.57,36.43,0,0,340
"14 Jul 2025","803pm",13849,620,0,0,0,0,553.57,66.43,0,0,620
"14 Jul 2025","805pm",13850,240,0,0,0,0,214.29,25.71,0,0,240
"14 Jul 2025","813pm",13851,460,0,0,39.29,0,214.29,25.71,157.14,0,397.14
"14 Jul 2025","815pm",13852,290,0,0,0,0,258.93,31.07,0,0,290
"14 Jul 2025","819pm",13853,450,0,0,0,0,401.79,48.21,0,0,450
"14 Jul 2025","822pm",13854,200,0,0,0,0,178.57,21.43,0,0,200
"14 Jul 2025","825pm",13855,160,0,0,0,0,142.86,17.14,0,0,160
"14 Jul 2025","829pm",13856,240,0,0,0,0,214.29,25.71,0,0,240
"15 Jul 2025","1044am",13857,160,0,0,0,0,142.86,17.14,0,0,160
"15 Jul 2025","1106am",13858,200,0,0,0,0,178.57,21.43,0,0,200
"15 Jul 2025","1132am",13859,340,0,0,0,0,303.57,36.43,0,0,340
"15 Jul 2025","1132am",13860,200,0,0,0,0,178.57,21.43,0,0,200
"15 Jul 2025","1149am",13861,200,0,0,0,0,178.57,21.43,0,0,200
"15 Jul 2025","1200pm",13862,300,0,0,0,0,267.86,32.14,0,0,300
"15 Jul 2025","1203pm",13863,240,0,0,0,0,214.29,25.71,0,0,240
"15 Jul 2025","1211pm",13864,200,0,0,0,0,178.57,21.43,0,0,200
"15 Jul 2025","1224pm",13865,200,0,0,0,0,178.57,21.43,0,0,200
"15 Jul 2025","1227pm",13866,200,0,0,0,0,178.57,21.43,0,0,200
"15 Jul 2025","1229pm",13867,250,0,0,0,0,223.21,26.79,0,0,250
"15 Jul 2025","1230pm",13868,320,0,0,0,0,285.71,34.29,0,0,320
"15 Jul 2025","1236pm",13869,770,0,0,0,0,687.5,82.5,0,0,770
"15 Jul 2025","1240pm",13870,1030,0,0,0,0,919.64,110.36,0,0,1030
"15 Jul 2025","1242pm",13871,290,0,0,0,0,258.93,31.07,0,0,290
"15 Jul 2025","1243pm",13872,200,0,0,0,0,178.57,21.43,0,0,200
"15 Jul 2025","1249pm",13873,270,0,0,0,0,241.07,28.93,0,0,270
"15 Jul 2025","1250pm",13874,200,0,0,0,0,178.57,21.43,0,0,200
"15 Jul 2025","1258pm",13875,240,0,0,0,0,214.29,25.71,0,0,240
"15 Jul 2025","1259pm",13876,200,0,0,0,0,178.57,21.43,0,0,200
"15 Jul 2025","101pm",13877,470,0,0,0,0,419.64,50.36,0,0,470
"15 Jul 2025","102pm",13878,240,0,0,0,0,214.29,25.71,0,0,240
"15 Jul 2025","105pm",13879,200,0,0,35.71,0,0,0,142.86,0,142.86
"15 Jul 2025","108pm",13880,420,0,0,0,0,375,45,0,0,420
"15 Jul 2025","110pm",13881,240,0,0,42.86,0,0,0,171.43,0,171.43
"15 Jul 2025","111pm",13882,200,0,0,0,0,178.57,21.43,0,0,200
"15 Jul 2025","113pm",13883,300,0,0,35.71,0,89.29,10.71,142.86,0,242.86
"15 Jul 2025","116pm",13884,470,0,0,0,0,419.64,50.36,0,0,470
"15 Jul 2025","118pm",13885,200,0,0,35.71,0,0,0,142.86,0,142.86
"15 Jul 2025","122pm",13886,430,0,0,0,0,383.93,46.07,0,0,430
"15 Jul 2025","125pm",13887,470,0,0,0,0,419.64,50.36,0,0,470
"15 Jul 2025","130pm",13888,1010,0,0,0,0,901.79,108.21,0,0,1010
"15 Jul 2025","132pm",13889,200,0,0,0,0,178.57,21.43,0,0,200
"15 Jul 2025","140pm",13890,240,0,0,0,0,214.29,25.71,0,0,240
"15 Jul 2025","144pm",13891,180,0,32.14,0,0,0,0,128.57,0,128.57
"15 Jul 2025","157pm",13892,220,0,0,39.29,0,0,0,157.14,0,157.14
"15 Jul 2025","204pm",13893,160,0,0,0,0,142.86,17.14,0,0,160
"15 Jul 2025","206pm",13894,180,0,0,0,0,160.71,19.29,0,0,180
"15 Jul 2025","228pm",13895,240,0,0,0,0,214.29,25.71,0,0,240
"15 Jul 2025","230pm",13896,200,0,0,0,0,178.57,21.43,0,0,200
"15 Jul 2025","230pm",13897,240,0,0,0,0,214.29,25.71,0,0,240
"15 Jul 2025","236pm",13898,250,0,0,0,0,223.21,26.79,0,0,250
"15 Jul 2025","241pm",13899,240,0,0,0,0,214.29,25.71,0,0,240
"15 Jul 2025","243pm",13900,190,0,0,0,0,169.64,20.36,0,0,190
"15 Jul 2025","246pm",13901,200,0,0,0,0,178.57,21.43,0,0,200
"15 Jul 2025","250pm",13902,270,0,0,0,0,241.07,28.93,0,0,270
"15 Jul 2025","255pm",13903,240,0,0,0,0,214.29,25.71,0,0,240
"15 Jul 2025","335pm",13904,140,0,0,0,0,125,15,0,0,140
"15 Jul 2025","338pm",13905,200,0,0,0,0,178.57,21.43,0,0,200
"15 Jul 2025","350pm",13906,800,0,0,0,0,714.29,85.71,0,0,800
"15 Jul 2025","403pm",13907,220,0,0,0,0,196.43,23.57,0,0,220
"15 Jul 2025","407pm",13908,440,0,0,0,0,392.86,47.14,0,0,440
"15 Jul 2025","415pm",13909,730,0,0,0,0,651.79,78.21,0,0,730
"15 Jul 2025","417pm",13910,670,0,0,0,0,598.21,71.79,0,0,670
"15 Jul 2025","427pm",13911,530,0,0,0,0,473.21,56.79,0,0,530
"15 Jul 2025","447pm",13912,540,0,0,0,0,482.14,57.86,0,0,540
"15 Jul 2025","456pm",13913,520,0,0,0,0,464.29,55.71,0,0,520
"15 Jul 2025","456pm",13914,220,0,0,0,0,196.43,23.57,0,0,220
"15 Jul 2025","503pm",13915,290,0,0,0,0,258.93,31.07,0,0,290
"15 Jul 2025","514pm",13916,480,0,0,0,0,428.57,51.43,0,0,480
"15 Jul 2025","524pm",13917,220,0,0,0,0,196.43,23.57,0,0,220
"15 Jul 2025","550pm",13918,380,0,0,0,0,339.29,40.71,0,0,380
"15 Jul 2025","551pm",13919,270,0,0,48.21,0,0,0,192.86,0,192.86
"15 Jul 2025","553pm",13920,570,0,0,0,0,508.93,61.07,0,0,570
"15 Jul 2025","621pm",13921,240,0,0,0,0,214.29,25.71,0,0,240
"15 Jul 2025","630pm",13922,250,0,0,0,0,223.21,26.79,0,0,250
"15 Jul 2025","637pm",13923,230,0,0,41.07,0,0,0,164.29,0,164.29
"15 Jul 2025","640pm",13924,340,0,0,0,0,303.57,36.43,0,0,340
"15 Jul 2025","646pm",13925,270,270,0,0,0,0,0,0,0,0
"15 Jul 2025","649pm",13926,240,0,0,0,0,214.29,25.71,0,0,240
"15 Jul 2025","654pm",13927,220,0,0,0,0,196.43,23.57,0,0,220
"15 Jul 2025","705pm",13928,220,0,0,0,0,196.43,23.57,0,0,220
"15 Jul 2025","709pm",13929,250,0,0,0,0,223.21,26.79,0,0,250
"15 Jul 2025","715pm",13930,230,0,0,0,0,205.36,24.64,0,0,230
"15 Jul 2025","718pm",13931,520,0,42.86,0,0,250,30,171.43,0,451.43
"15 Jul 2025","739pm",13932,240,0,0,42.86,0,0,0,171.43,0,171.43
"15 Jul 2025","742pm",13933,200,0,0,0,0,178.57,21.43,0,0,200
"15 Jul 2025","743pm",13934,240,0,0,0,0,214.29,25.71,0,0,240
"15 Jul 2025","747pm",13935,250,0,0,44.64,0,0,0,178.57,0,178.57
"15 Jul 2025","751pm",13936,1210,0,148.22,0,0,339.29,40.71,592.85,0,972.85
"15 Jul 2025","754pm",13937,360,0,0,0,0,321.43,38.57,0,0,360
"15 Jul 2025","756pm",13938,540,0,0,0,0,482.14,57.86,0,0,540
"15 Jul 2025","816pm",13939,210,0,0,0,0,187.5,22.5,0,0,210
"15 Jul 2025","844pm",13940,240,0,0,0,0,214.29,25.71,0,0,240
"15 Jul 2025","852pm",13941,240,0,0,0,0,214.29,25.71,0,0,240
"15 Jul 2025","854pm",13942,520,0,0,0,0,464.29,55.71,0,0,520
"15 Jul 2025","944pm",13943,2530,0,0,0,0,2258.93,271.07,0,0,2530
"16 Jul 2025","1001am",13944,440,0,0,0,0,392.86,47.14,0,0,440
"16 Jul 2025","1013am",13945,240,0,0,42.86,0,0,0,171.43,0,171.43
"16 Jul 2025","1043am",13946,250,0,0,0,0,223.21,26.79,0,0,250
"16 Jul 2025","1051am",13947,220,0,0,0,0,196.43,23.57,0,0,220
"16 Jul 2025","1102am",13948,250,0,0,0,0,223.21,26.79,0,0,250
"16 Jul 2025","1140am",13949,250,0,0,0,0,223.21,26.79,0,0,250
"16 Jul 2025","1147am",13950,360,0,0,0,0,321.43,38.57,0,0,360
"16 Jul 2025","1149am",13951,180,0,0,0,0,160.71,19.29,0,0,180
"16 Jul 2025","1206pm",13952,200,0,0,0,0,178.57,21.43,0,0,200
"16 Jul 2025","1219pm",13953,250,0,0,0,0,223.21,26.79,0,0,250
"16 Jul 2025","1221pm",13954,240,0,0,0,0,214.29,25.71,0,0,240
"16 Jul 2025","1226pm",13955,300,0,0,0,0,267.86,32.14,0,0,300
"16 Jul 2025","1231pm",13956,180,0,0,0,0,160.71,19.29,0,0,180
"16 Jul 2025","1234pm",13957,730,0,0,0,0,651.79,78.21,0,0,730
"16 Jul 2025","1235pm",13958,280,0,0,0,0,250,30,0,0,280
"16 Jul 2025","1236pm",13959,290,0,0,0,0,258.93,31.07,0,0,290
"16 Jul 2025","1237pm",13960,220,0,0,0,0,196.43,23.57,0,0,220
"16 Jul 2025","1241pm",13961,240,0,0,0,0,214.29,25.71,0,0,240
"16 Jul 2025","1251pm",13962,0,0,0,0,0,0,0,0,0,0
"16 Jul 2025","1253pm",13963,290,0,0,0,0,258.93,31.07,0,0,290
"16 Jul 2025","1257pm",13964,240,0,0,0,0,214.29,25.71,0,0,240
"16 Jul 2025","1258pm",13965,240,0,0,0,0,214.29,25.71,0,0,240
"16 Jul 2025","100pm",13966,480,0,0,0,0,428.57,51.43,0,0,480
"16 Jul 2025","101pm",13967,700,0,0,0,0,625,75,0,0,700
"16 Jul 2025","101pm",13968,170,0,0,0,0,151.79,18.21,0,0,170
"16 Jul 2025","103pm",13969,340,0,0,0,0,303.57,36.43,0,0,340
"16 Jul 2025","107pm",13970,290,0,0,0,0,258.93,31.07,0,0,290
"16 Jul 2025","111pm",13971,240,0,0,0,0,214.29,25.71,0,0,240
"16 Jul 2025","112pm",13972,240,0,0,0,0,214.29,25.71,0,0,240
"16 Jul 2025","115pm",13973,240,0,0,0,0,214.29,25.71,0,0,240
"16 Jul 2025","116pm",13974,290,0,0,0,0,258.93,31.07,0,0,290
"16 Jul 2025","118pm",13975,270,0,0,0,0,241.07,28.93,0,0,270
"16 Jul 2025","124pm",13976,500,0,0,0,0,446.43,53.57,0,0,500
"16 Jul 2025","133pm",13977,250,0,0,0,0,223.21,26.79,0,0,250
"16 Jul 2025","138pm",13978,290,0,0,42.86,0,44.64,5.36,171.43,0,221.43
"16 Jul 2025","140pm",13979,240,0,0,0,0,214.29,25.71,0,0,240
"16 Jul 2025","140pm",13980,50,0,0,0,0,44.64,5.36,0,0,50
"16 Jul 2025","146pm",13981,540,0,0,0,0,482.14,57.86,0,0,540
"16 Jul 2025","208pm",13982,440,0,0,0,0,392.86,47.14,0,0,440
"16 Jul 2025","236pm",13983,200,0,0,0,0,178.57,21.43,0,0,200
"16 Jul 2025","238pm",13984,240,0,0,0,0,214.29,25.71,0,0,240
"16 Jul 2025","259pm",13985,1400,0,0,0,0,1250,150,0,0,1400
"16 Jul 2025","308pm",13986,200,0,0,0,0,178.57,21.43,0,0,200
"16 Jul 2025","311pm",13987,240,0,0,42.86,0,0,0,171.43,0,171.43
"16 Jul 2025","322pm",13988,290,0,0,0,0,258.93,31.07,0,0,290
"16 Jul 2025","325pm",13989,300,0,0,0,0,267.86,32.14,0,0,300
"16 Jul 2025","327pm",13990,230,0,0,0,0,205.36,24.64,0,0,230
"16 Jul 2025","329pm",13991,180,0,0,0,0,160.71,19.29,0,0,180
"16 Jul 2025","417pm",13992,200,0,0,0,0,178.57,21.43,0,0,200
"16 Jul 2025","424pm",13993,140,99.4,0,0,0,36.25,4.35,0,0,40.6
"16 Jul 2025","426pm",13994,240,0,0,42.86,0,0,0,171.43,0,171.43
"16 Jul 2025","432pm",13995,250,0,0,0,0,223.21,26.79,0,0,250
"16 Jul 2025","443pm",13996,220,0,0,0,0,196.43,23.57,0,0,220
"16 Jul 2025","449pm",13997,220,0,0,0,0,196.43,23.57,0,0,220
"16 Jul 2025","451pm",13998,270,0,0,0,0,241.07,28.93,0,0,270
"16 Jul 2025","452pm",13999,250,0,0,0,0,223.21,26.79,0,0,250
"16 Jul 2025","453pm",14000,620,0,0,0,0,553.57,66.43,0,0,620
"16 Jul 2025","500pm",14001,440,0,0,0,0,392.86,47.14,0,0,440
"16 Jul 2025","507pm",14002,200,0,0,0,0,178.57,21.43,0,0,200
"16 Jul 2025","550pm",14003,250,0,0,0,0,223.21,26.79,0,0,250
"16 Jul 2025","557pm",14004,220,0,0,0,0,196.43,23.57,0,0,220
"16 Jul 2025","608pm",14005,240,0,0,42.86,0,0,0,171.43,0,171.43
"16 Jul 2025","611pm",14006,240,0,0,0,0,214.29,25.71,0,0,240
"16 Jul 2025","612pm",14007,250,0,0,0,0,223.21,26.79,0,0,250
"16 Jul 2025","618pm",14008,240,0,0,0,0,214.29,25.71,0,0,240
"16 Jul 2025","639pm",14009,230,0,0,0,0,205.36,24.64,0,0,230
"16 Jul 2025","651pm",14010,1150,0,0,0,0,1026.79,123.21,0,0,1150
"16 Jul 2025","654pm",14011,270,0,0,0,0,241.07,28.93,0,0,270
"16 Jul 2025","659pm",14012,160,0,0,28.57,0,0,0,114.29,0,114.29
"16 Jul 2025","704pm",14013,1180,0,0,0,0,1053.57,126.43,0,0,1180
"16 Jul 2025","746pm",14014,220,22,0,0,0,176.79,21.21,0,0,198
"16 Jul 2025","752pm",14015,940,0,0,0,0,839.29,100.71,0,0,940
"16 Jul 2025","753pm",14016,190,0,0,0,0,169.64,20.36,0,0,190
"16 Jul 2025","756pm",14017,660,0,0,0,0,589.29,70.71,0,0,660
"16 Jul 2025","806pm",14018,220,220,0,0,0,0,0,0,0,0
"16 Jul 2025","823pm",14019,240,0,0,0,0,214.29,25.71,0,0,240
"16 Jul 2025","824pm",14020,300,0,0,0,0,267.86,32.14,0,0,300
"16 Jul 2025","838pm",14021,480,0,0,0,0,428.57,51.43,0,0,480
"16 Jul 2025","839pm",14022,500,0,0,0,0,446.43,53.57,0,0,500
"16 Jul 2025","902pm",14023,820,0,0,0,0,732.14,87.86,0,0,820
"17 Jul 2025","1133am",14024,410,0,0,0,0,366.07,43.93,0,0,410
"17 Jul 2025","1142am",14025,200,0,0,35.71,0,0,0,142.86,0,142.86
"17 Jul 2025","1146am",14026,220,0,0,0,0,196.43,23.57,0,0,220
"17 Jul 2025","1204pm",14027,180,0,0,0,0,160.71,19.29,0,0,180
"17 Jul 2025","1214pm",14028,730,0,0,0,0,651.79,78.21,0,0,730
"17 Jul 2025","1220pm",14029,300,0,0,35.71,0,89.29,10.71,142.86,0,242.86
"17 Jul 2025","1238pm",14030,240,0,0,0,0,214.29,25.71,0,0,240
"17 Jul 2025","1248pm",14031,380,0,0,0,0,339.29,40.71,0,0,380
"17 Jul 2025","1258pm",14032,930,0,0,0,0,830.36,99.64,0,0,930
"17 Jul 2025","100pm",14033,270,0,0,0,0,241.07,28.93,0,0,270
"17 Jul 2025","101pm",14034,240,0,42.86,0,0,0,0,171.43,0,171.43
"17 Jul 2025","102pm",14035,220,0,0,0,0,196.43,23.57,0,0,220
"17 Jul 2025","106pm",14036,200,0,0,0,0,178.57,21.43,0,0,200
"17 Jul 2025","107pm",14037,270,0,0,0,0,241.07,28.93,0,0,270
"17 Jul 2025","119pm",14038,360,0,0,0,0,321.43,38.57,0,0,360
"17 Jul 2025","128pm",14039,2450,0,0,0,0,2187.5,262.5,0,0,2450
"17 Jul 2025","130pm",14040,220,0,0,0,0,196.43,23.57,0,0,220
"17 Jul 2025","133pm",14041,180,180,0,0,0,0,0,0,0,0
"17 Jul 2025","141pm",14042,120,0,0,0,0,107.14,12.86,0,0,120
"17 Jul 2025","142pm",14043,240,0,0,0,0,214.29,25.71,0,0,240
"17 Jul 2025","200pm",14044,740,0,0,0,0,660.71,79.29,0,0,740
"17 Jul 2025","206pm",14045,90,0,0,0,0,80.36,9.64,0,0,90
"17 Jul 2025","227pm",14046,200,0,35.71,0,0,0,0,142.86,0,142.86
"17 Jul 2025","237pm",14047,120,0,21.43,0,0,0,0,85.71,0,85.71
"17 Jul 2025","253pm",14048,290,0,0,0,0,258.93,31.07,0,0,290
"17 Jul 2025","257pm",14049,740,0,0,0,0,660.71,79.29,0,0,740
"17 Jul 2025","312pm",14050,240,0,0,0,0,214.29,25.71,0,0,240
"17 Jul 2025","316pm",14051,250,0,0,0,0,223.21,26.79,0,0,250
"17 Jul 2025","318pm",14052,200,0,0,0,0,178.57,21.43,0,0,200
"17 Jul 2025","319pm",14053,250,0,0,0,0,223.21,26.79,0,0,250
"17 Jul 2025","320pm",14054,340,0,0,0,0,303.57,36.43,0,0,340
"17 Jul 2025","419pm",14055,240,0,0,42.86,0,0,0,171.43,0,171.43
"17 Jul 2025","521pm",14056,180,0,0,0,0,160.71,19.29,0,0,180
"17 Jul 2025","544pm",14057,240,0,0,0,0,214.29,25.71,0,0,240
"17 Jul 2025","546pm",14058,240,0,0,0,0,214.29,25.71,0,0,240
"17 Jul 2025","603pm",14059,350,0,0,0,0,312.5,37.5,0,0,350
"17 Jul 2025","612pm",14060,160,0,0,0,0,142.86,17.14,0,0,160
"17 Jul 2025","617pm",14061,270,0,0,0,0,241.07,28.93,0,0,270
"17 Jul 2025","621pm",14062,290,0,0,0,0,258.93,31.07,0,0,290
"17 Jul 2025","628pm",14063,480,0,0,0,0,428.57,51.43,0,0,480
"17 Jul 2025","635pm",14064,120,0,0,0,0,107.14,12.86,0,0,120
"17 Jul 2025","638pm",14065,230,0,0,0,0,205.36,24.64,0,0,230
"17 Jul 2025","647pm",14066,180,0,0,0,0,160.71,19.29,0,0,180
"17 Jul 2025","712pm",14067,160,0,0,0,0,142.86,17.14,0,0,160
"17 Jul 2025","713pm",14068,240,0,0,0,0,214.29,25.71,0,0,240
"17 Jul 2025","722pm",14069,520,0,0,0,0,464.29,55.71,0,0,520
"17 Jul 2025","723pm",14070,320,0,0,0,0,285.71,34.29,0,0,320
"17 Jul 2025","726pm",14071,220,0,0,0,0,196.43,23.57,0,0,220
"17 Jul 2025","750pm",14072,1560,0,0,0,0,1392.86,167.14,0,0,1560
"17 Jul 2025","758pm",14073,480,0,0,0,0,428.57,51.43,0,0,480
"17 Jul 2025","802pm",14074,370,0,0,0,0,330.36,39.64,0,0,370
"18 Jul 2025","1017am",14075,250,0,0,0,0,223.21,26.79,0,0,250
"18 Jul 2025","1019am",14076,220,0,0,0,0,196.43,23.57,0,0,220
"18 Jul 2025","1020am",14077,200,0,0,0,0,178.57,21.43,0,0,200
"18 Jul 2025","1029am",14078,180,0,0,32.14,0,0,0,128.57,0,128.57
"18 Jul 2025","1048am",14079,540,0,0,0,0,482.14,57.86,0,0,540
"18 Jul 2025","1103am",14080,450,0,0,0,0,401.79,48.21,0,0,450
"18 Jul 2025","1104am",14081,240,0,0,0,0,214.29,25.71,0,0,240
"18 Jul 2025","1140am",14082,160,0,0,0,0,142.86,17.14,0,0,160
"18 Jul 2025","1152am",14083,280,0,0,0,0,250,30,0,0,280
"18 Jul 2025","1216pm",14084,140,0,0,0,0,125,15,0,0,140
"18 Jul 2025","1238pm",14085,220,0,0,0,0,196.43,23.57,0,0,220
"18 Jul 2025","1243pm",14086,270,0,0,0,0,241.07,28.93,0,0,270
"18 Jul 2025","1254pm",14087,240,0,0,0,0,214.29,25.71,0,0,240
"18 Jul 2025","105pm",14088,180,0,0,0,0,160.71,19.29,0,0,180
"18 Jul 2025","114pm",14089,200,20,0,0,0,160.71,19.29,0,0,180
"18 Jul 2025","116pm",14090,200,0,0,0,0,178.57,21.43,0,0,200
"18 Jul 2025","119pm",14091,480,0,0,0,0,428.57,51.43,0,0,480
"18 Jul 2025","121pm",14092,240,0,0,0,0,214.29,25.71,0,0,240
"18 Jul 2025","138pm",14093,340,0,0,0,0,303.57,36.43,0,0,340
"18 Jul 2025","139pm",14094,580,0,0,0,0,517.86,62.14,0,0,580
"18 Jul 2025","154pm",14095,240,0,0,0,0,214.29,25.71,0,0,240
"18 Jul 2025","208pm",14096,240,0,0,0,0,214.29,25.71,0,0,240
"18 Jul 2025","210pm",14097,180,0,0,0,0,160.71,19.29,0,0,180
"18 Jul 2025","220pm",14098,240,0,0,0,0,214.29,25.71,0,0,240
"18 Jul 2025","224pm",14099,450,0,80.35,0,0,0,0,321.43,0,321.43
"18 Jul 2025","236pm",14100,240,0,0,0,0,214.29,25.71,0,0,240
"18 Jul 2025","252pm",14101,340,0,0,0,0,303.57,36.43,0,0,340
"18 Jul 2025","253pm",14102,240,0,0,0,0,214.29,25.71,0,0,240
"18 Jul 2025","325pm",14103,180,0,0,0,0,160.71,19.29,0,0,180
"18 Jul 2025","335pm",14104,270,0,0,0,0,241.07,28.93,0,0,270
"18 Jul 2025","338pm",14105,290,0,0,0,0,258.93,31.07,0,0,290
"18 Jul 2025","344pm",14106,480,0,0,0,0,428.57,51.43,0,0,480
"18 Jul 2025","354pm",14107,690,0,0,0,0,616.07,73.93,0,0,690
"18 Jul 2025","406pm",14108,140,0,0,0,0,125,15,0,0,140
"18 Jul 2025","407pm",14109,200,0,0,0,0,178.57,21.43,0,0,200
"18 Jul 2025","424pm",14110,180,0,0,0,0,160.71,19.29,0,0,180
"18 Jul 2025","429pm",14111,360,0,0,0,0,321.43,38.57,0,0,360
"18 Jul 2025","432pm",14112,440,0,0,0,0,392.86,47.14,0,0,440
"18 Jul 2025","441pm",14113,240,0,0,0,0,214.29,25.71,0,0,240
"18 Jul 2025","453pm",14114,1610,0,0,0,0,1437.5,172.5,0,0,1610
"18 Jul 2025","456pm",14115,540,0,0,0,0,482.14,57.86,0,0,540
"18 Jul 2025","509pm",14116,290,0,0,0,0,258.93,31.07,0,0,290
"18 Jul 2025","515pm",14117,410,0,0,0,0,366.07,43.93,0,0,410
"18 Jul 2025","531pm",14118,240,0,0,0,0,214.29,25.71,0,0,240
"18 Jul 2025","533pm",14119,180,0,0,32.14,0,0,0,128.57,0,128.57
"18 Jul 2025","534pm",14120,220,0,0,0,0,196.43,23.57,0,0,220
"18 Jul 2025","541pm",14121,370,0,0,0,0,330.36,39.64,0,0,370
"18 Jul 2025","548pm",14122,220,0,0,0,0,196.43,23.57,0,0,220
"18 Jul 2025","552pm",14123,400,0,0,71.43,0,0,0,285.71,0,285.71
"18 Jul 2025","554pm",14124,300,0,0,0,0,267.86,32.14,0,0,300
"18 Jul 2025","600pm",14125,220,0,0,0,0,196.43,23.57,0,0,220
"18 Jul 2025","615pm",14126,230,0,0,0,0,205.36,24.64,0,0,230
"18 Jul 2025","619pm",14127,520,0,0,0,0,464.29,55.71,0,0,520
"18 Jul 2025","628pm",14128,280,0,0,0,0,250,30,0,0,280
"18 Jul 2025","646pm",14129,180,0,0,0,0,160.71,19.29,0,0,180
"18 Jul 2025","704pm",14130,700,0,0,0,0,625,75,0,0,700
"18 Jul 2025","710pm",14131,320,0,0,0,0,285.71,34.29,0,0,320
"18 Jul 2025","714pm",14132,0,0,0,0,0,0,0,0,0,0
"18 Jul 2025","714pm",14133,200,0,0,0,0,178.57,21.43,0,0,200
"18 Jul 2025","725pm",14134,250,0,0,0,0,223.21,26.79,0,0,250
"18 Jul 2025","728pm",14135,200,0,0,0,0,178.57,21.43,0,0,200
"18 Jul 2025","735pm",14136,300,0,0,44.64,0,44.64,5.36,178.57,0,228.57
"18 Jul 2025","737pm",14137,240,0,0,0,0,214.29,25.71,0,0,240
"18 Jul 2025","747pm",14138,610,0,0,0,0,544.64,65.36,0,0,610
"18 Jul 2025","759pm",14139,220,0,0,0,0,196.43,23.57,0,0,220
"18 Jul 2025","801pm",14140,220,0,0,0,0,196.43,23.57,0,0,220
"18 Jul 2025","803pm",14141,290,0,0,0,0,258.93,31.07,0,0,290
"18 Jul 2025","815pm",14142,240,0,0,0,0,214.29,25.71,0,0,240
"18 Jul 2025","831pm",14143,440,0,42.86,0,0,178.57,21.43,171.43,0,371.43
"18 Jul 2025","835pm",14144,290,0,0,0,0,258.93,31.07,0,0,290
"18 Jul 2025","841pm",14145,0,0,0,0,0,0,0,0,0,0
"18 Jul 2025","844pm",14146,250,0,0,0,0,223.21,26.79,0,0,250
"18 Jul 2025","856pm",14147,180,0,0,0,0,160.71,19.29,0,0,180
"18 Jul 2025","906pm",14148,140,0,0,0,0,125,15,0,0,140
"18 Jul 2025","941pm",14149,540,0,0,0,0,482.14,57.86,0,0,540
"19 Jul 2025","1059am",14150,230,0,0,0,0,205.36,24.64,0,0,230
"19 Jul 2025","1102am",14151,200,0,0,35.71,0,0,0,142.86,0,142.86
"19 Jul 2025","1211pm",14152,360,0,0,0,0,321.43,38.57,0,0,360
"19 Jul 2025","1213pm",14153,220,0,0,0,0,196.43,23.57,0,0,220
"19 Jul 2025","1227pm",14154,410,0,0,0,0,366.07,43.93,0,0,410
"19 Jul 2025","1233pm",14155,520,0,0,0,0,464.29,55.71,0,0,520
"19 Jul 2025","1241pm",14156,420,0,0,0,0,375,45,0,0,420
"19 Jul 2025","111pm",14157,360,0,0,0,0,321.43,38.57,0,0,360
"19 Jul 2025","113pm",14158,270,0,0,0,0,241.07,28.93,0,0,270
"19 Jul 2025","118pm",14159,180,0,0,0,0,160.71,19.29,0,0,180
"19 Jul 2025","120pm",14160,510,0,0,0,0,455.36,54.64,0,0,510
"19 Jul 2025","135pm",14161,250,0,0,0,0,223.21,26.79,0,0,250
"19 Jul 2025","142pm",14162,240,0,0,0,0,214.29,25.71,0,0,240
"19 Jul 2025","143pm",14163,200,0,0,0,0,178.57,21.43,0,0,200
"19 Jul 2025","148pm",14164,180,0,0,0,0,160.71,19.29,0,0,180
"19 Jul 2025","151pm",14165,270,0,0,0,0,241.07,28.93,0,0,270
"19 Jul 2025","155pm",14166,180,0,0,0,0,160.71,19.29,0,0,180
"19 Jul 2025","156pm",14167,220,0,0,0,0,196.43,23.57,0,0,220
"19 Jul 2025","159pm",14168,430,0,0,39.29,0,187.5,22.5,157.14,0,367.14
"19 Jul 2025","210pm",14169,600,0,0,0,0,535.71,64.29,0,0,600
"19 Jul 2025","211pm",14170,250,0,0,0,0,223.21,26.79,0,0,250
"19 Jul 2025","219pm",14171,220,0,0,0,0,196.43,23.57,0,0,220
"19 Jul 2025","226pm",14172,220,0,0,0,0,196.43,23.57,0,0,220
"19 Jul 2025","228pm",14173,360,0,0,0,0,321.43,38.57,0,0,360
"19 Jul 2025","229pm",14174,250,0,0,0,0,223.21,26.79,0,0,250
"19 Jul 2025","230pm",14175,230,0,0,0,0,205.36,24.64,0,0,230
"19 Jul 2025","236pm",14176,440,0,0,0,0,392.86,47.14,0,0,440
"19 Jul 2025","241pm",14177,240,0,0,0,0,214.29,25.71,0,0,240
"19 Jul 2025","251pm",14178,530,0,0,0,0,473.21,56.79,0,0,530
"19 Jul 2025","252pm",14179,200,0,0,35.71,0,0,0,142.86,0,142.86
"19 Jul 2025","254pm",14180,140,0,0,0,0,125,15,0,0,140
"19 Jul 2025","256pm",14181,140,0,0,0,0,125,15,0,0,140
"19 Jul 2025","258pm",14182,50,0,0,0,0,44.64,5.36,0,0,50
"19 Jul 2025","307pm",14183,240,0,0,0,0,214.29,25.71,0,0,240
"19 Jul 2025","314pm",14184,440,0,0,0,0,392.86,47.14,0,0,440
"19 Jul 2025","336pm",14185,450,0,0,80.36,0,0,0,321.43,0,321.43
"19 Jul 2025","346pm",14186,200,0,0,0,0,178.57,21.43,0,0,200
"19 Jul 2025","351pm",14187,390,0,0,0,0,348.21,41.79,0,0,390
"19 Jul 2025","407pm",14188,230,0,0,0,0,205.36,24.64,0,0,230
"19 Jul 2025","409pm",14189,580,0,0,0,0,517.86,62.14,0,0,580
"19 Jul 2025","411pm",14190,300,0,0,0,0,267.86,32.14,0,0,300
"19 Jul 2025","411pm",14191,300,0,0,0,0,267.86,32.14,0,0,300
"19 Jul 2025","413pm",14192,250,0,0,0,0,223.21,26.79,0,0,250
"19 Jul 2025","415pm",14193,220,0,0,39.29,0,0,0,157.14,0,157.14
"19 Jul 2025","417pm",14194,330,0,0,0,0,294.64,35.36,0,0,330
"19 Jul 2025","421pm",14195,450,0,0,0,0,401.79,48.21,0,0,450
"19 Jul 2025","424pm",14196,420,0,0,0,0,375,45,0,0,420
"19 Jul 2025","425pm",14197,220,0,0,0,0,196.43,23.57,0,0,220
"19 Jul 2025","432pm",14198,0,0,0,0,0,0,0,0,0,0
"19 Jul 2025","433pm",14199,200,0,0,0,0,178.57,21.43,0,0,200
"19 Jul 2025","434pm",14200,250,0,0,0,0,223.21,26.79,0,0,250
"19 Jul 2025","435pm",14201,490,0,0,0,0,437.5,52.5,0,0,490
"19 Jul 2025","441pm",14202,250,0,0,0,0,223.21,26.79,0,0,250
"19 Jul 2025","444pm",14203,270,0,0,48.21,0,0,0,192.86,0,192.86
"19 Jul 2025","445pm",14204,200,0,0,0,0,178.57,21.43,0,0,200
"19 Jul 2025","446pm",14205,220,0,0,0,0,196.43,23.57,0,0,220
"19 Jul 2025","447pm",14206,300,0,0,0,0,267.86,32.14,0,0,300
"19 Jul 2025","452pm",14207,760,0,0,0,0,678.57,81.43,0,0,760
"19 Jul 2025","505pm",14208,270,27,0,0,0,216.96,26.04,0,0,243
"19 Jul 2025","523pm",14209,270,0,0,0,0,241.07,28.93,0,0,270
"19 Jul 2025","526pm",14210,540,0,0,0,0,482.14,57.86,0,0,540
"19 Jul 2025","529pm",14211,690,0,0,0,0,616.07,73.93,0,0,690
"19 Jul 2025","537pm",14212,240,0,0,0,0,214.29,25.71,0,0,240
"19 Jul 2025","538pm",14213,200,0,0,0,0,178.57,21.43,0,0,200
"19 Jul 2025","540pm",14214,250,0,0,44.64,0,0,0,178.57,0,178.57
"19 Jul 2025","602pm",14215,300,0,0,0,0,267.86,32.14,0,0,300
"19 Jul 2025","606pm",14216,220,0,0,0,0,196.43,23.57,0,0,220
"19 Jul 2025","614pm",14217,180,0,0,0,0,160.71,19.29,0,0,180
"19 Jul 2025","619pm",14218,580,0,0,0,0,517.86,62.14,0,0,580
"19 Jul 2025","629pm",14219,180,0,0,0,0,160.71,19.29,0,0,180
"19 Jul 2025","634pm",14220,160,0,0,0,0,142.86,17.14,0,0,160
"19 Jul 2025","636pm",14221,480,0,0,0,0,428.57,51.43,0,0,480
"19 Jul 2025","641pm",14222,440,0,0,0,0,392.86,47.14,0,0,440
"19 Jul 2025","651pm",14223,290,0,0,0,0,258.93,31.07,0,0,290
"19 Jul 2025","705pm",14224,240,0,0,0,0,214.29,25.71,0,0,240
"19 Jul 2025","709pm",14225,220,0,0,0,0,196.43,23.57,0,0,220
"19 Jul 2025","712pm",14226,440,0,0,0,0,392.86,47.14,0,0,440
"19 Jul 2025","713pm",14227,240,0,0,0,0,214.29,25.71,0,0,240
"19 Jul 2025","737pm",14228,290,0,0,0,0,258.93,31.07,0,0,290
"19 Jul 2025","742pm",14229,490,0,0,0,0,437.5,52.5,0,0,490
"19 Jul 2025","745pm",14230,450,0,0,0,0,401.79,48.21,0,0,450
"19 Jul 2025","748pm",14231,240,0,0,0,0,214.29,25.71,0,0,240
"19 Jul 2025","752pm",14232,270,0,0,0,0,241.07,28.93,0,0,270
"19 Jul 2025","818pm",14233,270,0,0,0,0,241.07,28.93,0,0,270
"19 Jul 2025","830pm",14234,270,0,0,0,0,241.07,28.93,0,0,270
"19 Jul 2025","922pm",14235,2130,0,0,0,0,1901.79,228.21,0,0,2130
"20 Jul 2025","1013am",14236,0,0,0,0,0,0,0,0,0,0
"20 Jul 2025","1014am",14237,50,0,0,0,0,44.64,5.36,0,0,50
"20 Jul 2025","1017am",14238,180,0,0,0,0,160.71,19.29,0,0,180
"20 Jul 2025","1057am",14239,0,0,0,0,0,0,0,0,0,0
"20 Jul 2025","1131am",14240,180,0,0,0,0,160.71,19.29,0,0,180
"20 Jul 2025","1149am",14241,530,0,0,0,0,473.21,56.79,0,0,530
"20 Jul 2025","1159am",14242,220,0,0,0,0,196.43,23.57,0,0,220
"20 Jul 2025","1214pm",14243,480,0,0,0,0,428.57,51.43,0,0,480
"20 Jul 2025","1216pm",14244,180,0,0,0,0,160.71,19.29,0,0,180
"20 Jul 2025","1223pm",14245,220,0,0,0,0,196.43,23.57,0,0,220
"20 Jul 2025","1243pm",14246,180,0,0,0,0,160.71,19.29,0,0,180
"20 Jul 2025","101pm",14247,200,0,0,0,0,178.57,21.43,0,0,200
"20 Jul 2025","112pm",14248,220,0,0,0,0,196.43,23.57,0,0,220
"20 Jul 2025","120pm",14249,220,0,0,0,0,196.43,23.57,0,0,220
"20 Jul 2025","123pm",14250,390,0,0,0,0,348.21,41.79,0,0,390
"20 Jul 2025","135pm",14251,670,0,0,0,0,598.21,71.79,0,0,670
"20 Jul 2025","140pm",14252,410,0,0,0,0,366.07,43.93,0,0,410
"20 Jul 2025","142pm",14253,490,0,0,0,0,437.5,52.5,0,0,490
"20 Jul 2025","149pm",14254,250,0,0,0,0,223.21,26.79,0,0,250
"20 Jul 2025","151pm",14255,180,0,0,0,0,160.71,19.29,0,0,180
"20 Jul 2025","157pm",14256,180,0,0,0,0,160.71,19.29,0,0,180
"20 Jul 2025","205pm",14257,440,0,42.86,0,0,178.57,21.43,171.43,0,371.43
"20 Jul 2025","212pm",14258,220,0,0,0,0,196.43,23.57,0,0,220
"20 Jul 2025","215pm",14259,230,0,0,0,0,205.36,24.64,0,0,230
"20 Jul 2025","219pm",14260,480,0,0,0,0,428.57,51.43,0,0,480
"20 Jul 2025","221pm",14261,240,0,0,0,0,214.29,25.71,0,0,240
"20 Jul 2025","227pm",14262,420,0,42.86,0,0,160.71,19.29,171.43,0,351.43
"20 Jul 2025","228pm",14263,270,0,0,0,0,241.07,28.93,0,0,270
"20 Jul 2025","252pm",14264,180,0,0,0,0,160.71,19.29,0,0,180
"20 Jul 2025","252pm",14265,220,0,0,0,0,196.43,23.57,0,0,220
"20 Jul 2025","257pm",14266,190,190,0,0,0,0,0,0,0,0
"20 Jul 2025","303pm",14267,400,0,0,0,0,357.14,42.86,0,0,400
"20 Jul 2025","305pm",14268,200,0,0,0,0,178.57,21.43,0,0,200
"20 Jul 2025","307pm",14269,290,0,0,0,0,258.93,31.07,0,0,290
"20 Jul 2025","309pm",14270,290,0,0,0,0,258.93,31.07,0,0,290
"20 Jul 2025","310pm",14271,590,0,0,0,0,526.79,63.21,0,0,590
"20 Jul 2025","318pm",14272,200,0,0,0,0,178.57,21.43,0,0,200
"20 Jul 2025","325pm",14273,220,0,0,0,0,196.43,23.57,0,0,220
"20 Jul 2025","334pm",14274,360,0,0,0,0,321.43,38.57,0,0,360
"20 Jul 2025","351pm",14275,620,0,0,32.14,0,392.86,47.14,128.57,0,568.57
"20 Jul 2025","352pm",14276,270,0,0,0,0,241.07,28.93,0,0,270
"20 Jul 2025","404pm",14277,220,0,0,0,0,196.43,23.57,0,0,220
"20 Jul 2025","409pm",14278,120,0,0,0,0,107.14,12.86,0,0,120
"20 Jul 2025","420pm",14279,160,0,0,0,0,142.86,17.14,0,0,160
"20 Jul 2025","421pm",14280,0,0,0,0,0,0,0,0,0,0
"20 Jul 2025","426pm",14281,520,0,0,0,0,464.29,55.71,0,0,520
"20 Jul 2025","428pm",14282,220,220,0,0,0,0,0,0,0,0
"20 Jul 2025","430pm",14283,670,0,0,0,0,598.21,71.79,0,0,670
"20 Jul 2025","434pm",14284,430,0,35.71,0,0,205.36,24.64,142.86,0,372.86
"20 Jul 2025","436pm",14285,240,0,0,0,0,214.29,25.71,0,0,240
"20 Jul 2025","437pm",14286,200,0,0,0,0,178.57,21.43,0,0,200
"20 Jul 2025","453pm",14287,540,0,0,0,0,482.14,57.86,0,0,540
"20 Jul 2025","459pm",14288,1530,0,0,0,0,1366.07,163.93,0,0,1530
"20 Jul 2025","510pm",14289,180,0,0,0,0,160.71,19.29,0,0,180
"20 Jul 2025","543pm",14290,530,0,0,0,0,473.21,56.79,0,0,530
"20 Jul 2025","556pm",14291,200,0,0,0,0,178.57,21.43,0,0,200
"20 Jul 2025","605pm",14292,240,0,0,42.86,0,0,0,171.43,0,171.43
"20 Jul 2025","616pm",14293,720,0,0,0,0,642.86,77.14,0,0,720
"20 Jul 2025","622pm",14294,200,0,0,35.71,0,0,0,142.86,0,142.86
"20 Jul 2025","628pm",14295,230,0,0,0,0,205.36,24.64,0,0,230
"20 Jul 2025","637pm",14296,250,0,0,0,0,223.21,26.79,0,0,250
"20 Jul 2025","641pm",14297,120,0,0,0,0,107.14,12.86,0,0,120
"20 Jul 2025","645pm",14298,240,0,0,0,0,214.29,25.71,0,0,240
"20 Jul 2025","713pm",14299,240,0,0,0,0,214.29,25.71,0,0,240
"20 Jul 2025","727pm",14300,460,0,0,0,0,410.71,49.29,0,0,460
"20 Jul 2025","741pm",14301,200,0,0,0,0,178.57,21.43,0,0,200
"20 Jul 2025","743pm",14302,580,0,0,0,0,517.86,62.14,0,0,580
"20 Jul 2025","746pm",14303,570,0,0,0,0,508.93,61.07,0,0,570
"20 Jul 2025","755pm",14304,560,0,0,0,0,500,60,0,0,560
"20 Jul 2025","836pm",14305,250,0,0,0,0,223.21,26.79,0,0,250
"20 Jul 2025","838pm",14306,410,0,0,0,0,366.07,43.93,0,0,410
"20 Jul 2025","839pm",14307,180,0,0,0,0,160.71,19.29,0,0,180
"20 Jul 2025","845pm",14308,230,0,0,32.14,0,44.64,5.36,128.57,0,178.57
"20 Jul 2025","848pm",14309,440,0,0,0,0,392.86,47.14,0,0,440
"20 Jul 2025","849pm",14310,300,0,0,35.71,0,89.29,10.71,142.86,0,242.86
"20 Jul 2025","852pm",14311,270,0,48.21,0,0,0,0,192.86,0,192.86
"20 Jul 2025","856pm",14312,250,0,0,0,0,223.21,26.79,0,0,250
"20 Jul 2025","858pm",14313,290,0,0,0,0,258.93,31.07,0,0,290
"20 Jul 2025","903pm",14314,290,0,0,0,0,258.93,31.07,0,0,290
"20 Jul 2025","910pm",14315,200,0,0,0,0,178.57,21.43,0,0,200
"21 Jul 2025","1157am",14316,0,0,0,0,0,0,0,0,0,0
"21 Jul 2025","1223pm",14317,240,0,0,42.86,0,0,0,171.43,0,171.43
"21 Jul 2025","1228pm",14318,770,0,0,0,0,687.5,82.5,0,0,770
"21 Jul 2025","1243pm",14319,200,0,0,0,0,178.57,21.43,0,0,200
"21 Jul 2025","1249pm",14320,250,0,0,0,0,223.21,26.79,0,0,250
"21 Jul 2025","1250pm",14321,220,0,0,0,0,196.43,23.57,0,0,220
"21 Jul 2025","1253pm",14322,180,0,0,0,0,160.71,19.29,0,0,180
"21 Jul 2025","1257pm",14323,180,0,0,0,0,160.71,19.29,0,0,180
"21 Jul 2025","1259pm",14324,200,0,0,0,0,178.57,21.43,0,0,200
"21 Jul 2025","100pm",14325,200,0,0,0,0,178.57,21.43,0,0,200
"21 Jul 2025","127pm",14326,200,20,0,0,0,160.71,19.29,0,0,180
"21 Jul 2025","130pm",14327,160,0,0,0,0,142.86,17.14,0,0,160
"21 Jul 2025","131pm",14328,160,0,0,0,0,142.86,17.14,0,0,160
"21 Jul 2025","135pm",14329,230,0,0,0,0,205.36,24.64,0,0,230
"21 Jul 2025","235pm",14330,440,0,0,0,0,392.86,47.14,0,0,440
"21 Jul 2025","254pm",14331,180,0,0,0,0,160.71,19.29,0,0,180
"21 Jul 2025","318pm",14332,200,0,0,0,0,178.57,21.43,0,0,200
"21 Jul 2025","323pm",14333,1910,0,0,0,0,1705.36,204.64,0,0,1910
"21 Jul 2025","334pm",14334,530,0,0,0,0,473.21,56.79,0,0,530
"21 Jul 2025","404pm",14335,240,0,0,0,0,214.29,25.71,0,0,240
"21 Jul 2025","405pm",14336,250,0,0,0,0,223.21,26.79,0,0,250
"21 Jul 2025","409pm",14337,270,0,0,0,0,241.07,28.93,0,0,270
"21 Jul 2025","423pm",14338,360,0,0,0,0,321.43,38.57,0,0,360
"21 Jul 2025","448pm",14339,240,0,0,42.86,0,0,0,171.43,0,171.43
"21 Jul 2025","502pm",14340,360,0,0,0,0,321.43,38.57,0,0,360
"21 Jul 2025","614pm",14341,200,0,0,0,0,178.57,21.43,0,0,200
"21 Jul 2025","622pm",14342,230,0,0,0,0,205.36,24.64,0,0,230
"21 Jul 2025","624pm",14343,220,0,0,0,0,196.43,23.57,0,0,220
"21 Jul 2025","628pm",14344,180,0,0,0,0,160.71,19.29,0,0,180
"21 Jul 2025","638pm",14345,240,0,0,42.86,0,0,0,171.43,0,171.43
"21 Jul 2025","643pm",14346,200,0,0,0,0,178.57,21.43,0,0,200
"21 Jul 2025","651pm",14347,270,0,0,0,0,241.07,28.93,0,0,270
"22 Jul 2025","101pm",14348,220,0,0,39.29,0,0,0,157.14,0,157.14
"22 Jul 2025","110pm",14349,200,0,0,0,0,178.57,21.43,0,0,200
"22 Jul 2025","117pm",14350,200,0,0,0,0,178.57,21.43,0,0,200
"22 Jul 2025","118pm",14351,240,0,0,0,0,214.29,25.71,0,0,240
"22 Jul 2025","124pm",14352,250,0,0,0,0,223.21,26.79,0,0,250
"22 Jul 2025","129pm",14353,200,0,0,0,0,178.57,21.43,0,0,200
"22 Jul 2025","145pm",14354,240,0,0,0,0,214.29,25.71,0,0,240
"22 Jul 2025","148pm",14355,270,0,0,0,0,241.07,28.93,0,0,270
"22 Jul 2025","152pm",14356,180,0,0,0,0,160.71,19.29,0,0,180
"22 Jul 2025","206pm",14357,270,0,0,0,0,241.07,28.93,0,0,270
"22 Jul 2025","209pm",14358,230,0,0,0,0,205.36,24.64,0,0,230
"22 Jul 2025","237pm",14359,220,0,0,0,0,196.43,23.57,0,0,220
"22 Jul 2025","301pm",14360,440,0,0,0,0,392.86,47.14,0,0,440
"22 Jul 2025","311pm",14361,290,0,0,0,0,258.93,31.07,0,0,290
"22 Jul 2025","330pm",14362,240,0,0,0,0,214.29,25.71,0,0,240
"22 Jul 2025","333pm",14363,620,0,0,0,0,553.57,66.43,0,0,620
"22 Jul 2025","337pm",14364,200,0,0,35.71,0,0,0,142.86,0,142.86
"22 Jul 2025","351pm",14365,220,0,0,0,0,196.43,23.57,0,0,220
"22 Jul 2025","415pm",14366,200,0,0,0,0,178.57,21.43,0,0,200
"22 Jul 2025","416pm",14367,240,0,0,0,0,214.29,25.71,0,0,240
"22 Jul 2025","436pm",14368,270,0,0,48.21,0,0,0,192.86,0,192.86
"22 Jul 2025","445pm",14369,290,0,0,0,0,258.93,31.07,0,0,290
"22 Jul 2025","449pm",14370,200,0,0,35.71,0,0,0,142.86,0,142.86
"22 Jul 2025","504pm",14371,450,0,0,0,0,401.79,48.21,0,0,450
"22 Jul 2025","511pm",14372,230,0,0,32.14,0,44.64,5.36,128.57,0,178.57
"22 Jul 2025","536pm",14373,1200,1200,0,0,0,0,0,0,0,0
"22 Jul 2025","548pm",14374,830,0,0,48.21,0,500,60,192.86,0,752.86
"22 Jul 2025","629pm",14375,710,0,0,0,0,633.93,76.07,0,0,710
"23 Jul 2025","1019am",14376,200,0,0,0,0,178.57,21.43,0,0,200
"23 Jul 2025","1101am",14377,500,0,0,0,0,446.43,53.57,0,0,500
"23 Jul 2025","1204pm",14378,270,0,0,0,0,241.07,28.93,0,0,270
"23 Jul 2025","1217pm",14379,220,0,0,0,0,196.43,23.57,0,0,220
"23 Jul 2025","1219pm",14380,270,0,0,0,0,241.07,28.93,0,0,270
"23 Jul 2025","1228pm",14381,240,0,0,42.86,0,0,0,171.43,0,171.43
"23 Jul 2025","1231pm",14382,240,0,0,0,0,214.29,25.71,0,0,240
"23 Jul 2025","1237pm",14383,180,0,0,0,0,160.71,19.29,0,0,180
"23 Jul 2025","1256pm",14384,400,0,0,0,0,357.14,42.86,0,0,400
"23 Jul 2025","1257pm",14385,220,0,0,0,0,196.43,23.57,0,0,220
"23 Jul 2025","111pm",14386,270,0,0,48.21,0,0,0,192.86,0,192.86
"23 Jul 2025","119pm",14387,290,0,0,0,0,258.93,31.07,0,0,290
"23 Jul 2025","123pm",14388,240,0,0,42.86,0,0,0,171.43,0,171.43
"23 Jul 2025","129pm",14389,220,0,0,0,0,196.43,23.57,0,0,220
"23 Jul 2025","138pm",14390,220,0,0,39.29,0,0,0,157.14,0,157.14
"23 Jul 2025","141pm",14391,530,0,0,0,0,473.21,56.79,0,0,530
"23 Jul 2025","152pm",14392,460,0,0,0,0,410.71,49.29,0,0,460
"23 Jul 2025","158pm",14393,420,0,0,0,0,375,45,0,0,420
"23 Jul 2025","206pm",14394,180,0,0,32.14,0,0,0,128.57,0,128.57
"23 Jul 2025","207pm",14395,180,0,0,0,0,160.71,19.29,0,0,180
"23 Jul 2025","247pm",14396,200,0,0,0,0,178.57,21.43,0,0,200
"23 Jul 2025","255pm",14397,160,0,0,28.57,0,0,0,114.29,0,114.29
"23 Jul 2025","317pm",14398,460,0,0,51.79,0,151.79,18.21,207.14,0,377.14
"23 Jul 2025","327pm",14399,240,0,0,0,0,214.29,25.71,0,0,240
"23 Jul 2025","354pm",14400,250,0,0,0,0,223.21,26.79,0,0,250
"23 Jul 2025","424pm",14401,180,0,0,0,0,160.71,19.29,0,0,180
"23 Jul 2025","440pm",14402,190,0,0,33.93,0,0,0,135.71,0,135.71
"23 Jul 2025","445pm",14403,220,0,0,0,0,196.43,23.57,0,0,220
"23 Jul 2025","503pm",14404,160,0,0,0,0,142.86,17.14,0,0,160
"23 Jul 2025","505pm",14405,230,0,0,32.14,0,44.64,5.36,128.57,0,178.57
"23 Jul 2025","524pm",14406,240,0,0,0,0,214.29,25.71,0,0,240
"23 Jul 2025","525pm",14407,490,0,0,48.21,0,196.43,23.57,192.86,0,412.86
"23 Jul 2025","527pm",14408,230,0,0,0,0,205.36,24.64,0,0,230
"23 Jul 2025","629pm",14409,180,0,0,0,0,160.71,19.29,0,0,180
"23 Jul 2025","631pm",14410,200,0,0,0,0,178.57,21.43,0,0,200
"23 Jul 2025","633pm",14411,200,0,0,0,0,178.57,21.43,0,0,200
"23 Jul 2025","643pm",14412,240,0,0,0,0,214.29,25.71,0,0,240
"23 Jul 2025","643pm",14413,50,0,0,0,0,44.64,5.36,0,0,50
"23 Jul 2025","647pm",14414,220,0,0,0,0,196.43,23.57,0,0,220
"23 Jul 2025","655pm",14415,490,0,0,0,0,437.5,52.5,0,0,490
"23 Jul 2025","704pm",14416,310,0,0,0,0,276.79,33.21,0,0,310
"23 Jul 2025","704pm",14417,250,0,0,0,0,223.21,26.79,0,0,250
"23 Jul 2025","718pm",14418,230,0,0,0,0,205.36,24.64,0,0,230
"23 Jul 2025","722pm",14419,240,0,0,0,0,214.29,25.71,0,0,240
"23 Jul 2025","742pm",14420,120,0,0,0,0,107.14,12.86,0,0,120
"23 Jul 2025","744pm",14421,510,0,0,0,0,455.36,54.64,0,0,510
"23 Jul 2025","754pm",14422,180,0,0,0,0,160.71,19.29,0,0,180
"23 Jul 2025","803pm",14423,240,0,0,0,0,214.29,25.71,0,0,240
"23 Jul 2025","813pm",14424,720,0,0,0,0,642.86,77.14,0,0,720
"23 Jul 2025","817pm",14425,530,0,0,42.86,0,258.93,31.07,171.43,0,461.43
"23 Jul 2025","822pm",14426,220,0,0,0,0,196.43,23.57,0,0,220
"23 Jul 2025","823pm",14427,120,0,0,0,0,107.14,12.86,0,0,120
"23 Jul 2025","849pm",14428,400,0,0,0,0,357.14,42.86,0,0,400
"23 Jul 2025","902pm",14429,320,0,0,0,0,285.71,34.29,0,0,320
"23 Jul 2025","936pm",14430,1490,0,0,0,0,1330.36,159.64,0,0,1490
"24 Jul 2025","1054am",14431,710,0,0,0,0,633.93,76.07,0,0,710
"24 Jul 2025","1058am",14432,240,0,0,0,0,214.29,25.71,0,0,240
"24 Jul 2025","1112am",14433,180,0,0,0,0,160.71,19.29,0,0,180
"24 Jul 2025","1130am",14434,160,0,0,0,0,142.86,17.14,0,0,160
"24 Jul 2025","1217pm",14435,220,0,0,0,0,196.43,23.57,0,0,220
"24 Jul 2025","1223pm",14436,240,0,0,0,0,214.29,25.71,0,0,240
"24 Jul 2025","1234pm",14437,180,0,0,0,0,160.71,19.29,0,0,180
"24 Jul 2025","1235pm",14438,240,0,0,0,0,214.29,25.71,0,0,240
"24 Jul 2025","1237pm",14439,250,0,0,0,0,223.21,26.79,0,0,250
"24 Jul 2025","1251pm",14440,240,0,0,0,0,214.29,25.71,0,0,240
"24 Jul 2025","104pm",14441,660,0,0,0,0,589.29,70.71,0,0,660
"24 Jul 2025","114pm",14442,160,0,0,28.57,0,0,0,114.29,0,114.29
"24 Jul 2025","116pm",14443,440,0,0,0,0,392.86,47.14,0,0,440
"24 Jul 2025","118pm",14444,430,0,0,0,0,383.93,46.07,0,0,430
"24 Jul 2025","120pm",14445,370,0,0,0,0,330.36,39.64,0,0,370
"24 Jul 2025","142pm",14446,250,0,0,0,0,223.21,26.79,0,0,250
"24 Jul 2025","147pm",14447,250,0,0,0,0,223.21,26.79,0,0,250
"24 Jul 2025","149pm",14448,1260,0,0,0,0,1125,135,0,0,1260
"24 Jul 2025","153pm",14449,360,360,0,0,0,0,0,0,0,0
"24 Jul 2025","159pm",14450,240,0,0,0,0,214.29,25.71,0,0,240
"24 Jul 2025","201pm",14451,250,0,0,0,0,223.21,26.79,0,0,250
"24 Jul 2025","215pm",14452,240,0,0,0,0,214.29,25.71,0,0,240
"24 Jul 2025","219pm",14453,640,0,0,0,0,571.43,68.57,0,0,640
"24 Jul 2025","222pm",14454,200,0,0,0,0,178.57,21.43,0,0,200
"24 Jul 2025","228pm",14455,250,0,0,0,0,223.21,26.79,0,0,250
"24 Jul 2025","233pm",14456,250,0,0,0,0,223.21,26.79,0,0,250
"24 Jul 2025","234pm",14457,290,0,0,0,0,258.93,31.07,0,0,290
"24 Jul 2025","246pm",14458,270,0,0,0,0,241.07,28.93,0,0,270
"24 Jul 2025","254pm",14459,230,0,0,0,0,205.36,24.64,0,0,230
"24 Jul 2025","257pm",14460,250,0,0,0,0,223.21,26.79,0,0,250
"24 Jul 2025","314pm",14461,180,0,0,0,0,160.71,19.29,0,0,180
"24 Jul 2025","321pm",14462,270,0,0,0,0,241.07,28.93,0,0,270
"24 Jul 2025","329pm",14463,240,0,0,0,0,214.29,25.71,0,0,240
"24 Jul 2025","341pm",14464,240,0,0,0,0,214.29,25.71,0,0,240
"24 Jul 2025","345pm",14465,240,0,0,0,0,214.29,25.71,0,0,240
"24 Jul 2025","351pm",14466,240,0,0,0,0,214.29,25.71,0,0,240
"24 Jul 2025","402pm",14467,280,0,0,0,0,250,30,0,0,280
"24 Jul 2025","404pm",14468,770,0,0,0,0,687.5,82.5,0,0,770
"24 Jul 2025","423pm",14469,180,0,0,0,0,160.71,19.29,0,0,180
"24 Jul 2025","426pm",14470,180,0,0,0,0,160.71,19.29,0,0,180
"24 Jul 2025","430pm",14471,2180,0,0,0,0,1946.43,233.57,0,0,2180
"24 Jul 2025","440pm",14472,220,0,0,0,0,196.43,23.57,0,0,220
"24 Jul 2025","455pm",14473,250,0,0,35.71,0,44.64,5.36,142.86,0,192.86
"24 Jul 2025","519pm",14474,240,0,0,0,0,214.29,25.71,0,0,240
"24 Jul 2025","520pm",14475,200,0,0,35.71,0,0,0,142.86,0,142.86
"24 Jul 2025","619pm",14476,250,0,0,35.71,0,44.64,5.36,142.86,0,192.86
"24 Jul 2025","619pm",14477,230,0,0,0,0,205.36,24.64,0,0,230
"24 Jul 2025","622pm",14478,1760,0,0,0,0,1571.43,188.57,0,0,1760
"24 Jul 2025","639pm",14479,180,0,0,0,0,160.71,19.29,0,0,180
"24 Jul 2025","645pm",14480,270,0,0,0,0,241.07,28.93,0,0,270
"24 Jul 2025","657pm",14481,410,0,0,0,0,366.07,43.93,0,0,410
"24 Jul 2025","702pm",14482,300,0,0,35.71,0,89.29,10.71,142.86,0,242.86
"24 Jul 2025","709pm",14483,290,0,0,0,0,258.93,31.07,0,0,290
"24 Jul 2025","715pm",14484,270,0,0,0,0,241.07,28.93,0,0,270
"24 Jul 2025","721pm",14485,710,0,0,75,0,258.93,31.07,300,0,590
"24 Jul 2025","722pm",14486,270,0,0,0,0,241.07,28.93,0,0,270
"24 Jul 2025","723pm",14487,240,0,0,0,0,214.29,25.71,0,0,240
"24 Jul 2025","810pm",14488,1030,0,0,0,0,919.64,110.36,0,0,1030
"24 Jul 2025","816pm",14489,450,0,0,35.71,0,223.21,26.79,142.86,0,392.86
"24 Jul 2025","817pm",14490,250,0,0,0,0,223.21,26.79,0,0,250
"24 Jul 2025","819pm",14491,250,0,0,0,0,223.21,26.79,0,0,250
"24 Jul 2025","822pm",14492,360,0,0,0,0,321.43,38.57,0,0,360
"24 Jul 2025","835pm",14493,450,0,0,35.71,0,223.21,26.79,142.86,0,392.86
"24 Jul 2025","837pm",14494,180,0,0,0,0,160.71,19.29,0,0,180
"24 Jul 2025","840pm",14495,230,0,0,0,0,205.36,24.64,0,0,230
"24 Jul 2025","842pm",14496,240,0,0,0,0,214.29,25.71,0,0,240
"24 Jul 2025","845pm",14497,180,0,0,0,0,160.71,19.29,0,0,180
"24 Jul 2025","956pm",14498,830,0,0,0,0,741.07,88.93,0,0,830
"25 Jul 2025","1018am",14499,220,0,0,0,0,196.43,23.57,0,0,220
"25 Jul 2025","1018am",14500,220,0,0,0,0,196.43,23.57,0,0,220
"25 Jul 2025","1042am",14501,200,0,0,35.71,0,0,0,142.86,0,142.86
"25 Jul 2025","1110am",14502,160,0,0,0,0,142.86,17.14,0,0,160
"25 Jul 2025","1116am",14503,240,0,0,0,0,214.29,25.71,0,0,240
"25 Jul 2025","1203pm",14504,240,0,0,0,0,214.29,25.71,0,0,240
"25 Jul 2025","1205pm",14505,230,0,0,0,0,205.36,24.64,0,0,230
"25 Jul 2025","1213pm",14506,290,0,0,0,0,258.93,31.07,0,0,290
"25 Jul 2025","1216pm",14507,180,0,0,0,0,160.71,19.29,0,0,180
"25 Jul 2025","1227pm",14508,490,0,0,0,0,437.5,52.5,0,0,490
"25 Jul 2025","1232pm",14509,270,0,0,0,0,241.07,28.93,0,0,270
"25 Jul 2025","1235pm",14510,240,0,0,42.86,0,0,0,171.43,0,171.43
"25 Jul 2025","1236pm",14511,220,0,0,0,0,196.43,23.57,0,0,220
"25 Jul 2025","103pm",14512,800,220,0,0,0,517.86,62.14,0,0,580
"25 Jul 2025","105pm",14513,310,25,0,0,0,254.46,30.54,0,0,285
"25 Jul 2025","108pm",14514,950,220,0,0,0,651.79,78.21,0,0,730
"25 Jul 2025","109pm",14515,470,0,0,48.21,0,178.57,21.43,192.86,0,392.86
"25 Jul 2025","111pm",14516,240,24,0,0,0,192.86,23.14,0,0,216
"25 Jul 2025","112pm",14517,240,0,0,0,0,214.29,25.71,0,0,240
"25 Jul 2025","122pm",14518,530,0,0,0,0,473.21,56.79,0,0,530
"25 Jul 2025","124pm",14519,250,0,0,0,0,223.21,26.79,0,0,250
"25 Jul 2025","130pm",14520,950,250,0,0,0,625,75,0,0,700
"25 Jul 2025","138pm",14521,200,0,0,0,0,178.57,21.43,0,0,200
"25 Jul 2025","143pm",14522,600,0,0,0,0,535.71,64.29,0,0,600
"25 Jul 2025","145pm",14523,480,0,0,0,0,428.57,51.43,0,0,480
"25 Jul 2025","202pm",14524,740,180,0,0,0,500,60,0,0,560
"25 Jul 2025","210pm",14525,160,0,0,0,0,142.86,17.14,0,0,160
"25 Jul 2025","217pm",14526,200,0,0,0,0,178.57,21.43,0,0,200
"25 Jul 2025","228pm",14527,240,0,0,0,0,214.29,25.71,0,0,240
"25 Jul 2025","339pm",14528,0,0,0,0,0,0,0,0,0,0
"25 Jul 2025","349pm",14529,180,0,0,32.14,0,0,0,128.57,0,128.57
"25 Jul 2025","350pm",14530,270,0,0,0,0,241.07,28.93,0,0,270
"25 Jul 2025","419pm",14531,200,0,0,0,0,178.57,21.43,0,0,200
"25 Jul 2025","428pm",14532,240,0,0,0,0,214.29,25.71,0,0,240
"25 Jul 2025","429pm",14533,240,0,0,0,0,214.29,25.71,0,0,240
"25 Jul 2025","507pm",14534,200,0,0,0,0,178.57,21.43,0,0,200
"25 Jul 2025","512pm",14535,220,0,0,0,0,196.43,23.57,0,0,220
"25 Jul 2025","516pm",14536,1020,250,0,0,0,687.5,82.5,0,0,770
"25 Jul 2025","523pm",14537,480,0,0,42.86,0,214.29,25.71,171.43,0,411.43
"25 Jul 2025","538pm",14538,4260,0,0,0,0,3803.57,456.43,0,0,4260
"25 Jul 2025","540pm",14539,220,0,0,0,0,196.43,23.57,0,0,220
"25 Jul 2025","543pm",14540,370,0,0,44.64,0,107.14,12.86,178.57,0,298.57
"25 Jul 2025","551pm",14541,720,180,0,0,0,482.14,57.86,0,0,540
"25 Jul 2025","558pm",14542,180,0,0,0,0,160.71,19.29,0,0,180
"25 Jul 2025","603pm",14543,240,0,0,0,0,214.29,25.71,0,0,240
"25 Jul 2025","608pm",14544,490,0,0,0,0,437.5,52.5,0,0,490
"25 Jul 2025","624pm",14545,450,0,0,39.29,0,205.36,24.64,157.14,0,387.14
"25 Jul 2025","637pm",14546,430,200,0,0,0,205.36,24.64,0,0,230
"25 Jul 2025","651pm",14547,230,0,0,0,0,205.36,24.64,0,0,230
"25 Jul 2025","659pm",14548,240,0,0,0,0,214.29,25.71,0,0,240
"25 Jul 2025","706pm",14549,250,0,0,0,0,223.21,26.79,0,0,250
"25 Jul 2025","743pm",14550,460,0,0,0,0,410.71,49.29,0,0,460
"25 Jul 2025","746pm",14551,220,0,0,0,0,196.43,23.57,0,0,220
"25 Jul 2025","754pm",14552,880,220,0,0,0,589.29,70.71,0,0,660
"25 Jul 2025","754pm",14553,440,0,0,0,0,392.86,47.14,0,0,440
"25 Jul 2025","802pm",14554,290,0,0,0,0,258.93,31.07,0,0,290
"25 Jul 2025","806pm",14555,270,0,48.21,0,0,0,0,192.86,0,192.86
"25 Jul 2025","808pm",14556,270,0,0,0,0,241.07,28.93,0,0,270
"25 Jul 2025","824pm",14557,270,0,0,0,0,241.07,28.93,0,0,270
"25 Jul 2025","826pm",14558,240,0,0,42.86,0,0,0,171.43,0,171.43
"25 Jul 2025","833pm",14559,220,0,0,0,0,196.43,23.57,0,0,220
"25 Jul 2025","834pm",14560,200,0,0,0,0,178.57,21.43,0,0,200
"25 Jul 2025","841pm",14561,860,200,0,0,0,589.29,70.71,0,0,660
"25 Jul 2025","849pm",14562,750,180,0,0,0,508.93,61.07,0,0,570
"26 Jul 2025","1108am",14563,0,0,0,0,0,0,0,0,0,0
"26 Jul 2025","1109am",14564,300,0,0,0,0,267.86,32.14,0,0,300
"26 Jul 2025","1113am",14565,220,0,0,0,0,196.43,23.57,0,0,220
"26 Jul 2025","1114am",14566,230,0,0,0,0,205.36,24.64,0,0,230
"26 Jul 2025","1119am",14567,230,0,0,0,0,205.36,24.64,0,0,230
"26 Jul 2025","1122am",14568,240,0,0,0,0,214.29,25.71,0,0,240
"26 Jul 2025","1123am",14569,220,0,0,0,0,196.43,23.57,0,0,220
"26 Jul 2025","1125am",14570,340,0,0,0,0,303.57,36.43,0,0,340
"26 Jul 2025","1135am",14571,290,0,0,0,0,258.93,31.07,0,0,290
"26 Jul 2025","1140am",14572,160,0,0,0,0,142.86,17.14,0,0,160
"26 Jul 2025","1152am",14573,800,0,0,0,0,714.29,85.71,0,0,800
"26 Jul 2025","1153am",14574,210,0,0,0,0,187.5,22.5,0,0,210
"26 Jul 2025","1156am",14575,220,0,0,0,0,196.43,23.57,0,0,220
"26 Jul 2025","1159am",14576,200,0,0,0,0,178.57,21.43,0,0,200
"26 Jul 2025","1209pm",14577,680,180,0,0,0,446.43,53.57,0,0,500
"26 Jul 2025","1212pm",14578,0,0,0,0,0,0,0,0,0,0
"26 Jul 2025","1214pm",14579,240,0,0,0,0,214.29,25.71,0,0,240
"26 Jul 2025","1217pm",14580,800,180,0,0,0,553.57,66.43,0,0,620
"26 Jul 2025","1229pm",14581,240,0,0,0,0,214.29,25.71,0,0,240
"26 Jul 2025","1231pm",14582,230,0,0,41.07,0,0,0,164.29,0,164.29
"26 Jul 2025","1234pm",14583,200,0,0,35.71,0,0,0,142.86,0,142.86
"26 Jul 2025","1238pm",14584,450,0,0,0,0,401.79,48.21,0,0,450
"26 Jul 2025","1241pm",14585,470,0,0,0,0,419.64,50.36,0,0,470
"26 Jul 2025","1242pm",14586,0,0,0,0,0,0,0,0,0,0
"26 Jul 2025","1249pm",14587,250,0,0,0,0,223.21,26.79,0,0,250
"26 Jul 2025","1251pm",14588,290,0,0,0,0,258.93,31.07,0,0,290
"26 Jul 2025","1254pm",14589,1120,220,0,0,0,803.57,96.43,0,0,900
"26 Jul 2025","1257pm",14590,240,0,0,0,0,214.29,25.71,0,0,240
"26 Jul 2025","100pm",14591,180,0,0,0,0,160.71,19.29,0,0,180
"26 Jul 2025","104pm",14592,240,0,0,0,0,214.29,25.71,0,0,240
"26 Jul 2025","110pm",14593,240,0,0,0,0,214.29,25.71,0,0,240
"26 Jul 2025","115pm",14594,690,0,0,0,0,616.07,73.93,0,0,690
"26 Jul 2025","115pm",14595,250,0,0,0,0,223.21,26.79,0,0,250
"26 Jul 2025","115pm",14596,350,0,0,0,0,312.5,37.5,0,0,350
"26 Jul 2025","116pm",14597,610,0,0,0,0,544.64,65.36,0,0,610
"26 Jul 2025","116pm",14598,50,0,0,0,0,44.64,5.36,0,0,50
"26 Jul 2025","118pm",14599,250,0,0,35.71,0,44.64,5.36,142.86,0,192.86
"26 Jul 2025","119pm",14600,0,0,0,0,0,0,0,0,0,0
"26 Jul 2025","121pm",14601,250,0,0,0,0,223.21,26.79,0,0,250
"26 Jul 2025","122pm",14602,380,0,0,0,0,339.29,40.71,0,0,380
"26 Jul 2025","137pm",14603,270,0,0,0,0,241.07,28.93,0,0,270
"26 Jul 2025","138pm",14604,200,0,0,0,0,178.57,21.43,0,0,200
"26 Jul 2025","154pm",14605,170,0,0,0,0,151.79,18.21,0,0,170
"26 Jul 2025","157pm",14606,450,0,0,32.14,0,241.07,28.93,128.57,0,398.57
"26 Jul 2025","204pm",14607,270,0,0,0,0,241.07,28.93,0,0,270
"26 Jul 2025","223pm",14608,360,0,0,0,0,321.43,38.57,0,0,360
"26 Jul 2025","227pm",14609,220,0,0,0,0,196.43,23.57,0,0,220
"26 Jul 2025","233pm",14610,300,0,0,44.64,0,44.64,5.36,178.57,0,228.57
"26 Jul 2025","237pm",14611,240,0,0,0,0,214.29,25.71,0,0,240
"26 Jul 2025","239pm",14612,250,0,35.71,0,0,44.64,5.36,142.86,0,192.86
"26 Jul 2025","243pm",14613,180,0,0,0,0,160.71,19.29,0,0,180
"26 Jul 2025","244pm",14614,50,0,0,0,0,44.64,5.36,0,0,50
"26 Jul 2025","246pm",14615,300,0,0,35.71,0,89.29,10.71,142.86,0,242.86
"26 Jul 2025","249pm",14616,250,0,0,0,0,223.21,26.79,0,0,250
"26 Jul 2025","250pm",14617,240,0,0,0,0,214.29,25.71,0,0,240
"26 Jul 2025","301pm",14618,0,0,0,0,0,0,0,0,0,0
"26 Jul 2025","301pm",14619,180,0,0,0,0,160.71,19.29,0,0,180
"26 Jul 2025","305pm",14620,200,0,0,0,0,178.57,21.43,0,0,200
"26 Jul 2025","306pm",14621,270,0,0,0,0,241.07,28.93,0,0,270
"26 Jul 2025","308pm",14622,300,0,0,35.71,0,89.29,10.71,142.86,0,242.86
"26 Jul 2025","316pm",14623,300,0,0,0,0,267.86,32.14,0,0,300
"26 Jul 2025","317pm",14624,180,0,0,0,0,160.71,19.29,0,0,180
"26 Jul 2025","329pm",14625,200,0,0,0,0,178.57,21.43,0,0,200
"26 Jul 2025","335pm",14626,180,0,0,0,0,160.71,19.29,0,0,180
"26 Jul 2025","336pm",14627,180,0,0,0,0,160.71,19.29,0,0,180
"26 Jul 2025","337pm",14628,250,0,0,0,0,223.21,26.79,0,0,250
"26 Jul 2025","338pm",14629,220,0,0,0,0,196.43,23.57,0,0,220
"26 Jul 2025","341pm",14630,610,0,0,83.93,0,125,15,335.71,0,475.71
"26 Jul 2025","345pm",14631,490,0,0,0,0,437.5,52.5,0,0,490
"26 Jul 2025","357pm",14632,230,0,0,0,0,205.36,24.64,0,0,230
"26 Jul 2025","359pm",14633,120,0,0,0,0,107.14,12.86,0,0,120
"26 Jul 2025","401pm",14634,200,0,0,0,0,178.57,21.43,0,0,200
"26 Jul 2025","404pm",14635,360,0,0,0,0,321.43,38.57,0,0,360
"26 Jul 2025","404pm",14636,360,0,0,0,0,321.43,38.57,0,0,360
"26 Jul 2025","409pm",14637,200,0,0,35.71,0,0,0,142.86,0,142.86
"26 Jul 2025","410pm",14638,270,0,0,0,0,241.07,28.93,0,0,270
"26 Jul 2025","417pm",14639,200,0,0,0,0,178.57,21.43,0,0,200
"26 Jul 2025","424pm",14640,220,0,0,0,0,196.43,23.57,0,0,220
"26 Jul 2025","425pm",14641,860,180,0,0,0,607.14,72.86,0,0,680
"26 Jul 2025","427pm",14642,410,0,0,73.21,0,0,0,292.86,0,292.86
"26 Jul 2025","428pm",14643,240,0,0,0,0,214.29,25.71,0,0,240
"26 Jul 2025","434pm",14644,220,0,0,0,0,196.43,23.57,0,0,220
"26 Jul 2025","437pm",14645,240,0,0,0,0,214.29,25.71,0,0,240
"26 Jul 2025","450pm",14646,240,0,0,0,0,214.29,25.71,0,0,240
"26 Jul 2025","450pm",14647,120,0,0,0,0,107.14,12.86,0,0,120
"26 Jul 2025","451pm",14648,0,0,0,0,0,0,0,0,0,0
"26 Jul 2025","452pm",14649,240,0,0,0,0,214.29,25.71,0,0,240
"26 Jul 2025","453pm",14650,230,0,0,0,0,205.36,24.64,0,0,230
"26 Jul 2025","503pm",14651,220,0,0,0,0,196.43,23.57,0,0,220
"26 Jul 2025","509pm",14652,1050,250,0,0,0,714.29,85.71,0,0,800
"26 Jul 2025","510pm",14653,780,220,0,0,0,500,60,0,0,560
"26 Jul 2025","517pm",14654,430,0,0,0,0,383.93,46.07,0,0,430
"26 Jul 2025","519pm",14655,180,0,0,0,0,160.71,19.29,0,0,180
"26 Jul 2025","527pm",14656,160,0,0,0,0,142.86,17.14,0,0,160
"26 Jul 2025","545pm",14657,230,0,0,0,0,205.36,24.64,0,0,230
"26 Jul 2025","553pm",14658,250,0,0,0,0,223.21,26.79,0,0,250
"26 Jul 2025","603pm",14659,560,0,0,0,0,500,60,0,0,560
"26 Jul 2025","613pm",14660,500,0,0,0,0,446.43,53.57,0,0,500
"26 Jul 2025","618pm",14661,230,0,0,0,0,205.36,24.64,0,0,230
"26 Jul 2025","621pm",14662,220,0,0,0,0,196.43,23.57,0,0,220
"26 Jul 2025","634pm",14663,160,16,0,0,0,128.57,15.43,0,0,144
"26 Jul 2025","638pm",14664,950,240,0,0,0,633.93,76.07,0,0,710
"26 Jul 2025","640pm",14665,950,230,0,0,0,642.86,77.14,0,0,720
"26 Jul 2025","646pm",14666,910,180,0,0,0,651.79,78.21,0,0,730
"26 Jul 2025","705pm",14667,1500,0,0,0,0,1339.29,160.71,0,0,1500
"26 Jul 2025","707pm",14668,240,0,0,0,0,214.29,25.71,0,0,240
"26 Jul 2025","711pm",14669,560,0,0,0,0,500,60,0,0,560
"26 Jul 2025","718pm",14670,220,0,0,0,0,196.43,23.57,0,0,220
"26 Jul 2025","719pm",14671,180,0,0,32.14,0,0,0,128.57,0,128.57
"26 Jul 2025","730pm",14672,250,0,0,0,0,223.21,26.79,0,0,250
"26 Jul 2025","735pm",14673,830,0,0,42.86,0,526.79,63.21,171.43,0,761.43
"26 Jul 2025","758pm",14674,630,0,0,0,0,562.5,67.5,0,0,630
"26 Jul 2025","803pm",14675,240,0,0,0,0,214.29,25.71,0,0,240
"26 Jul 2025","810pm",14676,820,200,0,0,0,553.57,66.43,0,0,620
"26 Jul 2025","814pm",14677,650,0,0,0,0,580.36,69.64,0,0,650
"26 Jul 2025","822pm",14678,460,0,0,0,0,410.71,49.29,0,0,460
"26 Jul 2025","830pm",14679,500,0,0,0,0,446.43,53.57,0,0,500
"26 Jul 2025","831pm",14680,240,0,0,0,0,214.29,25.71,0,0,240
"26 Jul 2025","836pm",14681,590,0,0,0,0,526.79,63.21,0,0,590
"26 Jul 2025","844pm",14682,250,0,0,0,0,223.21,26.79,0,0,250
"26 Jul 2025","906pm",14683,240,0,0,0,0,214.29,25.71,0,0,240
"27 Jul 2025","1026am",14684,250,0,0,0,0,223.21,26.79,0,0,250
"27 Jul 2025","1028am",14685,50,0,0,0,0,44.64,5.36,0,0,50
"27 Jul 2025","1033am",14686,300,0,0,0,0,267.86,32.14,0,0,300
"27 Jul 2025","1041am",14687,220,0,0,0,0,196.43,23.57,0,0,220
"27 Jul 2025","1042am",14688,460,0,0,0,0,410.71,49.29,0,0,460
"27 Jul 2025","1052am",14689,1080,180,0,0,0,803.57,96.43,0,0,900
"27 Jul 2025","1117am",14690,270,0,0,39.29,0,44.64,5.36,157.14,0,207.14
"27 Jul 2025","1118am",14691,450,0,0,0,0,401.79,48.21,0,0,450
"27 Jul 2025","1121am",14692,180,0,0,0,0,160.71,19.29,0,0,180
"27 Jul 2025","1129am",14693,460,0,0,0,0,410.71,49.29,0,0,460
"27 Jul 2025","1133am",14694,200,0,0,35.71,0,0,0,142.86,0,142.86
"27 Jul 2025","1138am",14695,250,0,0,0,0,223.21,26.79,0,0,250
"27 Jul 2025","1201pm",14696,1090,230,0,0,0,767.86,92.14,0,0,860
"27 Jul 2025","1204pm",14697,180,0,0,32.14,0,0,0,128.57,0,128.57
"27 Jul 2025","1238pm",14698,200,0,0,0,0,178.57,21.43,0,0,200
"27 Jul 2025","1252pm",14699,880,220,0,0,0,589.29,70.71,0,0,660
"27 Jul 2025","1255pm",14700,2130,0,0,0,0,1901.79,228.21,0,0,2130
"27 Jul 2025","1258pm",14701,180,0,0,0,0,160.71,19.29,0,0,180
"27 Jul 2025","100pm",14702,480,0,0,0,0,428.57,51.43,0,0,480
"27 Jul 2025","122pm",14703,270,0,0,48.21,0,0,0,192.86,0,192.86
"27 Jul 2025","125pm",14704,340,0,0,0,0,303.57,36.43,0,0,340
"27 Jul 2025","125pm",14705,250,0,0,0,0,223.21,26.79,0,0,250
"27 Jul 2025","127pm",14706,220,0,0,0,0,196.43,23.57,0,0,220
"27 Jul 2025","128pm",14707,180,0,0,0,0,160.71,19.29,0,0,180
"27 Jul 2025","135pm",14708,240,0,0,0,0,214.29,25.71,0,0,240
"27 Jul 2025","141pm",14709,970,220,0,0,0,669.64,80.36,0,0,750
"27 Jul 2025","147pm",14710,180,0,0,0,0,160.71,19.29,0,0,180
"27 Jul 2025","153pm",14711,740,0,0,0,0,660.71,79.29,0,0,740
"27 Jul 2025","158pm",14712,540,0,0,0,0,482.14,57.86,0,0,540
"27 Jul 2025","200pm",14713,1490,0,0,0,0,1330.36,159.64,0,0,1490
"27 Jul 2025","202pm",14714,700,0,0,0,0,625,75,0,0,700
"27 Jul 2025","204pm",14715,290,0,0,0,0,258.93,31.07,0,0,290
"27 Jul 2025","206pm",14716,290,0,0,0,0,258.93,31.07,0,0,290
"27 Jul 2025","218pm",14717,250,0,0,44.64,0,0,0,178.57,0,178.57
"27 Jul 2025","221pm",14718,980,140,0,0,0,750,90,0,0,840
"27 Jul 2025","230pm",14719,1200,200,0,0,0,892.86,107.14,0,0,1000
"27 Jul 2025","239pm",14720,240,0,0,42.86,0,0,0,171.43,0,171.43
"27 Jul 2025","241pm",14721,460,0,0,0,0,410.71,49.29,0,0,460
"27 Jul 2025","245pm",14722,240,0,0,0,0,214.29,25.71,0,0,240
"27 Jul 2025","248pm",14723,890,200,0,0,0,616.07,73.93,0,0,690
"27 Jul 2025","251pm",14724,230,0,0,0,0,205.36,24.64,0,0,230
"27 Jul 2025","259pm",14725,240,0,0,0,0,214.29,25.71,0,0,240
"27 Jul 2025","301pm",14726,290,290,0,0,0,0,0,0,0,0
"27 Jul 2025","302pm",14727,240,0,0,0,0,214.29,25.71,0,0,240
"27 Jul 2025","303pm",14728,460,0,0,0,0,410.71,49.29,0,0,460
"27 Jul 2025","306pm",14729,1590,0,0,0,0,1419.64,170.36,0,0,1590
"27 Jul 2025","311pm",14730,400,0,0,0,0,357.14,42.86,0,0,400
"27 Jul 2025","317pm",14731,270,0,0,0,0,241.07,28.93,0,0,270
"27 Jul 2025","325pm",14732,240,0,0,0,0,214.29,25.71,0,0,240
"27 Jul 2025","329pm",14733,180,0,0,0,0,160.71,19.29,0,0,180
"27 Jul 2025","331pm",14734,880,0,0,0,0,785.71,94.29,0,0,880
"27 Jul 2025","334pm",14735,250,0,44.64,0,0,0,0,178.57,0,178.57
"27 Jul 2025","341pm",14736,270,0,0,48.21,0,0,0,192.86,0,192.86
"27 Jul 2025","348pm",14737,600,0,0,0,0,535.71,64.29,0,0,600
"27 Jul 2025","351pm",14738,290,0,0,51.79,0,0,0,207.14,0,207.14
"27 Jul 2025","357pm",14739,760,220,0,0,0,482.14,57.86,0,0,540
"27 Jul 2025","402pm",14740,1010,240,0,0,0,687.5,82.5,0,0,770
"27 Jul 2025","405pm",14741,980,250,0,0,0,651.79,78.21,0,0,730
"27 Jul 2025","407pm",14742,200,0,0,0,0,178.57,21.43,0,0,200
"27 Jul 2025","412pm",14743,470,0,0,0,0,419.64,50.36,0,0,470
"27 Jul 2025","416pm",14744,240,0,0,0,0,214.29,25.71,0,0,240
"27 Jul 2025","418pm",14745,180,0,0,0,0,160.71,19.29,0,0,180
"27 Jul 2025","435pm",14746,460,0,0,0,0,410.71,49.29,0,0,460
"27 Jul 2025","442pm",14747,1410,290,0,0,0,1000,120,0,0,1120
"27 Jul 2025","450pm",14748,240,0,0,42.86,0,0,0,171.43,0,171.43
"27 Jul 2025","456pm",14749,930,250,0,0,0,607.14,72.86,0,0,680
"27 Jul 2025","458pm",14750,290,0,0,0,0,258.93,31.07,0,0,290
"27 Jul 2025","505pm",14751,220,0,0,0,0,196.43,23.57,0,0,220
"27 Jul 2025","506pm",14752,290,0,0,0,0,258.93,31.07,0,0,290
"27 Jul 2025","509pm",14753,290,0,0,0,0,258.93,31.07,0,0,290
"27 Jul 2025","511pm",14754,270,0,0,0,0,241.07,28.93,0,0,270
"27 Jul 2025","514pm",14755,280,0,0,0,0,250,30,0,0,280
"27 Jul 2025","519pm",14756,1050,0,0,0,0,937.5,112.5,0,0,1050
"27 Jul 2025","520pm",14757,240,0,0,42.86,0,0,0,171.43,0,171.43
"27 Jul 2025","531pm",14758,290,0,0,0,0,258.93,31.07,0,0,290
"27 Jul 2025","536pm",14759,120,0,0,0,0,107.14,12.86,0,0,120
"27 Jul 2025","546pm",14760,360,0,0,0,0,321.43,38.57,0,0,360
"27 Jul 2025","559pm",14761,200,0,0,0,0,178.57,21.43,0,0,200
"27 Jul 2025","603pm",14762,220,0,0,0,0,196.43,23.57,0,0,220
"27 Jul 2025","615pm",14763,200,0,0,0,0,178.57,21.43,0,0,200
"27 Jul 2025","616pm",14764,220,0,0,39.29,0,0,0,157.14,0,157.14
"27 Jul 2025","625pm",14765,1520,230,0,0,0,1151.79,138.21,0,0,1290
"27 Jul 2025","627pm",14766,540,0,0,0,0,482.14,57.86,0,0,540
"27 Jul 2025","632pm",14767,250,0,0,35.71,0,44.64,5.36,142.86,0,192.86
"27 Jul 2025","635pm",14768,1050,230,0,0,0,732.14,87.86,0,0,820
"27 Jul 2025","637pm",14769,230,0,0,0,0,205.36,24.64,0,0,230
"27 Jul 2025","638pm",14770,180,0,0,0,0,160.71,19.29,0,0,180
"27 Jul 2025","643pm",14771,160,0,0,0,0,142.86,17.14,0,0,160
"27 Jul 2025","649pm",14772,580,0,0,0,0,517.86,62.14,0,0,580
"27 Jul 2025","651pm",14773,540,0,0,0,0,482.14,57.86,0,0,540
"27 Jul 2025","655pm",14774,480,0,0,0,0,428.57,51.43,0,0,480
"27 Jul 2025","716pm",14775,800,0,0,0,0,714.29,85.71,0,0,800
"27 Jul 2025","718pm",14776,120,0,0,0,0,107.14,12.86,0,0,120
"27 Jul 2025","724pm",14777,240,0,0,0,0,214.29,25.71,0,0,240
"27 Jul 2025","725pm",14778,180,0,0,0,0,160.71,19.29,0,0,180
"27 Jul 2025","729pm",14779,480,0,0,0,0,428.57,51.43,0,0,480
"27 Jul 2025","733pm",14780,220,0,0,0,0,196.43,23.57,0,0,220
"27 Jul 2025","734pm",14781,180,0,0,0,0,160.71,19.29,0,0,180
"27 Jul 2025","739pm",14782,360,0,0,0,0,321.43,38.57,0,0,360
"27 Jul 2025","757pm",14783,1210,240,0,0,0,866.07,103.93,0,0,970
"27 Jul 2025","809pm",14784,1170,180,0,0,0,883.93,106.07,0,0,990
"27 Jul 2025","810pm",14785,200,0,0,35.71,0,0,0,142.86,0,142.86
"27 Jul 2025","812pm",14786,600,0,0,0,0,535.71,64.29,0,0,600
"27 Jul 2025","828pm",14787,220,0,0,39.29,0,0,0,157.14,0,157.14
"27 Jul 2025","831pm",14788,520,0,0,0,0,464.29,55.71,0,0,520
"27 Jul 2025","833pm",14789,340,0,0,0,0,303.57,36.43,0,0,340
"27 Jul 2025","836pm",14790,500,0,0,0,0,446.43,53.57,0,0,500
"27 Jul 2025","842pm",14791,1180,240,0,0,0,839.29,100.71,0,0,940
"27 Jul 2025","845pm",14792,370,0,0,0,0,330.36,39.64,0,0,370
"27 Jul 2025","850pm",14793,300,0,0,0,0,267.86,32.14,0,0,300
"27 Jul 2025","857pm",14794,0,0,0,0,0,0,0,0,0,0
"27 Jul 2025","859pm",14795,540,0,0,48.21,0,241.07,28.93,192.86,0,462.86
"27 Jul 2025","903pm",14796,490,0,0,0,0,437.5,52.5,0,0,490
"27 Jul 2025","908pm",14797,680,160,0,0,0,464.29,55.71,0,0,520
"27 Jul 2025","910pm",14798,860,240,0,0,0,553.57,66.43,0,0,620
"27 Jul 2025","950pm",14799,1580,240,35.71,48.21,0,776.79,93.21,335.72,0,1205.72
"28 Jul 2025","1156am",14800,200,0,0,0,0,178.57,21.43,0,0,200
"28 Jul 2025","1157am",14801,210,0,0,0,0,187.5,22.5,0,0,210
"28 Jul 2025","1202pm",14802,270,0,0,0,0,241.07,28.93,0,0,270
"28 Jul 2025","1209pm",14803,520,0,0,0,0,464.29,55.71,0,0,520
"28 Jul 2025","1218pm",14804,290,0,0,0,0,258.93,31.07,0,0,290
"28 Jul 2025","1220pm",14805,280,0,0,0,0,250,30,0,0,280
"28 Jul 2025","1227pm",14806,360,0,0,32.14,0,160.71,19.29,128.57,0,308.57
"28 Jul 2025","1233pm",14807,440,0,0,0,0,392.86,47.14,0,0,440
"28 Jul 2025","1236pm",14808,240,0,0,0,0,214.29,25.71,0,0,240
"28 Jul 2025","1244pm",14809,240,0,0,0,0,214.29,25.71,0,0,240
"28 Jul 2025","1249pm",14810,1520,0,0,0,0,1357.14,162.86,0,0,1520
"28 Jul 2025","1251pm",14811,250,250,0,0,0,0,0,0,0,0
"28 Jul 2025","1252pm",14812,230,0,0,0,0,205.36,24.64,0,0,230
"28 Jul 2025","1253pm",14813,240,0,0,0,0,214.29,25.71,0,0,240
"28 Jul 2025","106pm",14814,180,0,0,0,0,160.71,19.29,0,0,180
"28 Jul 2025","107pm",14815,220,0,0,0,0,196.43,23.57,0,0,220
"28 Jul 2025","109pm",14816,240,0,0,0,0,214.29,25.71,0,0,240
"28 Jul 2025","110pm",14817,430,0,0,0,0,383.93,46.07,0,0,430
"28 Jul 2025","125pm",14818,2290,0,0,0,0,2044.64,245.36,0,0,2290
"28 Jul 2025","149pm",14819,4010,0,0,0,0,3580.36,429.64,0,0,4010
"28 Jul 2025","151pm",14820,240,0,0,0,0,214.29,25.71,0,0,240
"28 Jul 2025","155pm",14821,160,0,0,0,0,142.86,17.14,0,0,160
"28 Jul 2025","156pm",14822,490,0,0,0,0,437.5,52.5,0,0,490
"28 Jul 2025","159pm",14823,240,0,0,0,0,214.29,25.71,0,0,240
"28 Jul 2025","201pm",14824,0,0,0,0,0,0,0,0,0,0
"28 Jul 2025","320pm",14825,480,0,0,0,0,428.57,51.43,0,0,480
"28 Jul 2025","322pm",14826,440,0,0,0,0,392.86,47.14,0,0,440
"28 Jul 2025","324pm",14827,200,0,0,0,0,178.57,21.43,0,0,200
"28 Jul 2025","327pm",14828,50,0,0,0,0,44.64,5.36,0,0,50
"28 Jul 2025","329pm",14829,230,0,0,0,0,205.36,24.64,0,0,230
"28 Jul 2025","333pm",14830,270,0,0,0,0,241.07,28.93,0,0,270
"28 Jul 2025","341pm",14831,320,0,0,0,0,285.71,34.29,0,0,320
"28 Jul 2025","355pm",14832,270,0,0,48.21,0,0,0,192.86,0,192.86
"28 Jul 2025","445pm",14833,240,0,0,0,0,214.29,25.71,0,0,240
"28 Jul 2025","447pm",14834,270,0,0,0,0,241.07,28.93,0,0,270
"28 Jul 2025","451pm",14835,490,0,39.29,0,0,241.07,28.93,157.14,0,427.14
"28 Jul 2025","502pm",14836,250,0,0,0,0,223.21,26.79,0,0,250
"28 Jul 2025","509pm",14837,290,0,0,0,0,258.93,31.07,0,0,290
"28 Jul 2025","513pm",14838,3350,0,0,0,0,2991.07,358.93,0,0,3350
"28 Jul 2025","516pm",14839,180,0,0,0,0,160.71,19.29,0,0,180
"28 Jul 2025","518pm",14840,240,0,0,0,0,214.29,25.71,0,0,240
"28 Jul 2025","519pm",14841,240,0,0,0,0,214.29,25.71,0,0,240
"28 Jul 2025","544pm",14842,210,0,0,0,0,187.5,22.5,0,0,210
"28 Jul 2025","554pm",14843,200,0,0,0,0,178.57,21.43,0,0,200
"28 Jul 2025","557pm",14844,240,0,0,42.86,0,0,0,171.43,0,171.43
"28 Jul 2025","558pm",14845,290,0,0,51.79,0,0,0,207.14,0,207.14
"28 Jul 2025","601pm",14846,430,0,0,0,0,383.93,46.07,0,0,430
"28 Jul 2025","612pm",14847,540,0,0,0,0,482.14,57.86,0,0,540
"28 Jul 2025","713pm",14848,220,0,0,0,0,196.43,23.57,0,0,220
"28 Jul 2025","715pm",14849,200,0,0,0,0,178.57,21.43,0,0,200
"28 Jul 2025","718pm",14850,180,0,0,0,0,160.71,19.29,0,0,180
"28 Jul 2025","720pm",14851,160,0,0,0,0,142.86,17.14,0,0,160
"28 Jul 2025","734pm",14852,240,0,0,42.86,0,0,0,171.43,0,171.43
"28 Jul 2025","739pm",14853,0,0,0,0,0,0,0,0,0,0
"28 Jul 2025","740pm",14854,230,0,0,0,0,205.36,24.64,0,0,230
"28 Jul 2025","745pm",14855,250,0,0,0,0,223.21,26.79,0,0,250
"28 Jul 2025","802pm",14856,230,0,0,0,0,205.36,24.64,0,0,230
"28 Jul 2025","804pm",14857,350,0,0,0,0,312.5,37.5,0,0,350
"28 Jul 2025","805pm",14858,560,0,0,0,0,500,60,0,0,560
"28 Jul 2025","856pm",14859,270,0,0,0,0,241.07,28.93,0,0,270
"29 Jul 2025","1227pm",14860,240,0,0,42.86,0,0,0,171.43,0,171.43
"29 Jul 2025","1229pm",14861,540,0,0,0,0,482.14,57.86,0,0,540
"29 Jul 2025","1230pm",14862,180,0,0,0,0,160.71,19.29,0,0,180
"29 Jul 2025","1231pm",14863,240,0,0,0,0,214.29,25.71,0,0,240
"29 Jul 2025","1233pm",14864,200,0,0,35.71,0,0,0,142.86,0,142.86
"29 Jul 2025","1238pm",14865,200,0,0,0,0,178.57,21.43,0,0,200
"29 Jul 2025","1243pm",14866,280,0,0,0,0,250,30,0,0,280
"29 Jul 2025","1247pm",14867,200,0,0,0,0,178.57,21.43,0,0,200
"29 Jul 2025","1254pm",14868,240,0,0,0,0,214.29,25.71,0,0,240
"29 Jul 2025","1255pm",14869,240,0,0,0,0,214.29,25.71,0,0,240
"29 Jul 2025","1258pm",14870,180,0,0,0,0,160.71,19.29,0,0,180
"29 Jul 2025","100pm",14871,1200,0,0,32.14,0,910.71,109.29,128.57,0,1148.57
"29 Jul 2025","106pm",14872,240,0,0,0,0,214.29,25.71,0,0,240
"29 Jul 2025","109pm",14873,290,0,0,42.86,0,44.64,5.36,171.43,0,221.43
"29 Jul 2025","115pm",14874,230,0,0,32.14,0,44.64,5.36,128.57,0,178.57
"29 Jul 2025","137pm",14875,220,0,0,39.29,0,0,0,157.14,0,157.14
"29 Jul 2025","140pm",14876,240,0,0,0,0,214.29,25.71,0,0,240
"29 Jul 2025","142pm",14877,180,0,0,0,0,160.71,19.29,0,0,180
"29 Jul 2025","145pm",14878,230,0,0,0,0,205.36,24.64,0,0,230
"29 Jul 2025","149pm",14879,200,0,0,35.71,0,0,0,142.86,0,142.86
"29 Jul 2025","209pm",14880,250,0,0,0,0,223.21,26.79,0,0,250
"29 Jul 2025","219pm",14881,200,0,0,0,0,178.57,21.43,0,0,200
"29 Jul 2025","221pm",14882,180,0,0,0,0,160.71,19.29,0,0,180
"29 Jul 2025","228pm",14883,200,0,0,0,0,178.57,21.43,0,0,200
"29 Jul 2025","230pm",14884,240,0,0,0,0,214.29,25.71,0,0,240
"29 Jul 2025","233pm",14885,200,0,0,35.71,0,0,0,142.86,0,142.86
"29 Jul 2025","307pm",14886,230,0,0,0,0,205.36,24.64,0,0,230
"29 Jul 2025","308pm",14887,180,0,0,0,0,160.71,19.29,0,0,180
"29 Jul 2025","310pm",14888,200,0,0,35.71,0,0,0,142.86,0,142.86
"29 Jul 2025","324pm",14889,220,0,0,0,0,196.43,23.57,0,0,220
"29 Jul 2025","330pm",14890,680,0,0,0,0,607.14,72.86,0,0,680
"29 Jul 2025","334pm",14891,220,0,0,0,0,196.43,23.57,0,0,220
"29 Jul 2025","345pm",14892,450,0,0,0,0,401.79,48.21,0,0,450
"29 Jul 2025","401pm",14893,620,0,0,0,0,553.57,66.43,0,0,620
"29 Jul 2025","405pm",14894,380,0,0,67.85,0,0,0,271.43,0,271.43
"29 Jul 2025","411pm",14895,2720,0,0,0,0,2428.57,291.43,0,0,2720
"29 Jul 2025","414pm",14896,200,0,0,0,0,178.57,21.43,0,0,200
"29 Jul 2025","428pm",14897,200,0,0,0,0,178.57,21.43,0,0,200
"29 Jul 2025","430pm",14898,450,0,0,0,0,401.79,48.21,0,0,450
"29 Jul 2025","446pm",14899,220,0,0,0,0,196.43,23.57,0,0,220
"29 Jul 2025","455pm",14900,380,0,0,0,0,339.29,40.71,0,0,380
"29 Jul 2025","456pm",14901,270,0,0,0,0,241.07,28.93,0,0,270
"29 Jul 2025","502pm",14902,580,0,0,0,0,517.86,62.14,0,0,580
"29 Jul 2025","507pm",14903,540,0,0,0,0,482.14,57.86,0,0,540
"29 Jul 2025","513pm",14904,240,0,0,0,0,214.29,25.71,0,0,240
"29 Jul 2025","529pm",14905,200,0,35.71,0,0,0,0,142.86,0,142.86
"29 Jul 2025","615pm",14906,340,0,0,51.79,0,44.64,5.36,207.14,0,257.14
"29 Jul 2025","623pm",14907,180,0,0,0,0,160.71,19.29,0,0,180
"29 Jul 2025","625pm",14908,270,0,0,0,0,241.07,28.93,0,0,270
"29 Jul 2025","626pm",14909,200,0,0,0,0,178.57,21.43,0,0,200
"29 Jul 2025","721pm",14910,250,0,0,0,0,223.21,26.79,0,0,250
"29 Jul 2025","723pm",14911,250,0,0,0,0,223.21,26.79,0,0,250
"29 Jul 2025","726pm",14912,330,0,0,0,0,294.64,35.36,0,0,330
"29 Jul 2025","738pm",14913,200,0,0,0,0,178.57,21.43,0,0,200
"29 Jul 2025","748pm",14914,180,0,0,0,0,160.71,19.29,0,0,180
"29 Jul 2025","756pm",14915,240,0,0,0,0,214.29,25.71,0,0,240
"29 Jul 2025","810pm",14916,240,0,0,0,0,214.29,25.71,0,0,240
"29 Jul 2025","830pm",14917,200,0,0,0,0,178.57,21.43,0,0,200
"29 Jul 2025","856pm",14918,230,0,0,41.07,0,0,0,164.29,0,164.29
"29 Jul 2025","916pm",14919,180,0,0,0,0,160.71,19.29,0,0,180
"29 Jul 2025","932pm",14920,740,0,0,0,0,660.71,79.29,0,0,740
"30 Jul 2025","1037am",14921,250,0,0,0,0,223.21,26.79,0,0,250
"30 Jul 2025","1108am",14922,200,0,0,0,0,178.57,21.43,0,0,200
"30 Jul 2025","1134am",14923,180,0,0,0,0,160.71,19.29,0,0,180
"30 Jul 2025","1146am",14924,300,0,0,35.71,0,89.29,10.71,142.86,0,242.86
"30 Jul 2025","1151am",14925,400,0,0,0,0,357.14,42.86,0,0,400
"30 Jul 2025","1200pm",14926,410,0,0,0,0,366.07,43.93,0,0,410
"30 Jul 2025","1206pm",14927,240,0,0,0,0,214.29,25.71,0,0,240
"30 Jul 2025","1212pm",14928,180,0,0,0,0,160.71,19.29,0,0,180
"30 Jul 2025","1231pm",14929,290,0,0,0,0,258.93,31.07,0,0,290
"30 Jul 2025","1234pm",14930,200,0,0,0,0,178.57,21.43,0,0,200
"30 Jul 2025","1237pm",14931,270,0,0,0,0,241.07,28.93,0,0,270
"30 Jul 2025","1243pm",14932,200,0,0,0,0,178.57,21.43,0,0,200
"30 Jul 2025","1255pm",14933,400,0,0,0,0,357.14,42.86,0,0,400
"30 Jul 2025","101pm",14934,210,0,0,0,0,187.5,22.5,0,0,210
"30 Jul 2025","103pm",14935,230,0,0,0,0,205.36,24.64,0,0,230
"30 Jul 2025","104pm",14936,180,0,0,0,0,160.71,19.29,0,0,180
"30 Jul 2025","105pm",14937,180,0,0,0,0,160.71,19.29,0,0,180
"30 Jul 2025","116pm",14938,220,0,0,0,0,196.43,23.57,0,0,220
"30 Jul 2025","118pm",14939,200,0,0,0,0,178.57,21.43,0,0,200
"30 Jul 2025","120pm",14940,180,0,0,0,0,160.71,19.29,0,0,180
"30 Jul 2025","127pm",14941,180,0,0,0,0,160.71,19.29,0,0,180
"30 Jul 2025","129pm",14942,400,0,0,0,0,357.14,42.86,0,0,400
"30 Jul 2025","132pm",14943,470,0,0,0,0,419.64,50.36,0,0,470
"30 Jul 2025","135pm",14944,240,0,0,0,0,214.29,25.71,0,0,240
"30 Jul 2025","148pm",14945,270,0,0,39.29,0,44.64,5.36,157.14,0,207.14
"30 Jul 2025","149pm",14946,360,0,0,0,0,321.43,38.57,0,0,360
"30 Jul 2025","201pm",14947,220,0,0,0,0,196.43,23.57,0,0,220
"30 Jul 2025","206pm",14948,180,0,0,32.14,0,0,0,128.57,0,128.57
"30 Jul 2025","211pm",14949,180,0,0,0,0,160.71,19.29,0,0,180
"30 Jul 2025","212pm",14950,230,0,0,0,0,205.36,24.64,0,0,230
"30 Jul 2025","216pm",14951,1130,0,0,0,0,1008.93,121.07,0,0,1130
"30 Jul 2025","233pm",14952,170,0,0,0,0,151.79,18.21,0,0,170
"30 Jul 2025","244pm",14953,160,0,0,0,0,142.86,17.14,0,0,160
"30 Jul 2025","245pm",14954,280,0,0,0,0,250,30,0,0,280
"30 Jul 2025","305pm",14955,240,0,0,0,0,214.29,25.71,0,0,240
"30 Jul 2025","311pm",14956,220,0,0,0,0,196.43,23.57,0,0,220
"30 Jul 2025","314pm",14957,2020,0,0,0,0,1803.57,216.43,0,0,2020
"30 Jul 2025","317pm",14958,180,0,0,0,0,160.71,19.29,0,0,180
"30 Jul 2025","320pm",14959,220,0,0,0,0,196.43,23.57,0,0,220
"30 Jul 2025","322pm",14960,250,0,0,0,0,223.21,26.79,0,0,250
"30 Jul 2025","328pm",14961,240,0,0,0,0,214.29,25.71,0,0,240
"30 Jul 2025","330pm",14962,240,0,0,0,0,214.29,25.71,0,0,240
"30 Jul 2025","331pm",14963,290,0,0,0,0,258.93,31.07,0,0,290
"30 Jul 2025","332pm",14964,580,0,0,17.86,0,428.57,51.43,71.43,0,551.43
"30 Jul 2025","402pm",14965,450,0,0,0,0,401.79,48.21,0,0,450
"30 Jul 2025","429pm",14966,570,0,0,0,0,508.93,61.07,0,0,570
"30 Jul 2025","440pm",14967,270,0,0,0,0,241.07,28.93,0,0,270
"30 Jul 2025","449pm",14968,240,0,0,0,0,214.29,25.71,0,0,240
"30 Jul 2025","509pm",14969,460,0,0,0,0,410.71,49.29,0,0,460
"30 Jul 2025","515pm",14970,240,0,0,0,0,214.29,25.71,0,0,240
"30 Jul 2025","527pm",14971,290,0,0,42.86,0,44.64,5.36,171.43,0,221.43
"30 Jul 2025","536pm",14972,400,0,0,0,0,357.14,42.86,0,0,400
"30 Jul 2025","543pm",14973,0,0,0,0,0,0,0,0,0,0
"30 Jul 2025","544pm",14974,220,0,0,39.29,0,0,0,157.14,0,157.14
"30 Jul 2025","603pm",14975,280,0,0,0,0,250,30,0,0,280
"30 Jul 2025","619pm",14976,290,0,0,0,0,258.93,31.07,0,0,290
"30 Jul 2025","621pm",14977,240,0,0,0,0,214.29,25.71,0,0,240
"30 Jul 2025","627pm",14978,0,0,0,0,0,0,0,0,0,0
"30 Jul 2025","631pm",14979,180,0,0,0,0,160.71,19.29,0,0,180
"30 Jul 2025","632pm",14980,270,0,0,0,0,241.07,28.93,0,0,270
"30 Jul 2025","642pm",14981,220,0,0,0,0,196.43,23.57,0,0,220
"30 Jul 2025","643pm",14982,240,0,0,0,0,214.29,25.71,0,0,240
"30 Jul 2025","644pm",14983,180,0,0,0,0,160.71,19.29,0,0,180
"30 Jul 2025","646pm",14984,290,0,0,0,0,258.93,31.07,0,0,290
"30 Jul 2025","647pm",14985,440,0,0,0,0,392.86,47.14,0,0,440
"30 Jul 2025","649pm",14986,320,0,0,0,0,285.71,34.29,0,0,320
"30 Jul 2025","650pm",14987,220,0,0,0,0,196.43,23.57,0,0,220
"30 Jul 2025","652pm",14988,270,0,0,0,0,241.07,28.93,0,0,270
"30 Jul 2025","705pm",14989,180,0,0,0,0,160.71,19.29,0,0,180
"30 Jul 2025","707pm",14990,230,0,0,0,0,205.36,24.64,0,0,230
"30 Jul 2025","721pm",14991,180,0,0,0,0,160.71,19.29,0,0,180
"30 Jul 2025","738pm",14992,520,0,0,44.64,0,241.07,28.93,178.57,0,448.57
"30 Jul 2025","742pm",14993,160,0,0,0,0,142.86,17.14,0,0,160
"30 Jul 2025","744pm",14994,1990,0,0,0,0,1776.79,213.21,0,0,1990
"30 Jul 2025","753pm",14995,240,0,0,0,0,214.29,25.71,0,0,240
"30 Jul 2025","755pm",14996,210,0,0,0,0,187.5,22.5,0,0,210
"30 Jul 2025","801pm",14997,240,0,0,42.86,0,0,0,171.43,0,171.43
"30 Jul 2025","812pm",14998,250,0,0,0,0,223.21,26.79,0,0,250
"30 Jul 2025","824pm",14999,390,0,0,35.71,0,169.64,20.36,142.86,0,332.86
"30 Jul 2025","830pm",15000,410,0,0,0,0,366.07,43.93,0,0,410
"30 Jul 2025","833pm",15001,0,0,0,0,0,0,0,0,0,0
"30 Jul 2025","836pm",15002,710,0,0,0,0,633.93,76.07,0,0,710
"30 Jul 2025","845pm",15003,780,0,0,0,0,696.43,83.57,0,0,780
"30 Jul 2025","901pm",15004,580,0,0,0,0,517.86,62.14,0,0,580
"30 Jul 2025","918pm",15005,0,0,0,0,0,0,0,0,0,0
"30 Jul 2025","920pm",15006,250,0,0,0,0,223.21,26.79,0,0,250
"30 Jul 2025","926pm",15007,440,0,0,0,0,392.86,47.14,0,0,440
"30 Jul 2025","1006pm",15008,250,0,0,0,0,223.21,26.79,0,0,250
"30 Jul 2025","1022pm",15009,530,0,0,0,0,473.21,56.79,0,0,530
"31 Jul 2025","1032am",15010,180,0,0,0,0,160.71,19.29,0,0,180
"31 Jul 2025","1119am",15011,240,0,0,0,0,214.29,25.71,0,0,240
"31 Jul 2025","1121am",15012,380,0,0,0,0,339.29,40.71,0,0,380
"31 Jul 2025","1135am",15013,270,0,0,0,0,241.07,28.93,0,0,270
"31 Jul 2025","1152am",15014,180,0,0,0,0,160.71,19.29,0,0,180
"31 Jul 2025","1155am",15015,380,0,0,0,0,339.29,40.71,0,0,380
"31 Jul 2025","1158am",15016,240,0,0,0,0,214.29,25.71,0,0,240
"31 Jul 2025","1204pm",15017,240,0,0,0,0,214.29,25.71,0,0,240
"31 Jul 2025","1214pm",15018,220,0,0,0,0,196.43,23.57,0,0,220
"31 Jul 2025","1216pm",15019,270,0,0,0,0,241.07,28.93,0,0,270
"31 Jul 2025","1231pm",15020,240,0,0,42.86,0,0,0,171.43,0,171.43
"31 Jul 2025","1235pm",15021,220,0,0,0,0,196.43,23.57,0,0,220
"31 Jul 2025","1236pm",15022,230,0,0,0,0,205.36,24.64,0,0,230
"31 Jul 2025","1237pm",15023,220,0,0,0,0,196.43,23.57,0,0,220
"31 Jul 2025","1239pm",15024,360,0,0,0,0,321.43,38.57,0,0,360
"31 Jul 2025","1240pm",15025,140,0,0,0,0,125,15,0,0,140
"31 Jul 2025","1241pm",15026,160,0,0,0,0,142.86,17.14,0,0,160
"31 Jul 2025","1245pm",15027,180,0,32.14,0,0,0,0,128.57,0,128.57
"31 Jul 2025","1247pm",15028,250,0,0,0,0,223.21,26.79,0,0,250
"31 Jul 2025","1248pm",15029,250,0,0,0,0,223.21,26.79,0,0,250
"31 Jul 2025","1249pm",15030,180,0,0,0,0,160.71,19.29,0,0,180
"31 Jul 2025","1252pm",15031,0,0,0,0,0,0,0,0,0,0
"31 Jul 2025","1255pm",15032,240,0,0,0,0,214.29,25.71,0,0,240
"31 Jul 2025","1256pm",15033,240,0,0,0,0,214.29,25.71,0,0,240
"31 Jul 2025","1258pm",15034,240,0,0,0,0,214.29,25.71,0,0,240
"31 Jul 2025","1258pm",15035,220,0,0,0,0,196.43,23.57,0,0,220
"31 Jul 2025","101pm",15036,620,0,0,42.86,0,339.29,40.71,171.43,0,551.43
"31 Jul 2025","104pm",15037,300,0,0,0,0,267.86,32.14,0,0,300
"31 Jul 2025","116pm",15038,230,0,0,32.14,0,44.64,5.36,128.57,0,178.57
"31 Jul 2025","119pm",15039,170,0,0,0,0,151.79,18.21,0,0,170
"31 Jul 2025","124pm",15040,1240,0,0,0,0,1107.14,132.86,0,0,1240
"31 Jul 2025","125pm",15041,250,0,0,0,0,223.21,26.79,0,0,250
"31 Jul 2025","135pm",15042,560,0,0,0,0,500,60,0,0,560
"31 Jul 2025","137pm",15043,170,0,0,0,0,151.79,18.21,0,0,170
"31 Jul 2025","152pm",15044,2660,0,0,0,0,2375,285,0,0,2660
"31 Jul 2025","300pm",15045,470,0,0,0,0,419.64,50.36,0,0,470
"31 Jul 2025","302pm",15046,180,0,0,0,0,160.71,19.29,0,0,180
"31 Jul 2025","306pm",15047,730,0,0,87.5,0,214.29,25.71,350,0,590
"31 Jul 2025","308pm",15048,550,0,0,0,0,491.07,58.93,0,0,550
"31 Jul 2025","310pm",15049,290,0,0,0,0,258.93,31.07,0,0,290
"31 Jul 2025","332pm",15050,400,0,0,0,0,357.14,42.86,0,0,400
"31 Jul 2025","337pm",15051,300,0,0,0,0,267.86,32.14,0,0,300
"31 Jul 2025","342pm",15052,400,0,0,0,0,357.14,42.86,0,0,400
"31 Jul 2025","351pm",15053,290,0,0,51.79,0,0,0,207.14,0,207.14
"31 Jul 2025","359pm",15054,180,0,0,0,0,160.71,19.29,0,0,180
"31 Jul 2025","408pm",15055,230,0,0,0,0,205.36,24.64,0,0,230
"31 Jul 2025","412pm",15056,290,0,0,0,0,258.93,31.07,0,0,290
"31 Jul 2025","416pm",15057,470,0,0,0,0,419.64,50.36,0,0,470
"31 Jul 2025","418pm",15058,270,0,0,0,0,241.07,28.93,0,0,270
"31 Jul 2025","420pm",15059,510,0,0,0,0,455.36,54.64,0,0,510
"31 Jul 2025","430pm",15060,290,0,0,0,0,258.93,31.07,0,0,290
"31 Jul 2025","435pm",15061,220,0,0,0,0,196.43,23.57,0,0,220
"31 Jul 2025","458pm",15062,220,0,0,0,0,196.43,23.57,0,0,220
"31 Jul 2025","501pm",15063,270,0,0,0,0,241.07,28.93,0,0,270
"31 Jul 2025","509pm",15064,280,0,0,0,0,250,30,0,0,280
"31 Jul 2025","511pm",15065,180,0,0,0,0,160.71,19.29,0,0,180
"31 Jul 2025","549pm",15066,0,0,0,0,0,0,0,0,0,0
"31 Jul 2025","553pm",15067,200,0,0,0,0,178.57,21.43,0,0,200
"31 Jul 2025","554pm",15068,180,0,0,0,0,160.71,19.29,0,0,180
"31 Jul 2025","614pm",15069,220,0,0,0,0,196.43,23.57,0,0,220
"31 Jul 2025","630pm",15070,200,0,0,0,0,178.57,21.43,0,0,200
"31 Jul 2025","653pm",15071,230,0,0,41.07,0,0,0,164.29,0,164.29
"31 Jul 2025","706pm",15072,180,0,0,0,0,160.71,19.29,0,0,180
"31 Jul 2025","728pm",15073,540,0,0,0,0,482.14,57.86,0,0,540
"31 Jul 2025","730pm",15074,100,0,0,0,0,89.29,10.71,0,0,100
"31 Jul 2025","737pm",15075,240,0,0,0,0,214.29,25.71,0,0,240
"31 Jul 2025","740pm",15076,270,0,0,0,0,241.07,28.93,0,0,270
"31 Jul 2025","742pm",15077,220,0,0,0,0,196.43,23.57,0,0,220
"31 Jul 2025","749pm",15078,510,0,0,0,0,455.36,54.64,0,0,510
"31 Jul 2025","843pm",15079,180,18,0,0,0,144.64,17.36,0,0,162
"31 Jul 2025","849pm",15080,460,0,0,82.15,0,0,0,328.57,0,328.57
"31 Jul 2025","918pm",15081,1980,0,0,0,0,1767.86,212.14,0,0,1980
