Date,Supplier Name,Business Name,TIN,Address,Invoice Number,Items,Category,Total Amount,VAT Exempt Amount,VATable Sale,VAT Amount,VAT Registered,Branch,Payment Method,Paid By,Notes,Created At,Updated At
2025-03-01,Robinsons Supermarket Corporation,Robinsons Supermarket Corporation,000-405-340-00351,LG/F IL Terrazzo Tomas Morato cor Sct Madrinan South Triangle 1103 Quezon City,,Oatside (1x ₱820.52),General,820.52,,732.61,87.91,Yes,SMNE,Cash,,Imported from accounting CSV,2025-06-27T04:56:56.411Z,
2025-03-01,"Super Shopping Market, Inc.","Super Shopping Market, Inc.",209-609-185-00008,"SM City North Edsa Cor North Ave, Quezon City",,Emborg Whipping Cream (1x ₱812),General,812,,725,87,Yes,SMNE,Cash,,Imported from accounting CSV,2025-06-27T04:56:56.412Z,
2025-03-02,Ivoryway Company Inc.,Ivoryway Company Inc.,203-802-940-00000,"42 Sct Bayoran South Triangle 1103 Quezon City NCR, Second District Philippines",,TUBE ICE (1x ₱225),General,225,,200.89,24.11,Yes,SMNE,Cash,,Imported from accounting CSV,2025-06-27T04:56:56.413Z,
2025-03-01,Ivoryway Company Inc.,Ivoryway Company Inc.,203-802-940-00000,"42 Sct Bayoran South Triangle 1103 Quezon City NCR, Second District Philippines",,TUBE ICE (1x ₱180),General,180,,160.71,19.29,Yes,SMNE,Cash,,Imported from accounting CSV,2025-06-27T04:56:56.413Z,
2025-03-02,"Super Shopping Market, Inc.","Super Shopping Market, Inc.",209-609-185-00008,"SM City North Edsa Cor North Ave, Quezon City",,Various Consumable Goods (1x ₱1256),General,1256,,1,134.57,Yes,SMNE,Cash,,Imported from accounting CSV,2025-06-27T04:56:56.414Z,
2025-03-02,"Super Shopping Market, Inc.","Super Shopping Market, Inc.",209-609-185-00008,"SM City North Edsa Cor North Ave, Quezon City",,Emborg Whipping Cream (1x ₱455.5); Table napkin (1x ₱455.5),General,911,,813.39,97.61,Yes,SMNE,Cash,,Imported from accounting CSV,2025-06-27T04:56:56.414Z,
2025-03-03,Ivoryway Company Inc.,Ivoryway Company Inc.,203-802-940-00000,"42 Sct Bayoran South Triangle 1103 Quezon City NCR, Second District Philippines",,TUBE ICE (1x ₱135),General,135,,120.54,14.46,Yes,SMNE,Cash,,Imported from accounting CSV,2025-06-27T04:56:56.414Z,
2025-03-05,"Super Shopping Market, Inc.","Super Shopping Market, Inc.",209-609-185-00008,"SM City North Edsa Cor North Ave, Quezon City",,Various Consumable Goods (1x ₱1214.5),General,1214.5,,1,130.13,Yes,SMNE,Cash,,Imported from accounting CSV,2025-06-27T04:56:56.415Z,
2025-03-04,Ivoryway Company Inc.,Ivoryway Company Inc.,203-802-940-00000,"42 Sct Bayoran South Triangle 1103 Quezon City NCR, Second District Philippines",,TUBE ICE (1x ₱90),General,90,,80.36,9.64,Yes,SMNE,Cash,,Imported from accounting CSV,2025-06-27T04:56:56.415Z,
2025-03-06,"Super Shopping Market, Inc.","Super Shopping Market, Inc.",209-609-185-00008,"SM City North Edsa Cor North Ave, Quezon City",,SM Distilled Water (1x ₱160),General,160,,142.86,17.14,Yes,SMNE,Cash,,Imported from accounting CSV,2025-06-27T04:56:56.416Z,
2025-03-06,Ivoryway Company Inc.,Ivoryway Company Inc.,203-802-940-00000,"42 Sct Bayoran South Triangle 1103 Quezon City NCR, Second District Philippines",,TUBE ICE (1x ₱135),General,135,,120.54,14.46,Yes,SMNE,Cash,,Imported from accounting CSV,2025-06-27T04:56:56.416Z,
2025-03-05,Ivoryway Company Inc.,Ivoryway Company Inc.,203-802-940-00000,"42 Sct Bayoran South Triangle 1103 Quezon City NCR, Second District Philippines",,TUBE ICE (1x ₱135),General,135,,120.54,14.46,Yes,SMNE,Cash,,Imported from accounting CSV,2025-06-27T04:56:56.416Z,
2025-03-06,Ivoryway Company Inc.,Ivoryway Company Inc.,203-802-940-00000,"42 Sct Bayoran South Triangle 1103 Quezon City NCR, Second District Philippines",,TUBE ICE (1x ₱157.5),General,157.5,,140.63,16.88,Yes,SMNE,Cash,,Imported from accounting CSV,2025-06-27T04:56:56.417Z,
2025-03-07,"Super Shopping Market, Inc.","Super Shopping Market, Inc.",209-609-185-00008,"SM City North Edsa Cor North Ave, Quezon City",,Various Consumable Goods (1x ₱1267.25),General,1267.25,,1,135.78,Yes,SMNE,Cash,,Imported from accounting CSV,2025-06-27T04:56:56.417Z,
2025-03-08,"Super Shopping Market, Inc.","Super Shopping Market, Inc.",209-609-185-00008,"SM City North Edsa Cor North Ave, Quezon City",,Emborg Whipping Cream (1x ₱812),General,812,,725,87,Yes,SMNE,Cash,,Imported from accounting CSV,2025-06-27T04:56:56.417Z,
2025-03-09,Phil. Jacobe Ventures Inc.,Phil. Jacobe Ventures Inc.,276-946-023-00003,CT 116(B) Mega B Bldg Vargas Cor EDSA SM Megamall Wack-Wack Greenhills Mandaluyong City,,Banana Pudding (1x ₱1230),General,1230,,1,131.79,Yes,SMNE,Cash,,Imported from accounting CSV,2025-06-27T04:56:56.418Z,
2025-03-08,For the Love of Food Inc.,For the Love of Food Inc.,600-238-381-00000,Ortigas Center Mandaluyong 1550,,Golden Ticket (1x ₱1750),General,1750,,1,187.5,Yes,SMNE,Cash,,Imported from accounting CSV,2025-06-27T04:56:56.418Z,
2025-03-09,Ivoryway Company Inc.,Ivoryway Company Inc.,203-802-940-00000,"42 Sct Bayoran South Triangle 1103 Quezon City NCR, Second District Philippines",,TUBE ICE (1x ₱225),General,225,,200.89,24.11,Yes,SMNE,Cash,,Imported from accounting CSV,2025-06-27T04:56:56.418Z,
2025-03-08,Ivoryway Company Inc.,Ivoryway Company Inc.,203-802-940-00000,"42 Sct Bayoran South Triangle 1103 Quezon City NCR, Second District Philippines",,TUBE ICE (1x ₱180),General,180,,160.71,19.29,Yes,SMNE,Cash,,Imported from accounting CSV,2025-06-27T04:56:56.418Z,
2025-03-10,"Super Shopping Market, Inc.","Super Shopping Market, Inc.",209-609-185-00008,"SM City North Edsa Cor North Ave, Quezon City",,Emborg Whipping Cream (1x ₱251.875); Table napkin (1x ₱251.875),General,503.75,,449.78,53.97,Yes,SMNE,Cash,,Imported from accounting CSV,2025-06-27T04:56:56.419Z,
2025-03-10,Ivoryway Company Inc.,Ivoryway Company Inc.,203-802-940-00000,"42 Sct Bayoran South Triangle 1103 Quezon City NCR, Second District Philippines",,TUBE ICE (1x ₱112.5),General,112.5,,100.45,12.05,Yes,SMNE,Cash,,Imported from accounting CSV,2025-06-27T04:56:56.419Z,
2025-03-10,"Super Shopping Market, Inc.","Super Shopping Market, Inc.",209-609-185-00008,"SM City North Edsa Cor North Ave, Quezon City",,Various Consumable Goods (1x ₱846),General,846,,755.36,90.64,Yes,SMNE,Cash,,Imported from accounting CSV,2025-06-27T04:56:56.419Z,
2025-03-11,Ivoryway Company Inc.,Ivoryway Company Inc.,203-802-940-00000,"42 Sct Bayoran South Triangle 1103 Quezon City NCR, Second District Philippines",,TUBE ICE (1x ₱90),General,90,,80.36,9.64,Yes,SMNE,Cash,,Imported from accounting CSV,2025-06-27T04:56:56.420Z,
2025-03-11,"Super Shopping Market, Inc.","Super Shopping Market, Inc.",209-609-185-00008,"SM City North Edsa Cor North Ave, Quezon City",,Various Consumable Goods (1x ₱814),General,814,,726.79,87.21,Yes,SMNE,Cash,,Imported from accounting CSV,2025-06-27T04:56:56.420Z,
2025-03-12,"Super Shopping Market, Inc.","Super Shopping Market, Inc.",209-609-185-00008,"SM City North Edsa Cor North Ave, Quezon City",,Emborg Whipping Cream (1x ₱406),General,406,,362.5,43.5,Yes,SMNE,Cash,,Imported from accounting CSV,2025-06-27T04:56:56.420Z,
2025-03-13,Ivoryway Company Inc.,Ivoryway Company Inc.,203-802-940-00000,"42 Sct Bayoran South Triangle 1103 Quezon City NCR, Second District Philippines",,TUBE ICE (1x ₱180),General,180,,160.71,19.29,Yes,SMNE,Cash,,Imported from accounting CSV,2025-06-27T04:56:56.421Z,
2025-03-12,Ivoryway Company Inc.,Ivoryway Company Inc.,203-802-940-00000,"42 Sct Bayoran South Triangle 1103 Quezon City NCR, Second District Philippines",,TUBE ICE (1x ₱135),General,135,,120.54,14.46,Yes,SMNE,Cash,,Imported from accounting CSV,2025-06-27T04:56:56.421Z,
2025-03-13,"Super Shopping Market, Inc.","Super Shopping Market, Inc.",209-609-185-00008,"SM City North Edsa Cor North Ave, Quezon City",,Various Consumable Goods (1x ₱355.5),General,355.5,,317.41,38.09,Yes,SMNE,Cash,,Imported from accounting CSV,2025-06-27T04:56:56.421Z,
2025-03-14,"Super Shopping Market, Inc.","Super Shopping Market, Inc.",209-609-185-00008,"SM City North Edsa Cor North Ave, Quezon City",,Various Consumable Goods (1x ₱595),General,595,,531.25,63.75,Yes,SMNE,Cash,,Imported from accounting CSV,2025-06-27T04:56:56.422Z,
2025-03-14,Ivoryway Company Inc.,Ivoryway Company Inc.,203-802-940-00000,"42 Sct Bayoran South Triangle 1103 Quezon City NCR, Second District Philippines",,TUBE ICE (1x ₱135),General,135,,120.54,14.46,Yes,SMNE,Cash,,Imported from accounting CSV,2025-06-27T04:56:56.422Z,
2025-03-13,Abacus Book and Card Corp.,Abacus Book and Card Corp.,000-299-299-00281,SM City North EDSA North Ave. Cor EDSA Santo Cristo Quezon City,,Staple Wire (1x ₱104),General,104,,92.86,11.14,Yes,SMNE,Cash,,Imported from accounting CSV,2025-06-27T04:56:56.422Z,
2025-03-15,Ivoryway Company Inc.,Ivoryway Company Inc.,203-802-940-00000,"42 Sct Bayoran South Triangle 1103 Quezon City NCR, Second District Philippines",,TUBE ICE (1x ₱157.5),General,157.5,,140.63,16.88,Yes,SMNE,Cash,,Imported from accounting CSV,2025-06-27T04:56:56.423Z,
2025-03-15,"Super Shopping Market, Inc.","Super Shopping Market, Inc.",209-609-185-00008,"SM City North Edsa Cor North Ave, Quezon City",,Emborg Whipping Cream (1x ₱812),General,812,,725,87,Yes,SMNE,Cash,,Imported from accounting CSV,2025-06-27T04:56:56.423Z,
2025-03-16,"Super Shopping Market, Inc.","Super Shopping Market, Inc.",209-609-185-00008,"SM City North Edsa Cor North Ave, Quezon City",,Various Consumable Goods (1x ₱1555.25),General,1555.25,,1,166.63,Yes,SMNE,Cash,,Imported from accounting CSV,2025-06-27T04:56:56.424Z,
2025-03-15,Ivoryway Company Inc.,Ivoryway Company Inc.,203-802-940-00000,"42 Sct Bayoran South Triangle 1103 Quezon City NCR, Second District Philippines",,TUBE ICE (1x ₱225),General,225,,200.89,24.11,Yes,SMNE,Cash,,Imported from accounting CSV,2025-06-27T04:56:56.424Z,
2025-03-16,Robinsons Supermarket Corporation,Robinsons Supermarket Corporation,000-405-340-01500,17 Jupiter St Cor Congressional Bahay Toro 1 Quezon City,,Ceres Fruit Juice and Vita Coconut (1x ₱467),General,467,,416.96,50.04,Yes,SMNE,Cash,,Imported from accounting CSV,2025-06-27T04:56:56.425Z,
2025-03-17,Ivoryway Company Inc.,Ivoryway Company Inc.,203-802-940-00000,"42 Sct Bayoran South Triangle 1103 Quezon City NCR, Second District Philippines",,TUBE ICE (1x ₱157.5),General,157.5,,140.63,16.88,Yes,SMNE,Cash,,Imported from accounting CSV,2025-06-27T04:56:56.425Z,
2025-03-16,Abacus Book and Card Corp.,Abacus Book and Card Corp.,000-299-299-00281,SM City North EDSA North Ave. Cor EDSA Santo Cristo Quezon City,,Various office supplies (1x ₱139),General,139,,124.11,14.89,Yes,SMNE,Cash,,Imported from accounting CSV,2025-06-27T04:56:56.425Z,
2025-03-17,Frances May Pauline S. Tutor - Prop. - FMPT PACKAGING SUPPLIES TRADING,Frances May Pauline S. Tutor - Prop. - FMPT PACKAGING SUPPLIES TRADING,711-904-153-00000,"B6 L42 Palmera Homes Nova East Brgy. 177 Camarin 14000 Caloocan City NCR, 3rd District Philippines",,Various Consumable Goods (1x ₱1492),General,1492,,1,159.86,Yes,SMNE,Cash,,Imported from accounting CSV,2025-06-27T04:56:56.426Z,
2025-03-25,For the Love of Food Inc.,For the Love of Food Inc.,600-238-381-000,"The Daily Cut, Ortigas Center Mandaluyong City NCR 1550",,Golden Ticket (1x ₱1750),General,1750,,1,187.5,Yes,SMNE,Cash,,Imported from accounting CSV,2025-06-27T04:56:56.426Z,
2025-03-18,Ivoryway Company Inc.,Ivoryway Company Inc.,203-802-940-00000,"42 Sct Bayoran South Triangle 1103 Quezon City NCR, Second District Philippines",,TUBE ICE (1x ₱112.5),General,112.5,,100.45,12.05,Yes,SMNE,Cash,,Imported from accounting CSV,2025-06-27T04:56:56.426Z,
2025-03-19,"Super Shopping Market, Inc.","Super Shopping Market, Inc.",209-609-185-00008,"SM City North Edsa Cor North Ave, Quezon City",,Emborg Whipping Cream (1x ₱406),General,406,,362.5,43.5,Yes,SMNE,Cash,,Imported from accounting CSV,2025-06-27T04:56:56.427Z,
2025-03-20,Ivoryway Company Inc.,Ivoryway Company Inc.,203-802-940-00000,"42 Sct Bayoran South Triangle 1103 Quezon City NCR, Second District Philippines",,TUBE ICE (1x ₱135),General,135,,120.54,14.46,Yes,SMNE,Cash,,Imported from accounting CSV,2025-06-27T04:56:56.427Z,
2025-03-19,Ivoryway Company Inc.,Ivoryway Company Inc.,203-802-940-00000,"42 Sct Bayoran South Triangle 1103 Quezon City NCR, Second District Philippines",,TUBE ICE (1x ₱135),General,135,,120.54,14.46,Yes,SMNE,Cash,,Imported from accounting CSV,2025-06-27T04:56:56.427Z,
2025-03-21,"Super Shopping Market, Inc.","Super Shopping Market, Inc.",209-609-185-00008,"SM City North Edsa Cor North Ave, Quezon City",,Various Consumable Goods (1x ₱1218),General,1218,,1,130.5,Yes,SMNE,Cash,,Imported from accounting CSV,2025-06-27T04:56:56.428Z,
2025-03-22,Ivoryway Company Inc.,Ivoryway Company Inc.,203-802-940-00000,"42 Sct Bayoran South Triangle 1103 Quezon City NCR, Second District Philippines",,TUBE ICE (1x ₱180),General,180,,160.71,19.29,Yes,SMNE,Cash,,Imported from accounting CSV,2025-06-27T04:56:56.428Z,
2025-03-21,Ivoryway Company Inc.,Ivoryway Company Inc.,203-802-940-00000,"42 Sct Bayoran South Triangle 1103 Quezon City NCR, Second District Philippines",,TUBE ICE (1x ₱135),General,135,,120.54,14.46,Yes,SMNE,Cash,,Imported from accounting CSV,2025-06-27T04:56:56.428Z,
2025-03-22,"Super Shopping Market, Inc.","Super Shopping Market, Inc.",209-609-185-00008,"SM City North Edsa Cor North Ave, Quezon City",,Emborg Whipping Cream (1x ₱1218),General,1218,,1,130.5,Yes,SMNE,Cash,,Imported from accounting CSV,2025-06-27T04:56:56.428Z,
2025-03-23,Ivoryway Company Inc.,Ivoryway Company Inc.,203-802-940-00000,"42 Sct Bayoran South Triangle 1103 Quezon City NCR, Second District Philippines",,TUBE ICE (1x ₱135),General,135,,120.54,14.46,Yes,SMNE,Cash,,Imported from accounting CSV,2025-06-27T04:56:56.429Z,
2025-03-22,ABACUS BOOK AND CARD CORP.,ABACUS BOOK AND CARD CORP.,000-299-299-00281,SM City North EDSA North Ave. Cor EDSA Santo Cristo Quezon City,,Various Office Supplies (1x ₱366),General,366,,326.79,39.21,Yes,SMNE,Cash,,Imported from accounting CSV,2025-06-27T04:56:56.429Z,
2025-03-25,"Super Shopping Market, Inc.","Super Shopping Market, Inc.",209-609-185-00008,"SM City North Edsa Cor North Ave, Quezon City",,Various Consumable Goods (1x ₱1628),General,1628,,1,174.43,Yes,SMNE,Cash,,Imported from accounting CSV,2025-06-27T04:56:56.430Z,
2025-03-25,Ivoryway Company Inc.,Ivoryway Company Inc.,203-802-940-00000,"42 Sct Bayoran South Triangle 1103 Quezon City NCR, Second District Philippines",,TUBE ICE (1x ₱112.5),General,112.5,,100.45,12.05,Yes,SMNE,Cash,,Imported from accounting CSV,2025-06-27T04:56:56.430Z,
2025-03-25,"Super Shopping Market, Inc.","Super Shopping Market, Inc.",209-609-185-00008,"SM City North Edsa Cor North Ave, Quezon City",,Refine White Sugar (1x ₱160),General,160,,142.86,17.14,Yes,SMNE,Cash,,Imported from accounting CSV,2025-06-27T04:56:56.431Z,
2025-03-24,Ivoryway Company Inc.,Ivoryway Company Inc.,203-802-940-00000,"42 Sct Bayoran South Triangle 1103 Quezon City NCR, Second District Philippines",,TUBE ICE (1x ₱157.5),General,157.5,,140.63,16.88,Yes,SMNE,Cash,,Imported from accounting CSV,2025-06-27T04:56:56.430Z,
2025-03-26,Ivoryway Company Inc.,Ivoryway Company Inc.,203-802-940-00000,"42 Sct Bayoran South Triangle 1103 Quezon City NCR, Second District Philippines",,TUBE ICE (1x ₱135),General,135,,120.54,14.46,Yes,SMNE,Cash,,Imported from accounting CSV,2025-06-27T04:56:56.431Z,
2025-03-25,"Super Shopping Market, Inc.","Super Shopping Market, Inc.",209-609-185-00008,"SM City North Edsa Cor North Ave, Quezon City",,Australias Own Full Cream (1x ₱612),General,612,,546.43,65.57,Yes,SMNE,Cash,,Imported from accounting CSV,2025-06-27T04:56:56.431Z,
2025-03-27,Ivoryway Company Inc.,Ivoryway Company Inc.,203-802-940-00000,"42 Sct Bayoran South Triangle 1103 Quezon City NCR, Second District Philippines",,TUBE ICE (1x ₱135),General,135,,120.54,14.46,Yes,SMNE,Cash,,Imported from accounting CSV,2025-06-27T04:56:56.431Z,
2025-03-28,Ivoryway Company Inc.,Ivoryway Company Inc.,203-802-940-00000,"42 Sct Bayoran South Triangle 1103 Quezon City NCR, Second District Philippines",,TUBE ICE (1x ₱157.5),General,157.5,,140.63,16.88,Yes,SMNE,Cash,,Imported from accounting CSV,2025-06-27T04:56:56.432Z,
2025-03-28,"Super Shopping Market, Inc.","Super Shopping Market, Inc.",209-609-185-00008,"SM City North Edsa Cor North Ave, Quezon City",,Various Consumable Goods (1x ₱841.5),General,841.5,,751.34,90.16,Yes,SMNE,Cash,,Imported from accounting CSV,2025-06-27T04:56:56.432Z,
2025-03-28,M.D.R Consumer Goods Trading,M.D.R. Consumer Goods Trading,420-986-840-00000,"178 Bicoleyte St. Manggahan Commonwealth 1121 Quezon City NCR, Second District Philippines",,Various Consumable Goods (1x ₱4490),General,4490,,4,481.07,Yes,SMNE,Cash,,Imported from accounting CSV,2025-06-27T04:56:56.432Z,
2025-03-27,"Super Shopping Market, Inc.","Super Shopping Market, Inc.",209-609-185-00008,"SM City North Edsa Cor North Ave, Quezon City",,Various Consumable Goods (1x ₱1098),General,1098,,980.36,117.64,Yes,SMNE,Cash,,Imported from accounting CSV,2025-06-27T04:56:56.432Z,
2025-03-29,"Super Shopping Market, Inc.","Super Shopping Market, Inc.",209-609-185-00008,"SM City North Edsa Cor North Ave, Quezon City",,Various Consumable Goods (1x ₱1918),General,1918,,1,205.5,Yes,SMNE,Cash,,Imported from accounting CSV,2025-06-27T04:56:56.433Z,
2025-03-29,Ivoryway Company Inc.,Ivoryway Company Inc.,203-802-940-00000,"42 Sct Bayoran South Triangle 1103 Quezon City NCR, Second District Philippines",,TUBE ICE (1x ₱225),General,225,,200.89,24.11,Yes,SMNE,Cash,,Imported from accounting CSV,2025-06-27T04:56:56.433Z,
2025-03-30,For the Love of Food Inc.,For the Love of Food Inc.,600-238-381-000,"The Daily Cut, Ortigas Center Mandaluyong City NCR 1550",,Golden Ticket 1kg (1x ₱1750),General,1750,,1,187.5,Yes,SMNE,Cash,,Imported from accounting CSV,2025-06-27T04:56:56.433Z,
2025-03-02,Ivoryway Company Inc.,Ivoryway Company Inc.,203-802-940-00000,"42 Sct Bayoran South Triangle 1103 Quezon City NCR, Second District Philippines",,TUBE ICE (1x ₱202.5),General,202.5,,180.8,21.7,Yes,Podium,Cash,,Imported from accounting CSV,2025-06-27T04:56:56.434Z,
2025-03-31,"Super Shopping Market, Inc.","Super Shopping Market, Inc.",209-609-185-00008,"SM City North Edsa Cor North Ave, Quezon City",,Various Consumable Goods (1x ₱1287),General,1287,,1,137.89,Yes,SMNE,Cash,,Imported from accounting CSV,2025-06-27T04:56:56.434Z,
2025-03-31,Ivoryway Company Inc.,Ivoryway Company Inc.,203-802-940-00000,"42 Sct Bayoran South Triangle 1103 Quezon City NCR, Second District Philippines",,TUBE ICE (1x ₱135),General,135,,120.54,14.46,Yes,SMNE,Cash,,Imported from accounting CSV,2025-06-27T04:56:56.434Z,
2025-03-30,Ivoryway Company Inc.,Ivoryway Company Inc.,203-802-940-00000,"42 Sct Bayoran South Triangle 1103 Quezon City NCR, Second District Philippines",,TUBE ICE (1x ₱180),General,180,,160.71,19.29,Yes,SMNE,Cash,,Imported from accounting CSV,2025-06-27T04:56:56.434Z,
2025-03-05,Ivoryway Company Inc.,Ivoryway Company Inc.,203-802-940-00000,"42 Sct Bayoran South Triangle 1103 Quezon City NCR, Second District Philippines",,TUBE ICE (1x ₱225),General,225,,200.89,24.11,Yes,Podium,Cash,,Imported from accounting CSV,2025-06-27T04:56:56.435Z,
2025-03-04,Ivoryway Company Inc.,Ivoryway Company Inc.,203-802-940-00000,"42 Sct Bayoran South Triangle 1103 Quezon City NCR, Second District Philippines",,TUBE ICE (1x ₱202.5),General,202.5,,180.8,21.7,Yes,Podium,Cash,,Imported from accounting CSV,2025-06-27T04:56:56.435Z,
2025-03-04,"Supervalue, Inc.","Supervalue, Inc.",000-144-976-00057,"SM Megamall Bldg. A,Edsa Wack Wack Greenhills 1555 City of Mandaluyong Second District Philippines",,Various Consumable Goods (1x ₱1529.5),General,1529.5,,1,163.88,Yes,Podium,Cash,,Imported from accounting CSV,2025-06-27T04:56:56.435Z,
2025-03-05,Renielle B. Rebadomia - Prop,Renielle B. Rebadomia - Prop,325-157-916-00000,12 Rhapsody corner aria St. Sta. Cecilia Village,,IPT Single (White) Brown (1x ₱224),General,224,,200,24,Yes,Podium,Cash,,Imported from accounting CSV,2025-06-27T04:56:56.436Z,
2025-03-05,For the Love of Food Inc.,For the Love of Food Inc.,600-238-381-000,"The Daily Cut, Ortigas Center Mandaluyong City NCR 1550",,Golden Ticket 1kg (1x ₱1750),General,1750,,1,187.5,Yes,Podium,Cash,,Imported from accounting CSV,2025-06-27T04:56:56.436Z,
2025-03-06,"Supervalue, Inc.","Supervalue, Inc.",000-144-976-00003,"SM Megamall Bldg B, J.Vargas St. Wack Wack Greenhills City of Mandaluyong Second District 1550",,Various Consumable Goods (1x ₱1567.5),General,1567.5,,1,167.95,Yes,Podium,Cash,,Imported from accounting CSV,2025-06-27T04:56:56.436Z,
2025-03-05,Kareila Mngt. Corp,Kareila Mngt. Corp,246-969-491-009,514 Shaw Boulevard Corner Laurel St. Mandaluyong City,,Various Goods (1x ₱792),General,792,,707.14,84.86,Yes,Podium,Cash,,Imported from accounting CSV,2025-06-27T04:56:56.436Z,
2025-03-06,"Supervalue, Inc.","Supervalue, Inc.",000-144-976-00003,"SM Megamall Bldg B, J.Vargas St. Wack Wack Greenhills City of Mandaluyong Second District 1550",,Various Consumable Goods (1x ₱1567.5),General,1567.5,,1,167.95,Yes,Podium,Cash,,Imported from accounting CSV,2025-06-27T04:56:56.437Z,
2025-03-07,Ivoryway Company Inc.,Ivoryway Company Inc.,203-802-940-00000,"42 Sct Bayoran South Triangle 1103 Quezon City NCR, Second District Philippines",,TUBE ICE (1x ₱112.5),General,112.5,,100.45,12.05,Yes,Podium,Cash,,Imported from accounting CSV,2025-06-27T04:56:56.437Z,
2025-03-07,"Supervalue, Inc.","Supervalue, Inc.",000-144-976-00057,"SM Megamall Bldg. A,Edsa Wack Wack Greenhills 1555 City of Mandaluyong Second District Philippines",,Cling Wrap (1x ₱131.75),General,131.75,,117.63,14.12,Yes,Podium,Cash,,Imported from accounting CSV,2025-06-27T04:56:56.437Z,
2025-03-08,Ivoryway Company Inc.,Ivoryway Company Inc.,203-802-940-00000,"42 Sct Bayoran South Triangle 1103 Quezon City NCR, Second District Philippines",,TUBE ICE (1x ₱157.5),General,157.5,,140.63,16.88,Yes,Podium,Cash,,Imported from accounting CSV,2025-06-27T04:56:56.438Z,
2025-03-10,"Supervalue, Inc.","Supervalue, Inc.",000-144-976-00057,"SM Megamall Bldg. A,Edsa Wack Wack Greenhills 1555 City of Mandaluyong Second District Philippines",,Arla Whipping 1L (1x ₱982),General,982,,876.79,105.21,Yes,Podium,Cash,,Imported from accounting CSV,2025-06-27T04:56:56.438Z,
2025-03-09,Ivoryway Company Inc.,Ivoryway Company Inc.,203-802-940-00000,"42 Sct Bayoran South Triangle 1103 Quezon City NCR, Second District Philippines",,TUBE ICE (1x ₱90),General,90,,80.36,9.64,Yes,Podium,Cash,,Imported from accounting CSV,2025-06-27T04:56:56.438Z,
2025-03-10,Phil. Jacobe Ventures Inc.,Phil. Jacobe Ventures Inc.,276-946-023-00004,"Mitsukoshi 8th Ave. Cor 36th St., Grand Central Park, Fort Bonifacio, North BGC, Taguig City NCR, 4th District Philippines",,Meals (1x ₱2844),General,2844,,2,304.71,Yes,Podium,Cash,,Imported from accounting CSV,2025-06-27T04:56:56.439Z,
2025-03-10,Ivoryway Company Inc.,Ivoryway Company Inc.,203-802-940-00000,"42 Sct Bayoran South Triangle 1103 Quezon City NCR, Second District Philippines",,TUBE ICE (1x ₱202.5),General,202.5,,180.8,21.7,Yes,Podium,Cash,,Imported from accounting CSV,2025-06-27T04:56:56.439Z,
2025-03-11,Ivoryway Company Inc.,Ivoryway Company Inc.,203-802-940-00000,"42 Sct Bayoran South Triangle 1103 Quezon City NCR, Second District Philippines",,TUBE ICE (1x ₱135),General,135,,120.54,14.46,Yes,Podium,Cash,,Imported from accounting CSV,2025-06-27T04:56:56.440Z,
2025-03-11,"Supervalue, Inc.","Supervalue, Inc.",000-144-976-00057,"SM Megamall Bldg. A,Edsa Wack Wack Greenhills 1555 City of Mandaluyong Second District Philippines",,Various Consumable Goods (1x ₱1440),General,1440,,1,154.29,Yes,Podium,Cash,,Imported from accounting CSV,2025-06-27T04:56:56.440Z,
2025-03-10,Alyssa Ann Kamille A. Co-Prop,Alyssa Ann Kamille A. Co-Prop,427-330-896-00000,"170B Wilson St., Brgy. Maytunas, 1500 San Juan City NCR, 2nd District, Philippines",,Wooden Chopsticks (1x ₱135),General,135,,120.54,14.46,Yes,Podium,Cash,,Imported from accounting CSV,2025-06-27T04:56:56.441Z,
2025-03-12,Ivoryway Company Inc.,Ivoryway Company Inc.,203-802-940-00000,"42 Sct Bayoran South Triangle 1103 Quezon City NCR, Second District Philippines",,TUBE ICE (1x ₱180),General,180,,160.71,19.29,Yes,Podium,Cash,,Imported from accounting CSV,2025-06-27T04:56:56.441Z,
2025-03-12,"Supervalue, Inc.","Supervalue, Inc.",000-144-976-00003,"SM Megamall Bldg B, J.Vargas St. Wack Wack Greenhills City of Mandaluyong Second District 1550",,Arla Whipping 1L (1x ₱982),General,982,,876.79,105.21,Yes,Podium,Cash,,Imported from accounting CSV,2025-06-27T04:56:56.441Z,
2025-03-18,"Supervalue, Inc.","Supervalue, Inc.",000-144-976-00003,"SM Megamall Bldg B, J.Vargas St. Wack Wack Greenhills City of Mandaluyong Second District 1550",,Various Consumable Goods (1x ₱1502.5),General,1502.5,,1,160.98,Yes,Podium,Cash,,Imported from accounting CSV,2025-06-27T04:56:56.443Z,
2025-03-15,Ivoryway Company Inc.,Ivoryway Company Inc.,203-802-940-00000,"42 Sct Bayoran South Triangle 1103 Quezon City NCR, Second District Philippines",,TUBE ICE (1x ₱202.5),General,202.5,,180.8,21.7,Yes,Podium,Cash,,Imported from accounting CSV,2025-06-27T04:56:56.443Z,
2025-03-17,Ivoryway Company Inc.,Ivoryway Company Inc.,203-802-940-00000,"42 Sct Bayoran South Triangle 1103 Quezon City NCR, Second District Philippines",,TUBE ICE (1x ₱90),General,90,,80.36,9.64,Yes,Podium,Cash,,Imported from accounting CSV,2025-06-27T04:56:56.443Z,
2025-03-15,Phil. Jacobe Ventures Inc.,Phil. Jacobe Ventures Inc.,276-946-023-00004,"Mitsukoshi 8th Ave. Cor 36th St., Grand Central Park, Fort Bonifacio, North BGC, Taguig City NCR, 4th District Philippines",,Meals (1x ₱2844),General,2844,,2,304.71,Yes,Podium,Cash,,Imported from accounting CSV,2025-06-27T04:56:56.443Z,
2025-03-12,For the Love of Food Inc.,For the Love of Food Inc.,600-238-381-000,"The Daily Cut, Ortigas Center Mandaluyong City NCR 1550",,Golden Ticket 1kg (1x ₱1750),General,1750,,1,187.5,Yes,Podium,Cash,,Imported from accounting CSV,2025-06-27T04:56:56.443Z,
2025-03-16,"Supervalue, Inc.","Supervalue, Inc.",000-144-976-00057,"SM Megamall Bldg. A,Edsa Wack Wack Greenhills 1555 City of Mandaluyong Second District Philippines",,Various Consumable Goods (1x ₱1312.5),General,1312.5,,1,140.63,Yes,Podium,Cash,,Imported from accounting CSV,2025-06-27T04:56:56.443Z,
2025-03-16,Ivoryway Company Inc.,Ivoryway Company Inc.,203-802-940-00000,"42 Sct Bayoran South Triangle 1103 Quezon City NCR, Second District Philippines",,TUBE ICE (1x ₱180),General,180,,160.71,19.29,Yes,Podium,Cash,,Imported from accounting CSV,2025-06-27T04:56:56.443Z,
2025-03-18,Ivoryway Company Inc.,Ivoryway Company Inc.,203-802-940-00000,"42 Sct Bayoran South Triangle 1103 Quezon City NCR, Second District Philippines",,TUBE ICE (1x ₱180),General,180,,160.71,19.29,Yes,Podium,Cash,,Imported from accounting CSV,2025-06-27T04:56:56.444Z,
2025-03-18,"Supervalue, Inc.","Supervalue, Inc.",000-144-976-00057,"SM Megamall Bldg. A,Edsa Wack Wack Greenhills 1555 City of Mandaluyong Second District Philippines",,Insect Killer (1x ₱378.5),General,378.5,,337.95,40.55,Yes,Podium,Cash,,Imported from accounting CSV,2025-06-27T04:56:56.444Z,
2025-03-19,ABACUS BOOK AND CARD CORP.,ABACUS BOOK AND CARD CORP.,000-299-299-00273,The Podium Mall Wack-wack Greenhills East Ortigas Canter City of Mandaluyong NCR,,Office Supplies (1x ₱184.75),General,184.75,,164.96,19.79,Yes,Podium,Cash,,Imported from accounting CSV,2025-06-27T04:56:56.444Z,
2025-03-19,"Supervalue, Inc.","Supervalue, Inc.",000-144-976-00003,"SM Megamall Bldg B, J.Vargas St. Wack Wack Greenhills City of Mandaluyong Second District 1550",,Various Consumable Goods (1x ₱1509),General,1509,,1,161.68,Yes,Podium,Cash,,Imported from accounting CSV,2025-06-27T04:56:56.445Z,
2025-03-21,Ivoryway Company Inc.,Ivoryway Company Inc.,203-802-940-00000,"42 Sct Bayoran South Triangle 1103 Quezon City NCR, Second District Philippines",,TUBE ICE (1x ₱247.5),General,247.5,,220.98,26.52,Yes,Podium,Cash,,Imported from accounting CSV,2025-06-27T04:56:56.445Z,
2025-03-19,"Supervalue, Inc.","Supervalue, Inc.",000-144-976-00057,"SM Megamall Bldg. A,Edsa Wack Wack Greenhills 1555 City of Mandaluyong Second District Philippines",,Premium Eggs (1x ₱132),General,132,,117.86,14.14,Yes,Podium,Cash,,Imported from accounting CSV,2025-06-27T04:56:56.445Z,
2025-03-21,Allegro Beverage Corporation,Allegro Beverage Corporation,203-457-225-00003,"Jang Bldg., Gov. M. Cuenco Ave,. Banilad, 6000 Cebu City",,Various Consumable Goods (1x ₱5454),General,5454,,4,584.36,Yes,Podium,Cash,,Imported from accounting CSV,2025-06-27T04:56:56.446Z,
2025-03-21,M.D.R Consumer Goods Trading,M.D.R. Consumer Goods Trading,420-986-840-00000,"178 Bicoleyte St. Manggahan Commonwealth 1121 Quezon City NCR, Second District Philippines",,Laciate Full Cream Milk (1x ₱2700),General,2700,,2,289.29,Yes,Podium,Cash,,Imported from accounting CSV,2025-06-27T04:56:56.446Z,
2025-03-21,M.D.R Consumer Goods Trading,M.D.R. Consumer Goods Trading,420-986-840-00000,"178 Bicoleyte St. Manggahan Commonwealth 1121 Quezon City NCR, Second District Philippines",,Laciate Full Cream Milk (1x ₱1800),General,1800,,1,192.86,Yes,Podium,Cash,,Imported from accounting CSV,2025-06-27T04:56:56.446Z,
2025-03-23,"Supervalue, Inc.","Supervalue, Inc.",000-144-976-00057,"SM Megamall Bldg. A,Edsa Wack Wack Greenhills 1555 City of Mandaluyong Second District Philippines",,Australias Own Full Cream (1x ₱547.5),General,547.5,,488.84,58.66,Yes,Podium,Cash,,Imported from accounting CSV,2025-06-27T04:56:56.447Z,
2025-03-23,Ivoryway Company Inc.,Ivoryway Company Inc.,203-802-940-00000,"42 Sct Bayoran South Triangle 1103 Quezon City NCR, Second District Philippines",,TUBE ICE (1x ₱112.5),General,112.5,,100.45,12.05,Yes,Podium,Cash,,Imported from accounting CSV,2025-06-27T04:56:56.447Z,
2025-03-22,"Supervalue, Inc.","Supervalue, Inc.",000-144-976-00057,"SM Megamall Bldg. A,Edsa Wack Wack Greenhills 1555 City of Mandaluyong Second District Philippines",,Various Consumable Goods (1x ₱1805.06),General,1805.06,,1,176.01,Yes,Podium,Cash,,Imported from accounting CSV,2025-06-27T04:56:56.447Z,
2025-03-23,Phil. Jacobe Ventures Inc.,Phil. Jacobe Ventures Inc.,276-946-023-00003,"Mitsukoshi 8th Ave. Cor 36th St., Grand Central Park, Fort Bonifacio, North BGC, Taguig City NCR, 4th District Philippines",,Banana Pudding (1x ₱790),General,790,,705.36,84.64,Yes,Podium,Cash,,Imported from accounting CSV,2025-06-27T04:56:56.447Z,
2025-03-25,"Supervalue, Inc.","Supervalue, Inc.",000-144-976-00057,"SM Megamall Bldg. A,Edsa Wack Wack Greenhills 1555 City of Mandaluyong Second District Philippines",,Various Consumable Goods (1x ₱783),General,783,,699.11,83.89,Yes,Podium,Cash,,Imported from accounting CSV,2025-06-27T04:56:56.448Z,
2025-03-24,Padova Fine Food Technologies Inc.,Padova Fine Food Technologies Inc.,007-823-540-00002,"Unit 101 G/F Intrawest St., Bldg, Annapolis St., Greenhills 1503, City of San Juan NCR, Second District, Philippines",,Various Consumable Goods (1x ₱421),General,421,,375.89,45.11,Yes,Podium,Cash,,Imported from accounting CSV,2025-06-27T04:56:56.448Z,
2025-03-23,Phil. Jacobe Ventures Inc.,Phil. Jacobe Ventures Inc.,276-946-023-00003,"Mitsukoshi 8th Ave. Cor 36th St., Grand Central Park, Fort Bonifacio, North BGC, Taguig City NCR, 4th District Philippines",,Banana Pudding (1x ₱790),General,790,,705.36,84.64,Yes,Podium,Cash,,Imported from accounting CSV,2025-06-27T04:56:56.448Z,
2025-03-24,Ivoryway Company Inc.,Ivoryway Company Inc.,203-802-940-00000,"42 Sct Bayoran South Triangle 1103 Quezon City NCR, Second District Philippines",,TUBE ICE (1x ₱112.5),General,112.5,,100.45,12.05,Yes,Podium,Cash,,Imported from accounting CSV,2025-06-27T04:56:56.448Z,
2025-03-25,For the Love of Food Inc.,For the Love of Food Inc.,600-238-381-000,Ortigas Center Mandaluyong 1550,,Golden Ticket (1x ₱1750),General,1750,,1,187.5,Yes,Podium,Cash,,Imported from accounting CSV,2025-06-27T04:56:56.449Z,
2025-03-25,Kareila Mngt. Corp,Kareila Mngt. Corp,246-969-491-009,514 Shaw Boulevard Corner Laurel St. Mandaluyong City,,Various Goods (1x ₱2315),General,2315,,2,248.04,Yes,Podium,Cash,,Imported from accounting CSV,2025-06-27T04:56:56.449Z,
2025-03-26,Ivoryway Company Inc.,Ivoryway Company Inc.,203-802-940-00000,"42 Sct Bayoran South Triangle 1103 Quezon City NCR, Second District Philippines",,TUBE ICE (1x ₱180),General,180,,160.71,19.29,Yes,Podium,Cash,,Imported from accounting CSV,2025-06-27T04:56:56.449Z,
2025-03-26,"Supervalue, Inc.","Supervalue, Inc.",000-144-976-00003,"SM Megamall Bldg B, J.Vargas St. Wack Wack Greenhills City of Mandaluyong Second District 1550",,Various Consumable Goods (1x ₱1078.75),General,1078.75,,963.17,115.58,Yes,Podium,Cash,,Imported from accounting CSV,2025-06-27T04:56:56.449Z,
2025-03-21,Phil. Jacobe Ventures Inc.,Phil. Jacobe Ventures Inc.,276-946-023-00004,"Mitsukoshi 8th Ave. Cor 36th St., Grand Central Park, Fort Bonifacio, North BGC, Taguig City NCR, 4th District Philippines",,Meals (1x ₱3160),General,3160,,2,293.23,Yes,Podium,Cash,,Imported from accounting CSV,2025-06-27T04:56:56.450Z,
2025-03-27,Allegro Beverage Corporation,Allegro Beverage Corporation,203-457-225-00003,"Jang Bldg., Gov. M. Cuenco Ave,. Banilad, 6000 Cebu City",,OATSIDE PLAIN OAT MILK BARISTA EDITION (1x ₱3810),General,3810,,3,408.21,Yes,Podium,Cash,,Imported from accounting CSV,2025-06-27T04:56:56.450Z,
2025-03-28,"Supervalue, Inc.","Supervalue, Inc.",000-144-976-00057,"SM Megamall Bldg. A,Edsa Wack Wack Greenhills 1555 City of Mandaluyong Second District Philippines",,Various Consumable Goods (1x ₱2459.5),General,2459.5,,2,263.52,Yes,Podium,Cash,,Imported from accounting CSV,2025-06-27T04:56:56.450Z,
2025-03-26,Alyssa Ann Kamille A. Co-Prop,Alyssa Ann Kamille A. Co-Prop,427-330-896-00000,"170B Wilson St., Brgy. Maytunas, 1500 San Juan City NCR, 2nd District, Philippines",,Bagasse Straw (1x ₱570),General,570,,508.93,61.07,Yes,Podium,Cash,,Imported from accounting CSV,2025-06-27T04:56:56.450Z,
2025-03-27,"Supervalue, Inc.","Supervalue, Inc.",000-144-976-00057,"SM Megamall Bldg. A,Edsa Wack Wack Greenhills 1555 City of Mandaluyong Second District Philippines",,Australias Own Full Cream (1x ₱1020),General,1020,,910.71,109.29,Yes,Podium,Cash,,Imported from accounting CSV,2025-06-27T04:56:56.450Z,
2025-03-29,"Supervalue, Inc.","Supervalue, Inc.",000-144-976-00057,"SM Megamall Bldg. A,Edsa Wack Wack Greenhills 1555 City of Mandaluyong Second District Philippines",,Arla Whipping 1L (1x ₱982),General,982,,876.79,105.21,Yes,Podium,Cash,,Imported from accounting CSV,2025-06-27T04:56:56.451Z,
2025-03-29,Ivoryway Company Inc.,Ivoryway Company Inc.,203-802-940-00000,"42 Sct Bayoran South Triangle 1103 Quezon City NCR, Second District Philippines",,TUBE ICE (1x ₱180),General,180,,160.71,19.29,Yes,Podium,Cash,,Imported from accounting CSV,2025-06-27T04:56:56.451Z,
2025-03-28,Ivoryway Company Inc.,Ivoryway Company Inc.,203-802-940-00000,"42 Sct Bayoran South Triangle 1103 Quezon City NCR, Second District Philippines",,TUBE ICE (1x ₱157.5),General,157.5,,140.63,16.88,Yes,Podium,Cash,,Imported from accounting CSV,2025-06-27T04:56:56.451Z,
2025-03-28,M.D.R Consumer Goods Trading,M.D.R. Consumer Goods Trading,420-986-840-00000,"178 Bicoleyte St. Manggahan Commonwealth 1121 Quezon City NCR, Second District Philippines",,Various Consumable Goods (1x ₱2695),General,2695,,2,288.75,Yes,Podium,Cash,,Imported from accounting CSV,2025-06-27T04:56:56.451Z,
2025-03-30,AAB Baking Goods and Supplies Inc.,AAB Baking Goods and Supplies Inc.,008-196-741-00003,"41-C Congressional Avenue Project 8 Bahay toro 1106 Quezon City 00002 NCR, Second District Philippines",,Various Consumable Goods (1x ₱531),General,531,,474.11,56.89,Yes,Podium,Cash,,Imported from accounting CSV,2025-06-27T04:56:56.452Z,
2025-03-30,Kareila Mngt. Corp,Kareila Mngt. Corp,246-969-491-009,514 Shaw Boulevard Corner Laurel St. Mandaluyong City,,Various Goods (1x ₱595),General,595,,531.25,63.75,Yes,Podium,Cash,,Imported from accounting CSV,2025-06-27T04:56:56.452Z,
2025-03-30,ABACUS BOOK AND CARD CORP.,ABACUS BOOK AND CARD CORP.,000-299-299-00273,"The Podium Mall ADB Ave, Wack-wack Greenhills East Ortigas Center City of Mandaluyong NCR",,Various Supplies (1x ₱116),General,116,,103.57,12.43,Yes,Podium,Cash,,Imported from accounting CSV,2025-06-27T04:56:56.452Z,
2025-03-30,"Supervalue, Inc.","Supervalue, Inc.",000-144-976-00057,"SM Megamall Bldg. A,Edsa Wack Wack Greenhills 1555 City of Mandaluyong Second District Philippines",,Various Consumable Goods (1x ₱1252),General,1252,,1,134.14,Yes,Podium,Cash,,Imported from accounting CSV,2025-06-27T04:56:56.452Z,
2025-03-31,Ivoryway Company Inc.,Ivoryway Company Inc.,203-802-940-00000,"42 Sct Bayoran South Triangle 1103 Quezon City NCR, Second District Philippines",,TUBE ICE (1x ₱135),General,135,,120.54,14.46,Yes,Podium,Cash,,Imported from accounting CSV,2025-06-27T04:56:56.454Z,
2025-03-29,Ivoryway Company Inc.,Ivoryway Company Inc.,203-802-940-00000,"42 Sct Bayoran South Triangle 1103 Quezon City NCR, Second District Philippines",,TUBE ICE (1x ₱90),General,90,,80.36,9.64,Yes,Podium,Cash,,Imported from accounting CSV,2025-06-27T04:56:56.454Z,
2025-03-29,Alyssa Ann Kamille A. Co-Prop,Alyssa Ann Kamille A. Co-Prop,427-330-896-00000,"170B Wilson St., Brgy. Maytunas, 1500 San Juan City NCR, 2nd District, Philippines",,Various Consumable Goods (1x ₱515),General,515,,459.82,55.18,Yes,Podium,Cash,,Imported from accounting CSV,2025-06-27T04:56:56.454Z,
2025-03-31,Phil. Jacobe Ventures Inc.,Phil. Jacobe Ventures Inc.,276-946-023-00003,"Mitsukoshi 8th Ave. Cor 36th St., Grand Central Park, Fort Bonifacio, North BGC, Taguig City NCR, 4th District Philippines",93737,Banana Pudding (1x ₱790),General,790,,705.36,84.64,Yes,Podium,Cash,Store,Imported from accounting CSV | Merged with additional CSV data,2025-06-27T04:56:56.454Z,2025-06-27T16:51:25.458Z
2025-03-31,"Supervalue, Inc.","Supervalue, Inc.",000-144-976-00057,"SM Megamall Bldg. A,Edsa Wack Wack Greenhills 1555 City of Mandaluyong Second District Philippines",,Australias Own Full Cream (1x ₱1020),General,1020,,910.71,109.29,Yes,Podium,Cash,,Imported from accounting CSV,2025-06-27T04:56:56.454Z,
2025-03-30,Kareila Mngt. Corp,Kareila Mngt. Corp,246-969-491-009,514 Shaw Boulevard Corner Laurel St. Mandaluyong City,,Various Goods (1x ₱1484.18),General,1484.18,,1,159.02,Yes,Podium,Cash,,Imported from accounting CSV,2025-06-27T04:56:56.454Z,
2025-03-05,M.D.R Consumer Goods Trading,M.D.R. Consumer Goods Trading,420-986-840-00000,"178 Bicoleyte St. Manggahan Commonwealth 1121 Quezon City NCR, Second District Philippines",,Various Consumable Goods (1x ₱1800),General,1800,,1,192.86,Yes,SMNE,Cash,,Imported from accounting CSV,2025-06-27T04:56:56.455Z,
2025-03-14,Ester Prime Corporation,Ester Prime Corporation,010-773-612-00001,"G/F Adobe Building, Parqal, Aseana City, Diosdado Macapagal Blvd., Tambo Parañaque City 1701",,Various Consumable Goods (1x ₱857.5),General,857.5,,765.63,91.88,Yes,Imported,Cash,,Imported from accounting CSV,2025-06-27T04:56:56.456Z,
2025-03-11,M.D.R Consumer Goods Trading,M.D.R. Consumer Goods Trading,420-986-840-00000,"178 Bicoleyte St. Manggahan Commonwealth 1121 Quezon City NCR, Second District Philippines",,Various Consumable Goods (1x ₱2070),General,2070,,1,221.79,Yes,SMNE,Cash,,Imported from accounting CSV,2025-06-27T04:56:56.456Z,
2025-03-13,The Manna Cuisine Corporation,The Manna Cuisine Corporation,008-249-547-002,G/F Amorsolo Tower Rockwell Center Brgy Poblacion Makati City,,Meals (1x ₱3425),General,3425,,3,366.96,Yes,Imported,Cash,,Imported from accounting CSV,2025-06-27T04:56:56.456Z,
2025-03-12,CTT.Synergy Corporation,CTT.Synergy Corporation,009-408-143-00000,"Unit 112 B - 115 B, Fame Residences, EDSA, Mayflower St. Highway Hills, Mandaluyong",,Various Consumable Goods (1x ₱778),General,778,,694.64,83.36,Yes,Imported,Cash,,Imported from accounting CSV,2025-06-27T04:56:56.456Z,
2025-03-17,SM Prime Holdings Inc.,SM Prime Holdings Inc.,003-058-789-00007,SM City North Edsa Pag-asa Quezon City 1105,,Rent Util. (1x ₱32779.235); Other Charge (1x ₱32779.235),General,65558.47,,55,6,Yes,SMNE,Cash,,Imported from accounting CSV,2025-06-27T04:56:56.457Z,
2025-03-14,M.D.R Consumer Goods Trading,M.D.R. Consumer Goods Trading,420-986-840-00000,"178 Bicoleyte St. Manggahan Commonwealth 1121 Quezon City NCR, Second District Philippines",,Various Consumable Goods (1x ₱5010),General,5010,,4,536.79,Yes,SMNE,Cash,,Imported from accounting CSV,2025-06-27T04:56:56.457Z,
2025-03-13,Tiger Resort Leisure and Entertainment Inc.,Tiger Resort Leisure and Entertainment Inc.,007-054-856-00000,"Okada Manila, New Seaside Drive, Entertainment City, Tambo, Paranaque",,Meals (1x ₱3744.99),General,3744.99,,3,401.25,Yes,Imported,Cash,,Imported from accounting CSV,2025-06-27T04:56:56.457Z,
2025-03-24,RPJ Development Inc.,RPJ Development Inc.,200-359-628-00000,"Unit A4, Upper Ground Floor Uptown Mall, 89th Avenue cor 36th Street, Uptown Bonifacio, Fort Bonifacio, BGC, Taguig",,Accommodation Expenses (1x ₱1000),General,1000,,892.86,107.14,Yes,Imported,Cash,,Imported from accounting CSV,2025-06-27T04:56:56.458Z,
2025-03-17,Phil. Jacobe Ventures Inc.,Phil. Jacobe Ventures Inc.,276-946-023-00004,"Mitsukoshi 8th Ave. Cor 36th St., Grand Central Park, Fort Bonifacio, North BGC, Taguig City NCR, 4th District Philippines",,Various Consumable Goods (1x ₱2844),General,2844,,2,304.71,Yes,Imported,Cash,,Imported from accounting CSV,2025-06-27T04:56:56.458Z,
2025-03-18,"Tabletop Partners, Inc.","Tabletop Partners, Inc.",010-245-372-00003,"Okada Manila, New Seaside Drive, Entertainment City, Tambo, Paranaque",,Meals (1x ₱1760.22),General,1760.22,,1,188.6,Yes,Imported,Cash,,Imported from accounting CSV,2025-06-27T04:56:56.458Z,
2025-03-24,RPJ Development Inc.,RPJ Development Inc.,200-359-628-00000,"North Bridgeway, Filinvest City, Alabang Muntinlupa City",,Accommodation Expenses (1x ₱10800),General,10800,,9,1,Yes,Imported,Cash,,Imported from accounting CSV,2025-06-27T04:56:56.459Z,
2025-03-25,The Corner Market,"Common Ground Food Specialists, Inc.",009-481-918-00000,2486 Taft Avenue Barangay 93 Pasay City,,Rental (1x ₱62832),Leasing,62832,,,,No,Podium,Cash,,Imported from accounting CSV,2025-06-27T04:56:56.459Z,2025-10-17T17:44:48.039Z
2025-03-27,1919 Grand Restaurant Corp.,1919 Grand Restaurant Corp.,612-389-115-00000,"Ground Floor, The Century Place 117 Juan Luna Street, Barangay 297 Zone 027 1006 Binondo NCR, City of Manila, First District Philippines",,Meals (1x ₱3284.84),General,3284.84,,2,351.95,Yes,Imported,Cash,,Imported from accounting CSV,2025-06-27T04:56:56.460Z,
2025-03-25,The Corner Market,"Common Ground Food Specialists, Inc.",009-481-918-00000,2486 Taft Avenue Barangay 93 Pasay City,,CUSA (1x ₱6454.26); Electricity (1x ₱6454.26); Water (1x ₱6454.26); Pest Control (1x ₱6454.26),General,25817.04,,23,2,Yes,Imported,Cash,,Imported from accounting CSV,2025-06-27T04:56:56.460Z,
2025-03-26,UTAKPOS INC.,UTAKPOS INC.,010-055-088-00000,"Launch Garage Level 2 Industria Mall Circulo Verde Calle Industria Bagumbayan 1110 Quezon City NCR, Second District Philippines",,POS License Renewal (1x ₱5040),General,5040,,4,540,Yes,Imported,Cash,,Imported from accounting CSV,2025-06-27T04:56:56.460Z,
2025-03-27,Global Food Group Innovations Inc.,Global Food Group Innovations Inc.,009-457-216-00006,2F The Podium Expansion ADB Cor Ortigas Wack Wack Mandaluyong City,,Meals (1x ₱1666.6),General,1666.6,,1,163.93,Yes,Imported,Cash,,Imported from accounting CSV,2025-06-27T04:56:56.461Z,
2025-03-28,Rosemarie G. Concepcion - Prop.,Rosemarie G. Concepcion - Prop.,276-703-100-00000,"1052-B Solis Street, Barangay 215, Zone 20, 1013 Tondo I/II NCR, City of Manila, First District Philippines",,Paper Stocks (1x ₱898),General,898,,801.79,96.21,Yes,Imported,Cash,,Imported from accounting CSV,2025-06-27T04:56:56.461Z,
2025-03-28,Phil. Jacobe Ventures Inc.,Phil. Jacobe Ventures Inc.,276-946-023-00004,"Unit 0026 Basement 1 Mitsukoshi 8th Ave. cor. 36th St. Grand Central Park, Fort Bonifacio, North BGC, 1634 Taguig City NCR, Fourth District Philippines",,Banana Pudding (1x ₱3009),General,3009,,2,322.39,Yes,Imported,Cash,,Imported from accounting CSV,2025-06-27T04:56:56.461Z,
2025-03-30,Communal Artisanry Group Inc.,Communal Artisanry Group Inc.,820-655-116-00000,"4-6 G/F Milestone aat Fifth Avenue, 5th Ave., Fort Bonifacio Taguig",,Venue Rental (1x ₱20000),General,20000,,17,2,Yes,Imported,Cash,,Imported from accounting CSV,2025-06-27T04:56:56.462Z,
2025-04-01,"Super Shopping Market, Inc.","Super Shopping Market, Inc.",209-609-185-00008,"SM City North Edsa Cor North Ave, Quezon City",,Various Consumable Goods (1x ₱1841),General,1841,,1,197.25,Yes,SMNE,Cash,,Imported from accounting CSV,2025-06-27T04:56:56.462Z,
2025-03-30,AAB Baking Goods and Supplies Inc.,AAB Baking Goods and Supplies Inc.,008-196-741-00003,"Unit B107 A&B UpTown Mall, 9th Avenue Fort Bonifacio, Taguig City",,Various Consumable Goods (1x ₱531),General,531,,474.11,56.89,Yes,Imported,Cash,,Imported from accounting CSV,2025-06-27T04:56:56.462Z,
2025-03-30,Communal Artisanry Group Inc.,Communal Artisanry Group Inc.,820-655-116-00000,"4-6 G/F Milestone aat Fifth Avenue, 5th Ave., Fort Bonifacio Taguig",,Meals (1x ₱1970),General,1970,,1,211.07,Yes,Imported,Cash,,Imported from accounting CSV,2025-06-27T04:56:56.462Z,
2025-04-01,"Super Shopping Market, Inc.","Super Shopping Market, Inc.",209-609-185-00008,"SM City North Edsa Cor North Ave, Quezon City",,Strawberry (1x ₱156.33333333333334); Seasalt (1x ₱156.33333333333334); Sugar (1x ₱156.33333333333334),General,460.5,,411.16,49.34,Yes,SMNE,Cash,Store,Imported from accounting CSV | Merged with additional CSV data,2025-06-27T04:56:56.462Z,2025-06-27T16:51:25.459Z
2025-04-01,Ivoryway Company Inc.,Ivoryway Company Inc.,203-802-940-00000,"42 Sct Bayoran South Triangle 1103 Quezon City NCR, Second District Philippines",,TUBE ICE (1x ₱157.5),General,157.5,,140.63,16.88,Yes,SMNE,Cash,,Imported from accounting CSV,2025-06-27T04:56:56.463Z,
2025-04-02,"Super Shopping Market, Inc.","Super Shopping Market, Inc.",209-609-185-00008,"SM City North Edsa Cor North Ave, Quezon City",,Hermano Sugar (1x ₱171),General,171,,152.68,18.32,Yes,SMNE,Cash,,Imported from accounting CSV,2025-06-27T04:56:56.464Z,
2025-04-03,"Super Shopping Market, Inc.","Super Shopping Market, Inc.",209-609-185-00008,"SM City North Edsa Cor North Ave, Quezon City",,Various Consumable Goods (1x ₱797.5),General,797.5,,712.05,85.45,Yes,SMNE,Cash,,Imported from accounting CSV,2025-06-27T04:56:56.464Z,
2025-04-02,Ivoryway Company Inc.,Ivoryway Company Inc.,203-802-940-00000,"42 Sct Bayoran South Triangle 1103 Quezon City NCR, Second District Philippines",,TUBE ICE (1x ₱135),General,135,,120.54,14.46,Yes,SMNE,Cash,,Imported from accounting CSV,2025-06-27T04:56:56.464Z,
2025-04-03,Ivoryway Company Inc.,Ivoryway Company Inc.,203-802-940-00000,"42 Sct Bayoran South Triangle 1103 Quezon City NCR, Second District Philippines",,TUBE ICE (1x ₱135),General,135,,120.54,14.46,Yes,SMNE,Cash,,Imported from accounting CSV,2025-06-27T04:56:56.465Z,
2025-04-04,M.D.R Consumer Goods Trading,M.D.R. Consumer Goods Trading,420-986-840-00000,"178 Bicoleyte St. Manggahan Commonwealth 1121 Quezon City NCR, Second District Philippines",,Laciate (1x ₱2700),General,2700,,2,289.29,Yes,SMNE,Cash,,Imported from accounting CSV,2025-06-27T04:56:56.465Z,
2025-04-04,"Super Shopping Market, Inc.","Super Shopping Market, Inc.",209-609-185-00008,"SM City North Edsa Cor North Ave, Quezon City",,Australias Own Full Cream (1x ₱612),General,612,,546.43,65.57,Yes,SMNE,Cash,,Imported from accounting CSV,2025-06-27T04:56:56.465Z,
2025-04-04,Ivoryway Company Inc.,Ivoryway Company Inc.,203-802-940-00000,"42 Sct Bayoran South Triangle 1103 Quezon City NCR, Second District Philippines",,TUBE ICE (1x ₱157.5),General,157.5,,140.63,16.88,Yes,SMNE,Cash,Store,Imported from accounting CSV | Merged with additional CSV data,2025-06-27T04:56:56.465Z,2025-06-27T16:51:25.459Z
2025-04-05,Frances May Pauline S. Tutor - Prop. - FMPT PACKAGING SUPPLIES TRADING,Frances May Pauline S. Tutor - Prop. - FMPT PACKAGING SUPPLIES TRADING,711-904-153-00000,"B6 L42 Palmera Homes Nova East Brgy. 177 Camarin 14000 Caloocan City NCR, 3rd District Philippines",,Various Consumable Goods (1x ₱1705.95),General,1705.95,,1,182.78,Yes,SMNE,Cash,,Imported from accounting CSV,2025-06-27T04:56:56.466Z,
2025-04-05,"Super Shopping Market, Inc.","Super Shopping Market, Inc.",209-609-185-00008,"SM City North Edsa Cor North Ave, Quezon City",,Emborg Whipping Cream (1x ₱406),General,406,,362.5,43.5,Yes,SMNE,Cash,,Imported from accounting CSV,2025-06-27T04:56:56.466Z,
2025-04-05,Ivoryway Company Inc.,Ivoryway Company Inc.,203-802-940-00000,"42 Sct Bayoran South Triangle 1103 Quezon City NCR, Second District Philippines",,TUBE ICE (1x ₱202.5),General,202.5,,180.8,21.7,Yes,SMNE,Cash,,Imported from accounting CSV,2025-06-27T04:56:56.466Z,
2025-04-05,Frances May Pauline S. Tutor - Prop. - FMPT PACKAGING SUPPLIES TRADING,Frances May Pauline S. Tutor - Prop. - FMPT PACKAGING SUPPLIES TRADING,711-904-153-00000,"B6 L42 Palmera Homes Nova East Brgy. 177 Camarin 14000 Caloocan City NCR, 3rd District Philippines",,Various Consumable Goods (1x ₱1705.95),General,1705.95,,1,182.78,Yes,SMNE,Cash,,Imported from accounting CSV,2025-06-27T04:56:56.466Z,
2025-04-05,"Super Shopping Market, Inc.","Super Shopping Market, Inc.",209-609-185-00008,"SM City North Edsa Cor North Ave, Quezon City",,Emborg Whipping Cream (1x ₱812),General,812,,725,87,Yes,SMNE,Cash,,Imported from accounting CSV,2025-06-27T04:56:56.466Z,
2024-04-06,AAB Baking Goods and Supplies Inc.,AAB Baking Goods and Supplies Inc.,008-196-741-00003,"Unit B107 A&B UpTown Mall, 9th Avenue Fort Bonifacio, Taguig City",,M. PET Cup (1x ₱442),General,442,,394.64,47.36,Yes,SMNE,Cash,,Imported from accounting CSV,2025-06-27T04:56:56.467Z,
2025-04-05,"Super Shopping Market, Inc.","Super Shopping Market, Inc.",209-609-185-00008,"SM City North Edsa Cor North Ave, Quezon City",,Emborg Whipping Cream (1x ₱406),General,406,,362.5,43.5,Yes,SMNE,Cash,,Imported from accounting CSV,2025-06-27T04:56:56.467Z,
2025-04-06,Ivoryway Company Inc.,Ivoryway Company Inc.,203-802-940-00000,"42 Sct Bayoran South Triangle 1103 Quezon City NCR, Second District Philippines",,TUBE ICE (1x ₱225),General,225,,200.89,24.11,Yes,SMNE,Cash,,Imported from accounting CSV,2025-06-27T04:56:56.467Z,
2025-04-07,"Super Shopping Market, Inc.","Super Shopping Market, Inc.",209-609-185-00008,"SM City North Edsa Cor North Ave, Quezon City",,Various Consumable Goods (1x ₱1674),General,1674,,1,179.36,Yes,SMNE,Cash,,Imported from accounting CSV,2025-06-27T04:56:56.468Z,
2025-04-08,The Whole One Yard Inc.,The Whole One Yard Inc.,008-564-133-00005,"Unit 207, 2nd Floor, Cityland Condominioum III, 105 V.A. Rufino St., Legaspi Village, San Lorenzo 1229 City of Makita NCR, Fourth District Philippines",,Golden Ticket 1kg (1x ₱1650),General,1650,,1,176.79,Yes,SMNE,Cash,,Imported from accounting CSV,2025-06-27T04:56:56.468Z,
2025-04-07,Ivoryway Company Inc.,Ivoryway Company Inc.,203-802-940-00000,"42 Sct Bayoran South Triangle 1103 Quezon City NCR, Second District Philippines",,TUBE ICE (1x ₱135),General,135,,120.54,14.46,Yes,SMNE,Cash,,Imported from accounting CSV,2025-06-27T04:56:56.468Z,
2025-04-06,"Super Shopping Market, Inc.","Super Shopping Market, Inc.",209-609-185-00008,"SM City North Edsa Cor North Ave, Quezon City",,Various Consumable Goods (1x ₱1509),General,1509,,1,161.68,Yes,SMNE,Cash,,Imported from accounting CSV,2025-06-27T04:56:56.468Z,
2025-04-06,"Super Shopping Market, Inc.","Super Shopping Market, Inc.",209-609-185-00008,"SM City North Edsa Cor North Ave, Quezon City",,Various Consumable Goods (1x ₱849),General,849,,758.04,90.96,Yes,SMNE,Cash,,Imported from accounting CSV,2025-06-27T04:56:56.469Z,
2025-04-09,Ivoryway Company Inc.,Ivoryway Company Inc.,203-802-940-00000,"42 Sct Bayoran South Triangle 1103 Quezon City NCR, Second District Philippines",,TUBE ICE (1x ₱157.5),General,157.5,,140.63,16.88,Yes,SMNE,Cash,,Imported from accounting CSV,2025-06-27T04:56:56.469Z,
2025-04-08,Ivoryway Company Inc.,Ivoryway Company Inc.,203-802-940-00000,"42 Sct Bayoran South Triangle 1103 Quezon City NCR, Second District Philippines",,TUBE ICE (1x ₱135),General,135,,120.54,14.46,Yes,SMNE,Cash,,Imported from accounting CSV,2025-06-27T04:56:56.469Z,
2024-04-09,Gavinos Group Inc.,Gavinos Group Inc.,010-607-022-00000,"1772 Gen E. Evangelista St., Bangkal 1233 Makati City NCR, Fourth District Phlippines",,Happy Barr Full Cream Milk (1x ₱2700),General,2700,,2,289.29,Yes,SMNE,Cash,,Imported from accounting CSV,2025-06-27T04:56:56.469Z,
2024-04-09,AAB Baking Goods and Supplies Inc.,AAB Baking Goods and Supplies Inc.,008-196-741-00003,"Unit B107 A&B UpTown Mall, 9th Avenue Fort Bonifacio, Taguig City",,M. PET Cup (1x ₱214),General,214,,191.07,22.93,Yes,SMNE,Cash,,Imported from accounting CSV,2025-06-27T04:56:56.469Z,
2025-04-09,"Super Shopping Market, Inc.","Super Shopping Market, Inc.",209-609-185-00008,"SM City North Edsa Cor North Ave, Quezon City",,Various Consumable Goods (1x ₱844),General,844,,753.57,90.43,Yes,SMNE,Cash,,Imported from accounting CSV,2025-06-27T04:56:56.470Z,
2025-04-10,Ivoryway Company Inc.,Ivoryway Company Inc.,203-802-940-00000,"42 Sct Bayoran South Triangle 1103 Quezon City NCR, Second District Philippines",,TUBE ICE (1x ₱225),General,225,,200.89,24.11,Yes,SMNE,Cash,Store,Imported from accounting CSV | Merged with additional CSV data,2025-06-27T04:56:56.470Z,2025-06-27T16:51:25.460Z
2024-04-10,AAB Baking Goods and Supplies Inc.,AAB Baking Goods and Supplies Inc.,008-196-741-00003,"Unit B107 A&B UpTown Mall, 9th Avenue Fort Bonifacio, Taguig City",,M. PET Cup (1x ₱107),General,107,,95.54,11.46,Yes,SMNE,Cash,,Imported from accounting CSV,2025-06-27T04:56:56.470Z,
2025-04-11,"Super Shopping Market, Inc.","Super Shopping Market, Inc.",209-609-185-00008,"SM City North Edsa Cor North Ave, Quezon City",,Arla Whipping (1x ₱491),General,491,,438.39,52.61,Yes,SMNE,Cash,,Imported from accounting CSV,2025-06-27T04:56:56.471Z,
2025-04-11,Ivoryway Company Inc.,Ivoryway Company Inc.,203-802-940-00000,"42 Sct Bayoran South Triangle 1103 Quezon City NCR, Second District Philippines",,TUBE ICE (1x ₱157.5),General,157.5,,140.63,16.88,Yes,SMNE,Cash,,Imported from accounting CSV,2025-06-27T04:56:56.471Z,
2025-04-11,"Super Shopping Market, Inc.","Super Shopping Market, Inc.",209-609-185-00008,"SM City North Edsa Cor North Ave, Quezon City",,Various Consumable Goods (1x ₱652),General,652,,582.14,69.86,Yes,SMNE,Cash,,Imported from accounting CSV,2025-06-27T04:56:56.471Z,
2025-04-12,Ivoryway Company Inc.,Ivoryway Company Inc.,203-802-940-00000,"42 Sct Bayoran South Triangle 1103 Quezon City NCR, Second District Philippines",,TUBE ICE (1x ₱247.5),General,247.5,,220.98,26.52,Yes,SMNE,Cash,,Imported from accounting CSV,2025-06-27T04:56:56.471Z,
2025-04-10,"Super Shopping Market, Inc.","Super Shopping Market, Inc.",209-609-185-00008,"SM City North Edsa Cor North Ave, Quezon City",,Various Consumable Goods (1x ₱491.5),General,491.5,,438.84,52.66,Yes,SMNE,Cash,,Imported from accounting CSV,2025-06-27T04:56:56.471Z,
2025-04-12,"Super Shopping Market, Inc.","Super Shopping Market, Inc.",209-609-185-00008,"SM City North Edsa Cor North Ave, Quezon City",,Various Consumable Goods (1x ₱1167.75),General,1167.75,,1,125.12,Yes,SMNE,Cash,,Imported from accounting CSV,2025-06-27T04:56:56.472Z,
2025-04-13,"Super Shopping Market, Inc.","Super Shopping Market, Inc.",209-609-185-00008,"SM City North Edsa Cor North Ave, Quezon City",,Various Consumable Goods (1x ₱1332.25),General,1332.25,,1,142.74,Yes,SMNE,Cash,,Imported from accounting CSV,2025-06-27T04:56:56.472Z,
2025-04-13,Ivoryway Company Inc.,Ivoryway Company Inc.,203-802-940-00000,"42 Sct Bayoran South Triangle 1103 Quezon City NCR, Second District Philippines",,TUBE ICE (1x ₱225),General,225,,200.89,24.11,Yes,SMNE,Cash,,Imported from accounting CSV,2025-06-27T04:56:56.472Z,
2025-04-13,"Super Shopping Market, Inc.","Super Shopping Market, Inc.",209-609-185-00008,"SM City North Edsa Cor North Ave, Quezon City",,Various Consumable Goods (1x ₱1580.25),General,1580.25,,1,169.31,Yes,SMNE,Cash,,Imported from accounting CSV,2025-06-27T04:56:56.472Z,
2025-04-14,AAB Baking Goods and Supplies Inc.,AAB Baking Goods and Supplies Inc.,008-196-741-00003,"Unit B107 A&B UpTown Mall, 9th Avenue Fort Bonifacio, Taguig City",,JLB 3oz Squar (1x ₱205),General,205,,183.04,21.96,Yes,SMNE,Cash,,Imported from accounting CSV,2025-06-27T04:56:56.473Z,
2025-04-14,M.D.R Consumer Goods Trading,M.D.R. Consumer Goods Trading,420-986-840-00000,"178 Bicoleyte St. Manggahan Commonwealth 1121 Quezon City NCR, Second District Philippines",,Various Consumable Goods (1x ₱3655),General,3655,,3,391.61,Yes,SMNE,Cash,,Imported from accounting CSV,2025-06-27T04:56:56.473Z,
2025-04-14,Ivoryway Company Inc.,Ivoryway Company Inc.,203-802-940-00000,"42 Sct Bayoran South Triangle 1103 Quezon City NCR, Second District Philippines",,TUBE ICE (1x ₱180),General,180,,160.71,19.29,Yes,SMNE,Cash,,Imported from accounting CSV,2025-06-27T04:56:56.473Z,
2025-04-15,Ivoryway Company Inc.,Ivoryway Company Inc.,203-802-940-00000,"42 Sct Bayoran South Triangle 1103 Quezon City NCR, Second District Philippines",,TUBE ICE (1x ₱157.5),General,157.5,,140.63,16.88,Yes,SMNE,Cash,,Imported from accounting CSV,2025-06-27T04:56:56.474Z,
2025-04-14,"Super Shopping Market, Inc.","Super Shopping Market, Inc.",209-609-185-00008,"SM City North Edsa Cor North Ave, Quezon City",,Various Consumable Goods (1x ₱1601.75),General,1601.75,,1,171.62,Yes,SMNE,Cash,,Imported from accounting CSV,2025-06-27T04:56:56.474Z,
2024-04-15,AAB Baking Goods and Supplies Inc.,AAB Baking Goods and Supplies Inc.,008-196-741-00003,"Unit B107 A&B UpTown Mall, 9th Avenue Fort Bonifacio, Taguig City",,M. PET Cup (1x ₱214),General,214,,191.07,22.93,Yes,SMNE,Cash,,Imported from accounting CSV,2025-06-27T04:56:56.474Z,
2025-04-15,MP Pasquil trading corp.,MP Pasquil trading corp.,606-392-510-00000,30 Serrano Laktaw Dona Aurora 1113 Quezon City,,Various Consumable Goods (1x ₱918.4),General,918.4,,820,98.4,Yes,SMNE,Cash,,Imported from accounting CSV,2025-06-27T04:56:56.474Z,
2025-04-16,Ivoryway Company Inc.,Ivoryway Company Inc.,203-802-940-00000,"42 Sct Bayoran South Triangle 1103 Quezon City NCR, Second District Philippines",,TUBE ICE (1x ₱135),General,135,,120.54,14.46,Yes,SMNE,Cash,,Imported from accounting CSV,2025-06-27T04:56:56.475Z,
2025-04-19,"Super Shopping Market, Inc.","Super Shopping Market, Inc.",209-609-185-00008,"SM City North Edsa Cor North Ave, Quezon City",,Various Consumable Goods (1x ₱1442.5),General,1442.5,,1,154.55,Yes,SMNE,Cash,,Imported from accounting CSV,2025-06-27T04:56:56.475Z,
2025-04-16,"Super Shopping Market, Inc.","Super Shopping Market, Inc.",209-609-185-00008,"SM City North Edsa Cor North Ave, Quezon City",,Vita Coconut 330 (1x ₱232.5),General,232.5,,207.59,24.91,Yes,SMNE,Cash,,Imported from accounting CSV,2025-06-27T04:56:56.475Z,
2025-04-14,Allegro Beverage Corporation,Allegro Beverage Corporation,203-457-225-00003,"Jang Bldg., Gov. M. Cuenco Ave,. Banilad, 6000 Cebu City",,OATSIDE PLAIN OAT MILK BARISTA EDITION (1x ₱3810),General,3810,,3,408.21,Yes,SMNE,Cash,,Imported from accounting CSV,2025-06-27T04:56:56.475Z,
2025-04-19,Ivoryway Company Inc.,Ivoryway Company Inc.,203-802-940-00000,"42 Sct Bayoran South Triangle 1103 Quezon City NCR, Second District Philippines",,TUBE ICE (1x ₱225),General,225,,200.89,24.11,Yes,SMNE,Cash,Store,Imported from accounting CSV | Merged with additional CSV data,2025-06-27T04:56:56.476Z,2025-06-27T16:51:25.461Z
2025-04-20,"Super Shopping Market, Inc.","Super Shopping Market, Inc.",209-609-185-00008,"SM City North Edsa Cor North Ave, Quezon City",,Various Consumable Goods (1x ₱1076),General,1076,,960.71,115.29,Yes,SMNE,Cash,,Imported from accounting CSV,2025-06-27T04:56:56.476Z,
2025-04-20,Frances May Pauline S. Tutor - Prop. - FMPT PACKAGING SUPPLIES TRADING,Frances May Pauline S. Tutor - Prop. - FMPT PACKAGING SUPPLIES TRADING,711-904-153-00000,"B6 L42 Palmera Homes Nova East Brgy. 177 Camarin 14000 Caloocan City NCR, 3rd District Philippines",,Various Consumable Goods (1x ₱1728),General,1728,,1,185.14,Yes,SMNE,Cash,,Imported from accounting CSV,2025-06-27T04:56:56.476Z,
2025-04-20,Ivoryway Company Inc.,Ivoryway Company Inc.,203-802-940-00000,"42 Sct Bayoran South Triangle 1103 Quezon City NCR, Second District Philippines",,TUBE ICE (1x ₱180),General,180,,160.71,19.29,Yes,SMNE,Cash,,Imported from accounting CSV,2025-06-27T04:56:56.477Z,
2025-04-21,"Super Shopping Market, Inc.","Super Shopping Market, Inc.",209-609-185-00008,"SM City North Edsa Cor North Ave, Quezon City",,Various Consumable Goods (1x ₱638.5),General,638.5,,570.09,68.41,Yes,SMNE,Cash,,Imported from accounting CSV,2025-06-27T04:56:56.477Z,
2025-04-21,Ivoryway Company Inc.,Ivoryway Company Inc.,203-802-940-00000,"42 Sct Bayoran South Triangle 1103 Quezon City NCR, Second District Philippines",,TUBE ICE (1x ₱157.5),General,157.5,,140.63,16.88,Yes,SMNE,Cash,,Imported from accounting CSV,2025-06-27T04:56:56.477Z,
2025-04-20,MP Pasquil trading corp.,MP Pasquil trading corp.,606-392-510-00000,30 Serrano Laktaw Dona Aurora 1113 Quezon City,,Various Consumable Goods (1x ₱1303),General,1303,,1,139.61,Yes,SMNE,Cash,,Imported from accounting CSV,2025-06-27T04:56:56.477Z,
2025-04-23,"Super Shopping Market, Inc.","Super Shopping Market, Inc.",209-609-185-00008,"SM City North Edsa Cor North Ave, Quezon City",,Various Consumable Goods (1x ₱577),General,577,,515.18,61.82,Yes,SMNE,Cash,,Imported from accounting CSV,2025-06-27T04:56:56.478Z,
2025-04-22,"Super Shopping Market, Inc.","Super Shopping Market, Inc.",209-609-185-00008,"SM City North Edsa Cor North Ave, Quezon City",,Various Consumable Goods (1x ₱604),General,604,,539.29,64.71,Yes,SMNE,Cash,,Imported from accounting CSV,2025-06-27T04:56:56.478Z,
2025-04-22,Ivoryway Company Inc.,Ivoryway Company Inc.,203-802-940-00000,"42 Sct Bayoran South Triangle 1103 Quezon City NCR, Second District Philippines",,TUBE ICE (1x ₱135),General,135,,120.54,14.46,Yes,SMNE,Cash,,Imported from accounting CSV,2025-06-27T04:56:56.478Z,
2025-04-24,M.D.R Consumer Goods Trading,M.D.R Consumer Goods Trading,420-986-840-00000,"Manggahan Commonwealth 1121 Quezon City NCR, 2nd District",,Laciate Full Cream Milk (1x ₱3600),General,3600,,3,385.71,Yes,SMNE,Cash,,Imported from accounting CSV,2025-06-27T04:56:56.479Z,
2025-04-25,Ivoryway Company Inc.,Ivoryway Company Inc.,203-802-940-00000,"42 Sct Bayoran South Triangle 1103 Quezon City NCR, Second District Philippines",,TUBE ICE (1x ₱157.5),General,157.5,,140.63,16.88,Yes,SMNE,Cash,Store,Imported from accounting CSV | Merged with additional CSV data,2025-06-27T04:56:56.479Z,2025-06-27T16:51:25.461Z
2025-04-22,Alyssa Ann Kamille A. Co-Prop,Alyssa Ann Kamille A. Co-Prop,427-330-896-00000,"170B Wilson St., Brgy. Maytunas, 1500 San Juan City NCR, 2nd District, Philippines",,Various Consumable Goods (1x ₱1375),General,1375,,1,147.32,Yes,SMNE,Cash,,Imported from accounting CSV,2025-06-27T04:56:56.479Z,
2025-04-26,Ivoryway Company Inc.,Ivoryway Company Inc.,203-802-940-00000,"42 Sct Bayoran South Triangle 1103 Quezon City NCR, Second District Philippines",,TUBE ICE (1x ₱157.5),General,157.5,,140.63,16.88,Yes,SMNE,Cash,,Imported from accounting CSV,2025-06-27T04:56:56.479Z,
2025-04-26,"Super Shopping Market, Inc.","Super Shopping Market, Inc.",209-609-185-00008,"SM City North Edsa Cor North Ave, Quezon City",,Various Consumable Goods (1x ₱595),General,595,,531.25,63.75,Yes,SMNE,Cash,,Imported from accounting CSV,2025-06-27T04:56:56.480Z,
2025-04-26,Ivoryway Company Inc.,Ivoryway Company Inc.,203-802-940-00000,"42 Sct Bayoran South Triangle 1103 Quezon City NCR, Second District Philippines",,TUBE ICE (1x ₱202.5),General,202.5,,180.8,21.7,Yes,SMNE,Cash,,Imported from accounting CSV,2025-06-27T04:56:56.480Z,
2025-04-27,"Super Shopping Market, Inc.","Super Shopping Market, Inc.",209-609-185-00008,"SM City North Edsa Cor North Ave, Quezon City",,Australias Own Full Cream (1x ₱1020),General,1020,,910.71,109.29,Yes,SMNE,Cash,,Imported from accounting CSV,2025-06-27T04:56:56.480Z,
2025-04-25,Ivoryway Company Inc.,Ivoryway Company Inc.,203-802-940-00000,"42 Sct Bayoran South Triangle 1103 Quezon City NCR, Second District Philippines",,TUBE ICE (1x ₱157.5),General,157.5,,140.63,16.88,Yes,SMNE,Cash,,Imported from accounting CSV,2025-06-27T04:56:56.480Z,
2025-04-28,"Super Shopping Market, Inc.","Super Shopping Market, Inc.",209-609-185-00008,"SM City North Edsa Cor North Ave, Quezon City",,Various Consumable Goods (1x ₱1434),General,1434,,1,153.64,Yes,SMNE,Cash,,Imported from accounting CSV,2025-06-27T04:56:56.481Z,
2025-04-27,"Super Shopping Market, Inc.","Super Shopping Market, Inc.",209-609-185-00008,"SM City North Edsa Cor North Ave, Quezon City",,Various Consumable Goods (1x ₱2109),General,2109,,1,225.96,Yes,SMNE,Cash,,Imported from accounting CSV,2025-06-27T04:56:56.481Z,
2025-04-26,TX Concept Group Inc.,TX Concept Group Inc.,643-328-828-00000,"No. 13 Unit Trinidad Street Canumay East 1447 City of Valenzuela NCR, 3rd District Philippines",,Various Consumable Goods (1x ₱1391),General,1391,,1,149.04,Yes,SMNE,Cash,,Imported from accounting CSV,2025-06-27T04:56:56.481Z,
2025-04-27,Ivoryway Company Inc.,Ivoryway Company Inc.,203-802-940-00000,"42 Sct Bayoran South Triangle 1103 Quezon City NCR, Second District Philippines",,TUBE ICE (1x ₱225),General,225,,200.89,24.11,Yes,SMNE,Cash,,Imported from accounting CSV,2025-06-27T04:56:56.481Z,
2025-04-29,"Super Shopping Market, Inc.","Super Shopping Market, Inc.",209-609-185-00008,"SM City North Edsa Cor North Ave, Quezon City",,Emborg Whipping Cream (1x ₱812),General,812,,725,87,Yes,SMNE,Cash,,Imported from accounting CSV,2025-06-27T04:56:56.482Z,
2025-04-28,Ivoryway Company Inc.,Ivoryway Company Inc.,203-802-940-00000,"42 Sct Bayoran South Triangle 1103 Quezon City NCR, Second District Philippines",,TUBE ICE (1x ₱180),General,180,,160.71,19.29,Yes,SMNE,Cash,,Imported from accounting CSV,2025-06-27T04:56:56.482Z,
2025-04-29,M.D.R Consumer Goods Trading,M.D.R Consumer Goods Trading,420-986-840-00000,"Manggahan Commonwealth 1121 Quezon City NCR, 2nd District",,DLA Mango 4 Cans (1x ₱1783.165); DLA Strawberry 12 Cans (1x ₱1783.165),General,3670,,3,393.21,Yes,SMNE,Credit Card,Store,Imported from accounting CSV | Merged with additional CSV data,2025-06-27T04:56:56.482Z,2025-06-27T16:51:25.462Z
2025-04-29,Ivoryway Company Inc.,Ivoryway Company Inc.,203-802-940-00000,"42 Sct Bayoran South Triangle 1103 Quezon City NCR, Second District Philippines",,TUBE ICE (1x ₱135),General,135,,120.54,14.46,Yes,SMNE,Cash,Store,Imported from accounting CSV | Merged with additional CSV data,2025-06-27T04:56:56.482Z,2025-06-27T16:51:25.462Z
2025-04-30,Ivoryway Company Inc.,Ivoryway Company Inc.,203-802-940-00000,"42 Sct Bayoran South Triangle 1103 Quezon City NCR, Second District Philippines",,TUBE ICE (1x ₱180),General,180,,160.71,19.29,Yes,SMNE,Cash,,Imported from accounting CSV,2025-06-27T04:56:56.483Z,
2025-01-28,Alyssa Ann Kamille A. Co-Prop,Alyssa Ann Kamille A. Co-Prop,427-330-896-00000,"170B Wilson St., Brgy. Maytunas, 1500 San Juan City NCR, 2nd District, Philippines",,Kraft Paper Bag w/ Handle (1x ₱950),General,950,,848.21,101.79,Yes,SMNE,Cash,,Imported from accounting CSV,2025-06-27T04:56:56.483Z,
2024-04-29,Allegro Beverage Corporation,Allegro Beverage Corporation,203-457-225-00003,"Jang Bldg., Gov. M. Cuenco Ave,. Banilad, 6000 Cebu City",,Various Consumable Goods (1x ₱5454),General,5454,,4,584.36,Yes,SMNE,Cash,,Imported from accounting CSV,2025-06-27T04:56:56.483Z,
2025-04-01,ABACUS BOOK AND CARD CORP.,ABACUS BOOK AND CARD CORP.,000-299-299-00273,"The Podium Mall ADB Ave, Wack-wack Greenhills East Ortigas Center City of Mandaluyong NCR",,Various Supplies (1x ₱213),General,213,,190.18,22.82,Yes,Podium,Cash,,Imported from accounting CSV,2025-06-27T04:56:56.483Z,
2025-04-01,Ivoryway Company Inc.,Ivoryway Company Inc.,203-802-940-00000,"42 Sct Bayoran South Triangle 1103 Quezon City NCR, Second District Philippines",,TUBE ICE (1x ₱112.5),General,112.5,,100.45,12.05,Yes,Podium,Cash,,Imported from accounting CSV,2025-06-27T04:56:56.484Z,
2025-04-02,Ivoryway Company Inc.,Ivoryway Company Inc.,203-802-940-00000,"42 Sct Bayoran South Triangle 1103 Quezon City NCR, Second District Philippines",,TUBE ICE (1x ₱135),General,135,,120.54,14.46,Yes,Podium,Cash,,Imported from accounting CSV,2025-06-27T04:56:56.484Z,
2025-04-01,AAB Baking Goods and Supplies Inc.,AAB Baking Goods and Supplies Inc.,008-196-741-00003,"41-C Congressional Avenue Project 8 Bahay toro 1106 Quezon City 00002 NCR, Second District Philippines",,Lady Finger (1x ₱568),General,568,,507.14,60.86,Yes,Podium,Cash,,Imported from accounting CSV,2025-06-27T04:56:56.484Z,
2025-04-01,Phil. Jacobe Ventures Inc.,Phil. Jacobe Ventures Inc.,276-946-023-00003,"Mitsukoshi 8th Ave. Cor 36th St., Grand Central Park, Fort Bonifacio, North BGC, Taguig City NCR, 4th District Philippines",,Banana Pudding (1x ₱790),General,790,,705.36,84.64,Yes,Podium,Cash,,Imported from accounting CSV,2025-06-27T04:56:56.484Z,
2025-04-02,"Supervalue, Inc.","Supervalue, Inc.",000-144-976-00057,"SM Megamall Bldg. A,Edsa Wack Wack Greenhills 1555 City of Mandaluyong Second District Philippines",,Arla (1x ₱550.75); Vita Coco (1x ₱550.75),General,1101.5,,983.48,118.02,Yes,Podium,Cash,Store,Imported from accounting CSV | Merged with additional CSV data,2025-06-27T04:56:56.485Z,2025-06-27T16:51:25.459Z
2025-04-02,"Supervalue, Inc.","Supervalue, Inc.",000-144-976-00003,"SM Megamall Bldg B, J.Vargas St. Wack Wack Greenhills City of Mandaluyong Second District 1550",,Various Consumable Goods (1x ₱469),General,469,,418.75,50.25,Yes,Podium,Cash,,Imported from accounting CSV,2025-06-27T04:56:56.485Z,
2025-04-04,M.D.R Consumer Goods Trading,M.D.R. Consumer Goods Trading,420-986-840-00000,"178 Bicoleyte St. Manggahan Commonwealth 1121 Quezon City NCR, Second District Philippines",,Laciate (1x ₱1800),General,1800,,1,192.86,Yes,Podium,Cash,,Imported from accounting CSV,2025-06-27T04:56:56.486Z,
2025-04-03,Philippine Seven Corporation,Philippine Seven Corporation,000-390-189-1116,"St. Francis Square Mall along Julia Vargas Ortigas Center, Wacl Waclk Golf, Mandaluyong, Philippines",,TUBE ICE (1x ₱300),General,300,,267.86,32.14,Yes,Podium,Cash,,Imported from accounting CSV,2025-06-27T04:56:56.486Z,
2025-04-04,Ivoryway Company Inc.,Ivoryway Company Inc.,203-802-940-00000,"42 Sct Bayoran South Triangle 1103 Quezon City NCR, Second District Philippines",,TUBE ICE (1x ₱180),General,180,,160.71,19.29,Yes,Podium,Cash,,Imported from accounting CSV,2025-06-27T04:56:56.487Z,
2025-04-02,Allegro Beverage Corporation,Allegro Beverage Corporation,203-457-225-00000,"0007 Sheridan St. Corner Pines St., Buayang Bato, Mandaluyong City 1550",,OATSIDE PLAIN OAT MILK BARISTA EDITION (1x ₱3810),General,3810,,3,408.21,Yes,Podium,Cash,,Imported from accounting CSV,2025-06-27T04:56:56.487Z,
2025-04-04,For the Love of Food Inc.,For the Love of Food Inc.,600-238-381-000,Ortigas Center Mandaluyong 1550,,Golden Ticket (1x ₱1750),General,1750,,1,187.5,Yes,Podium,Cash,,Imported from accounting CSV,2025-06-27T04:56:56.487Z,
2025-04-05,Kareila Mngt. Corp,Kareila Mngt. Corp,246-969-491-009,514 Shaw Boulevard Corner Laurel St. Mandaluyong City,,Emborg Mascrpone (1x ₱595),General,595,,531.25,63.75,Yes,Podium,Cash,,Imported from accounting CSV,2025-06-27T04:56:56.487Z,
2025-04-05,"Supervalue, Inc.","Supervalue, Inc.",000-144-976-00057,"SM Megamall Bldg. A,Edsa Wack Wack Greenhills 1555 City of Mandaluyong Second District Philippines",,Various Consumable Goods (1x ₱678),General,678,,487.5,58.5,Yes,Podium,Cash,,Imported from accounting CSV,2025-06-27T04:56:56.488Z,
2025-04-05,Ivoryway Company Inc.,Ivoryway Company Inc.,203-802-940-00000,"42 Sct Bayoran South Triangle 1103 Quezon City NCR, Second District Philippines",,TUBE ICE (1x ₱225),General,225,,200.89,24.11,Yes,Podium,Cash,,Imported from accounting CSV,2025-06-27T04:56:56.488Z,
2025-04-06,Ivoryway Company Inc.,Ivoryway Company Inc.,203-802-940-00000,"42 Sct Bayoran South Triangle 1103 Quezon City NCR, Second District Philippines",,TUBE ICE (1x ₱112.5),General,112.5,,100.45,12.05,Yes,Podium,Cash,,Imported from accounting CSV,2025-06-27T04:56:56.488Z,
2025-04-05,Kareila Mngt. Corp,Kareila Mngt. Corp,246-969-491-009,514 Shaw Boulevard Corner Laurel St. Mandaluyong City,,Whipping Cream 1LT (1x ₱1317),General,1317,,1,141.11,Yes,Podium,Cash,,Imported from accounting CSV,2025-06-27T04:56:56.488Z,
2025-04-07,Ivoryway Company Inc.,Ivoryway Company Inc.,203-802-940-00000,"42 Sct Bayoran South Triangle 1103 Quezon City NCR, Second District Philippines",,TUBE ICE (1x ₱90),General,90,,80.36,9.64,Yes,Podium,Cash,,Imported from accounting CSV,2025-06-27T04:56:56.489Z,
2025-04-07,"Supervalue, Inc.","Supervalue, Inc.",000-144-976-00003,"SM Megamall Bldg B, J.Vargas St. Wack Wack Greenhills City of Mandaluyong Second District 1550",,Arla Whipping 1L (1x ₱982),General,982,,876.79,105.21,Yes,Podium,Cash,,Imported from accounting CSV,2025-06-27T04:56:56.489Z,
2025-04-07,"Fax 'n Parcel, Inc.","Fax 'n Parcel, Inc.",000-663-739-00000,"Unit 33 LGF SM Megamall Building A Julia Vargas St., Wack wack, Mandaluyong City 1550",,Printing (1x ₱89.29),General,89.29,,79.72,9.57,Yes,Podium,Cash,Store,Imported from accounting CSV | Merged with additional CSV data,2025-06-27T04:56:56.489Z,2025-06-27T16:51:25.459Z
2025-04-08,Ivoryway Company Inc.,Ivoryway Company Inc.,203-802-940-00000,"42 Sct Bayoran South Triangle 1103 Quezon City NCR, Second District Philippines",,TUBE ICE (1x ₱90),General,90,,80.36,9.64,Yes,Podium,Cash,,Imported from accounting CSV,2025-06-27T04:56:56.489Z,
2025-04-08,Kareila Mngt. Corp,Kareila Mngt. Corp,246-969-491-009,514 Shaw Boulevard Corner Laurel St. Mandaluyong City,,Various Consumable Goods (1x ₱2752.05),General,2752.05,,2,294.86,Yes,Podium,Cash,,Imported from accounting CSV,2025-06-27T04:56:56.490Z,
2025-04-08,Allegro Beverage Corporation,Allegro Beverage Corporation,203-457-225-00000,"0007 Sheridan St. Corner Pines St., Buayang Bato, Mandaluyong City 1550",,Various Consumable Goods (1x ₱4692),General,4692,,4,502.71,Yes,Podium,Cash,,Imported from accounting CSV,2025-06-27T04:56:56.490Z,
2025-04-09,Ivoryway Company Inc.,Ivoryway Company Inc.,203-802-940-00000,"42 Sct Bayoran South Triangle 1103 Quezon City NCR, Second District Philippines",,TUBE ICE (1x ₱180),General,180,,160.71,19.29,Yes,Podium,Cash,,Imported from accounting CSV,2025-06-27T04:56:56.490Z,
2025-04-09,"Supervalue, Inc.","Supervalue, Inc.",000-144-976-00057,SM Megamall Bldg. A Edsa Wack-Wack Greenhills City of Mandaluyong Second District 1555,,Various Consumable Goods (1x ₱1062),General,1062,,948.21,113.79,Yes,Podium,Cash,,Imported from accounting CSV,2025-06-27T04:56:56.491Z,
2025-04-09,"Fax 'n Parcel, Inc.","Fax 'n Parcel, Inc.",000-663-739-00000,"Unit 33 LGF SM Megamall Building A Julia Vargas St., Wack wack, Mandaluyong City 1550",,Printing (1x ₱89.29),General,89.29,,79.72,9.57,Yes,Podium,Cash,,Imported from accounting CSV,2025-06-27T04:56:56.491Z,
2025-04-10,Alyssa Ann Kamille A. Co-Prop,Alyssa Ann Kamille A. Co-Prop,427-330-896-00000,"170B Wilson St., Brgy. Maytunas, 1500 San Juan City NCR, 2nd District, Philippines",,WBSQ (1x ₱1700),General,1700,,1,182.14,Yes,Podium,Cash,,Imported from accounting CSV,2025-06-27T04:56:56.491Z,
2025-04-12,Ivoryway Company Inc.,Ivoryway Company Inc.,203-802-940-00000,"42 Sct Bayoran South Triangle 1103 Quezon City NCR, Second District Philippines",,TUBE ICE (1x ₱270),General,270,,241.07,28.93,Yes,Podium,Cash,,Imported from accounting CSV,2025-06-27T04:56:56.492Z,
2025-04-11,Kareila Mngt. Corp,Kareila Mngt. Corp,246-969-491-009,514 Shaw Boulevard Corner Laurel St. Mandaluyong City,,Various Consumable Goods (1x ₱731),General,731,,531.25,63.75,Yes,Podium,Cash,,Imported from accounting CSV,2025-06-27T04:56:56.492Z,
2025-04-12,"Supervalue, Inc.","Supervalue, Inc.",000-144-976-00057,SM Megamall Bldg. A Edsa Wack-Wack Greenhills City of Mandaluyong Second District 1555,,1kg (1x ₱1750),General,1735.4,,1,185.94,Yes,Podium,Cash,Store,Imported from accounting CSV | Merged with additional CSV data,2025-06-27T04:56:56.492Z,2025-06-27T16:51:25.461Z
2025-04-10,Alyssa Ann Kamille A. Co-Prop,Alyssa Ann Kamille A. Co-Prop,427-330-896-00000,"170B Wilson St., Brgy. Maytunas, 1500 San Juan City NCR, 2nd District, Philippines",,Various Consumable Goods (1x ₱810),General,810,,723.21,86.79,Yes,Podium,Cash,,Imported from accounting CSV,2025-06-27T04:56:56.492Z,
2025-04-12,Phil. Jacobe Ventures Inc.,Phil. Jacobe Ventures Inc.,276-946-023-00003,"CT 116(B) Mega B Bldg Vargas Cor EDSA, Mandaluyong City Second District 1550",,Banana Pudding (1x ₱3555),General,3555,,3,380.89,Yes,Podium,Cash,,Imported from accounting CSV,2025-06-27T04:56:56.493Z,
2025-04-14,"Supervalue, Inc.","Supervalue, Inc.",000-144-976-00057,SM Megamall Bldg. A Edsa Wack-Wack Greenhills City of Mandaluyong Second District 1555,,AustrliasOwnFllCrm (1x ₱1020),General,1020,,910.71,109.29,Yes,Podium,Cash,,Imported from accounting CSV,2025-06-27T04:56:56.493Z,
2025-04-13,Kareila Mngt. Corp,Kareila Mngt. Corp,246-969-491-009,514 Shaw Boulevard Corner Laurel St. Mandaluyong City,,Various Consumable Goods (1x ₱1341.75),General,1341.75,,1,141.11,Yes,Podium,Cash,,Imported from accounting CSV,2025-06-27T04:56:56.493Z,
2025-04-13,For the Love of Food Inc.,For the Love of Food Inc.,600-238-381-000,"The Daily Cut, Ortigas Center Mandaluyong City NCR 1550",,Golden Ticket (1x ₱1750),General,1750,,1,187.5,Yes,Podium,Cash,,Imported from accounting CSV,2025-06-27T04:56:56.493Z,
2025-04-15,Kareila Mngt. Corp,Kareila Mngt. Corp,246-969-491-009,514 Shaw Boulevard Corner Laurel St. Mandaluyong City,,Various Consumable Goods (1x ₱3500.7),General,3500.7,,3,375.08,Yes,Podium,Cash,,Imported from accounting CSV,2025-06-27T04:56:56.494Z,
2025-04-14,Allegro Beverage Corporation,Allegro Beverage Corporation,203-457-225-00003,"Jang Bldg., Gov. M. Cuenco Ave., Banilad, 6000 Cebu City",,OATSIDE PLAIN OAT MILK BARISTA EDITION (1x ₱3810),General,3810,,3,408.21,Yes,Podium,Cash,,Imported from accounting CSV,2025-06-27T04:56:56.494Z,
2025-04-15,Ivoryway Company Inc.,Ivoryway Company Inc.,203-802-940-00000,"42 Sct Bayoran South Triangle 1103 Quezon City NCR, Second District Philippines",,TUBE ICE (1x ₱157.5),General,157.5,,140.63,16.88,Yes,Podium,Cash,,Imported from accounting CSV,2025-06-27T04:56:56.494Z,
2025-04-19,Ivoryway Company Inc.,Ivoryway Company Inc.,203-802-940-00000,"42 Sct Bayoran South Triangle 1103 Quezon City NCR, Second District Philippines",,TUBE ICE (1x ₱112.5),General,112.5,,100.45,12.05,Yes,Podium,Cash,,Imported from accounting CSV,2025-06-27T04:56:56.495Z,
2025-04-20,M.D.R Consumer Goods Trading,M.D.R Consumer Goods Trading,420-986-840-00000,"Manggahan Commonwealth 1121 Quezon City NCR, 2nd District",,Various Consumable Goods (1x ₱3730),General,3730,,3,399.64,Yes,Podium,Cash,,Imported from accounting CSV,2025-06-27T04:56:56.495Z,
2025-04-16,"Supervalue, Inc.","Supervalue, Inc.",000-144-976-00057,SM Megamall Bldg. A Edsa Wack-Wack Greenhills City of Mandaluyong Second District 1555,,Various Consumable Goods (1x ₱452.5),General,452.5,,404.02,48.48,Yes,Podium,Cash,,Imported from accounting CSV,2025-06-27T04:56:56.495Z,
2025-04-20,M.D.R Consumer Goods Trading,M.D.R Consumer Goods Trading,420-986-840-00000,"Manggahan Commonwealth 1121 Quezon City NCR, 2nd District",,Various Consumable Goods (1x ₱3730),General,3730,,3,399.64,Yes,Podium,Cash,,Imported from accounting CSV,2025-06-27T04:56:56.496Z,
2025-04-20,Frances May Pauline S. Tutor - Prop. - FMPT PACKAGING SUPPLIES TRADING,Frances May Pauline S. Tutor - Prop. - FMPT PACKAGING SUPPLIES TRADING,711-904-153-00000,"B6 L42 Palmera Homes Nova East Brgy. 177 Camarin 14000 Caloocan City NCR, 3rd District Philippines",,Sugarcane Straw (1x ₱1153),General,1153,,1,123.54,Yes,Podium,Cash,,Imported from accounting CSV,2025-06-27T04:56:56.496Z,
2025-04-20,AAB Baking Goods and Supplies Inc.,AAB Baking Goods and Supplies Inc.,008-196-741-00003,"Unit B107 A&B UpTown Mall, 9th Avenue Fort Bonifacio, Taguig City",,DLA La Fruta Str (1x ₱259),General,259,,231.25,27.75,Yes,Podium,Cash,,Imported from accounting CSV,2025-06-27T04:56:56.496Z,
2025-04-20,Frances May Pauline S. Tutor - Prop. - FMPT PACKAGING SUPPLIES TRADING,Frances May Pauline S. Tutor - Prop. - FMPT PACKAGING SUPPLIES TRADING,711-904-153-00000,"B6 L42 Palmera Homes Nova East Brgy. 177 Camarin 14000 Caloocan City NCR, 3rd District Philippines",,Various Consumable Goods (1x ₱1153),General,1153,,1,123.54,Yes,Podium,Cash,,Imported from accounting CSV,2025-06-27T04:56:56.496Z,
2025-04-20,Ivoryway Company Inc.,Ivoryway Company Inc.,203-802-940-00000,"42 Sct Bayoran South Triangle 1103 Quezon City NCR, Second District Philippines",,TUBE ICE (1x ₱225),General,225,,200.89,24.11,Yes,Podium,Cash,,Imported from accounting CSV,2025-06-27T04:56:56.496Z,
2025-04-21,"Supervalue, Inc.","Supervalue, Inc.",000-144-976-00057,SM Megamall Bldg. A Edsa Wack-Wack Greenhills City of Mandaluyong Second District 1555,,AustrliasOwnFllCrm (1x ₱659.5),General,659.5,,588.84,70.66,Yes,Podium,Cash,,Imported from accounting CSV,2025-06-27T04:56:56.497Z,
2025-04-21,Robinson's Supermarket Corporation,Robinson's Supermarket Corporation,000-405-340-416,Basement 1 Central Sqaure North Fort Santiago Taguig City,,Various Items (1x ₱491.5),General,491.5,,438.84,52.66,Yes,Podium,Cash,,Imported from accounting CSV,2025-06-27T04:56:56.497Z,
2025-04-22,Ivoryway Company Inc.,Ivoryway Company Inc.,203-802-940-00000,"42 Sct Bayoran South Triangle 1103 Quezon City NCR, Second District Philippines",,TUBE ICE (1x ₱67.5),General,67.5,,60.27,7.23,Yes,Podium,Cash,,Imported from accounting CSV,2025-06-27T04:56:56.497Z,
2025-04-23,Ivoryway Company Inc.,Ivoryway Company Inc.,203-802-940-00000,"42 Sct Bayoran South Triangle 1103 Quezon City NCR, Second District Philippines",,TUBE ICE (1x ₱112.5),General,112.5,,100.45,12.05,Yes,Podium,Cash,,Imported from accounting CSV,2025-06-27T04:56:56.498Z,
2025-04-23,"Supervalue, Inc.","Supervalue, Inc.",000-144-976-00057,SM Megamall Bldg. A Edsa Wack-Wack Greenhills City of Mandaluyong Second District 1555,,AustrliasOwnFllCrm (1x ₱816),General,816,,728.57,87.43,Yes,Podium,Cash,,Imported from accounting CSV,2025-06-27T04:56:56.498Z,
2025-04-22,Phil. Jacobe Ventures Inc.,Phil. Jacobe Ventures Inc.,276-946-023-00003,"CT 116(B) Mega B Bldg Vargas Cor EDSA, Mandaluyong City Second District 1550",,Banana Pudding (1x ₱3555),General,3555,,3,380.89,Yes,Podium,Cash,,Imported from accounting CSV,2025-06-27T04:56:56.498Z,
2025-04-24,M.D.R Consumer Goods Trading,M.D.R Consumer Goods Trading,420-986-840-00000,"Manggahan Commonwealth 1121 Quezon City NCR, 2nd District",,Various Consumable Goods (1x ₱3245),General,3245,,2,347.68,Yes,Podium,Cash,,Imported from accounting CSV,2025-06-27T04:56:56.498Z,
2025-04-25,Powerfoods Marketing Intenational Inc.,Powerfoods Marketing Intenational Inc.,007-494-702-00000,"G/F JAAA Building 69 Apo St. Barangka Ilaya 1550 City of Mandaluyong NCR, Second District",,Various Consumable Goods (1x ₱2700.01),General,2700.01,,2,289.29,Yes,Podium,Cash,,Imported from accounting CSV,2025-06-27T04:56:56.499Z,
2025-04-24,Ivoryway Company Inc.,Ivoryway Company Inc.,203-802-940-00000,"42 Sct Bayoran South Triangle 1103 Quezon City NCR, Second District Philippines",,TUBE ICE (1x ₱157.5),General,157.5,,140.63,16.88,Yes,Podium,Cash,,Imported from accounting CSV,2025-06-27T04:56:56.499Z,
2025-04-25,"Supervalue, Inc.","Supervalue, Inc.",000-144-976-00057,SM Megamall Bldg. A Edsa Wack-Wack Greenhills City of Mandaluyong Second District 1555,,Various Consumable Goods (1x ₱1531.5),General,1531.5,,1,164.09,Yes,Podium,Cash,,Imported from accounting CSV,2025-06-27T04:56:56.499Z,
2025-04-25,Ivoryway Company Inc.,Ivoryway Company Inc.,203-802-940-00000,"42 Sct Bayoran South Triangle 1103 Quezon City NCR, Second District Philippines",,TUBE ICE (1x ₱112.5),General,112.5,,100.45,12.05,Yes,Podium,Cash,,Imported from accounting CSV,2025-06-27T04:56:56.499Z,
2025-04-26,Ivoryway Company Inc.,Ivoryway Company Inc.,203-802-940-00000,"42 Sct Bayoran South Triangle 1103 Quezon City NCR, Second District Philippines",,TUBE ICE (1x ₱157.5),General,157.5,,140.63,16.88,Yes,Podium,Cash,,Imported from accounting CSV,2025-06-27T04:56:56.500Z,
2025-04-26,"Supervalue, Inc.","Supervalue, Inc.",000-144-976-00057,SM Megamall Bldg. A Edsa Wack-Wack Greenhills City of Mandaluyong Second District 1555,,Various Consumable Goods (1x ₱1058.75),General,1058.75,,945.31,113.44,Yes,Podium,Cash,,Imported from accounting CSV,2025-06-27T04:56:56.500Z,
2025-04-26,"Supervalue, Inc.","Supervalue, Inc.",000-144-976-00057,SM Megamall Bldg. A Edsa Wack-Wack Greenhills City of Mandaluyong Second District 1555,,TUBE ICE (1x ₱40),General,40,,35.71,4.29,Yes,Podium,Cash,,Imported from accounting CSV,2025-06-27T04:56:56.500Z,
2025-04-27,"Wonderbake, Inc.","Wonderbake, Inc.",008-689-179-009,018 A Lower G/F SM Megamall Bldg A J Vargas Ave Brgy Wack Wack Mandaluyong City,,Oatside (1x ₱630),General,630,,562.5,67.5,Yes,Podium,Cash,,Imported from accounting CSV,2025-06-27T04:56:56.501Z,
2025-04-27,Ivoryway Company Inc.,Ivoryway Company Inc.,203-802-940-00000,"42 Sct Bayoran South Triangle 1103 Quezon City NCR, Second District Philippines",,TUBE ICE (1x ₱225),General,225,,200.89,24.11,Yes,Podium,Cash,,Imported from accounting CSV,2025-06-27T04:56:56.501Z,
2025-04-27,Kareila Mngt. Corp,Kareila Mngt. Corp,246-969-491-009,514 Shaw Boulevard Corner Laurel St. Mandaluyong City,,Various Consumable Goods (1x ₱731),General,731,,531.25,63.75,Yes,Podium,Cash,,Imported from accounting CSV,2025-06-27T04:56:56.501Z,
2025-04-28,Ivoryway Company Inc.,Ivoryway Company Inc.,203-802-940-00000,"42 Sct Bayoran South Triangle 1103 Quezon City NCR, Second District Philippines",,TUBE ICE (1x ₱112.5),General,112.5,,100.45,12.05,Yes,Podium,Cash,Store,Imported from accounting CSV | Merged with additional CSV data,2025-06-27T04:56:56.502Z,2025-06-27T16:51:25.462Z
2025-04-29,Ivoryway Company Inc.,Ivoryway Company Inc.,203-802-940-00000,"42 Sct Bayoran South Triangle 1103 Quezon City NCR, Second District Philippines",,TUBE ICE (1x ₱112.5),General,112.5,,100.45,12.05,Yes,Podium,Cash,,Imported from accounting CSV,2025-06-27T04:56:56.502Z,
2025-04-27,"Supervalue, Inc.","Supervalue, Inc.",000-144-976-00057,SM Megamall Bldg. A Edsa Wack-Wack Greenhills City of Mandaluyong Second District 1555,,Various Consumable Goods (1x ₱282),General,282,,251.79,30.21,Yes,Podium,Cash,,Imported from accounting CSV,2025-06-27T04:56:56.502Z,
2025-04-29,"Supervalue, Inc.","Supervalue, Inc.",000-144-976-00057,SM Megamall Bldg. A Edsa Wack-Wack Greenhills City of Mandaluyong Second District 1555,,LaFrtaStrwbry (1x ₱231.5),General,231.5,,206.7,24.8,Yes,Podium,Cash,,Imported from accounting CSV,2025-06-27T04:56:56.502Z,
2025-04-29,Kareila Mngt. Corp,Kareila Mngt. Corp,246-969-491-009,514 Shaw Boulevard Corner Laurel St. Mandaluyong City,,Various Consumable Goods (1x ₱2946),General,2946,,2,315.64,Yes,Podium,Cash,,Imported from accounting CSV,2025-06-27T04:56:56.503Z,
2025-04-29,M.D.R Consumer Goods Trading,M.D.R Consumer Goods Trading,420-986-840-00000,"Manggahan Commonwealth 1121 Quezon City NCR, 2nd District",,Laciate (1x ₱2760),General,2760,,2,295.71,Yes,Podium,Cash,,Imported from accounting CSV,2025-06-27T04:56:56.503Z,
2025-04-30,Ivoryway Company Inc.,Ivoryway Company Inc.,203-802-940-00000,"42 Sct Bayoran South Triangle 1103 Quezon City NCR, Second District Philippines",,TUBE ICE (1x ₱157.5),General,157.5,,140.63,16.88,Yes,Podium,Cash,,Imported from accounting CSV,2025-06-27T04:56:56.503Z,
2025-04-01,M.D.R Consumer Goods Trading,M.D.R Consumer Goods Trading,420-986-840-00000,"Manggahan Commonwealth 1121 Quezon City NCR, 2nd District",,Various Consumable Goods (1x ₱3380),General,3380,,3,362.14,Yes,Podium,Cash,,Imported from accounting CSV,2025-06-27T04:56:56.504Z,
2025-04-29,Global Pacific Distribution Network Corporation,Global Pacific Distribution Network Corporation,266-496-775-00001,Unit 302 Millenium Place Meralco Ave. Ortigas Ctr. San Antonio 1605 City of Pasig  NCR Second District,,Various Consumable Goods (1x ₱3566.33),General,3566.33,,3,382.11,Yes,Podium,Cash,,Imported from accounting CSV,2025-06-27T04:56:56.504Z,
2025-04-02,Phil. Jacobe Ventures Inc.,Phil. Jacobe Ventures Inc.,276-946-023-00004,"Unit 0026 Basement 1 Mitsukoshi 8th Ave. cor. 36th St. Grand Central Park, Fort Bonifacio, North BGC, 1634 Taguig City NCR, Fourth District Philippines",,Banana Pudding (1x ₱3239.01),General,3239.01,,2,347.04,Yes,Podium,Cash,,Imported from accounting CSV,2025-06-27T04:56:56.504Z,
2025-04-30,"Supervalue, Inc.","Supervalue, Inc.",000-144-976-00057,SM Megamall Bldg. A Edsa Wack-Wack Greenhills City of Mandaluyong Second District 1555,,GladCngWrp (1x ₱131.75),General,131.75,,117.63,14.12,Yes,Podium,Cash,,Imported from accounting CSV,2025-06-27T04:56:56.504Z,
2025-04-05,Phil. Jacobe Ventures Inc.,Phil. Jacobe Ventures Inc.,276-946-023-00004,"Unit 0026 Basement 1 Mitsukoshi 8th Ave. cor. 36th St. Grand Central Park, Fort Bonifacio, North BGC, 1634 Taguig City NCR, Fourth District Philippines",,Banana Pudding (1x ₱2844),General,2844,,2,304.71,Yes,Podium,Cash,,Imported from accounting CSV,2025-06-27T04:56:56.505Z,
2025-04-05,AAB Baking Goods and Supplies Inc.,AAB Baking Goods and Supplies Inc.,008-196-741-00003,"Unit B107 A&B UpTown Mall, 9th Avenue Fort Bonifacio, Taguig City",,Various Consumable Goods (1x ₱1196),General,1196,,1,128.14,Yes,Imported,Cash,,Imported from accounting CSV,2025-06-27T04:56:56.505Z,
2025-04-08,M.D.R Consumer Goods Trading,M.D.R Consumer Goods Trading,420-986-840-00000,"Manggahan Commonwealth 1121 Quezon City NCR, 2nd District",,Various Consumable Goods (1x ₱2670),General,2670,,2,286.07,Yes,Podium,Cash,,Imported from accounting CSV,2025-06-27T04:56:56.505Z,
2025-04-08,Kush & Kush Corporation,Kush & Kush Corporation,650-749-622-000,Unit SS-104A Mandala Park Shaw Blvd. Mandaluyong,,Meals (1x ₱1234),General,1234,,1,132.21,Yes,Imported,Cash,,Imported from accounting CSV,2025-06-27T04:56:56.506Z,
2025-04-08,LA Food Corporation,LA Food Corporation,779-272-788-00003,431B-432 SM City Manila Natividad A. Lopez St. Manila,,Meals (1x ₱23613.67),General,23613.67,,21,2,Yes,Imported,Cash,,Imported from accounting CSV,2025-06-27T04:56:56.506Z,
2025-04-10,VFS Services Philippines Privatre Inc.,VFS Services Philippines Privatre Inc.,006-679-241-000,"6th F Circuit Corporate Center Tower 2, Makati City",,Travel Expenses (1x ₱6600),General,6600,,1,128.57,Yes,Imported,Cash,,Imported from accounting CSV,2025-06-27T04:56:56.524Z,
2025-04-11,Phil. Jacobe Ventures Inc.,Phil. Jacobe Ventures Inc.,276-946-023-00003,"CT 116(B) Mega B Bldg Vargas Cor EDSA, Mandaluyong City Second District 1550",,Banana Pudding (1x ₱1185),General,1185,,1,126.96,Yes,Podium,Cash,,Imported from accounting CSV,2025-06-27T04:56:56.526Z,
2025-04-11,"Japan Home, Inc.","Japan Home, Inc.",234-634-259-122,2/F Unit B30 Uptown Place Mall Uptown Fort Bonifacio TAGUIG,,Utensils (1x ₱1056),General,1056,,942.86,113.14,Yes,Imported,Cash,,Imported from accounting CSV,2025-06-27T04:56:56.526Z,
2025-04-19,AAB Baking Goods and Supplies Inc.,AAB Baking Goods and Supplies Inc.,008-196-741-00003,"Unit B107 A&B UpTown Mall, 9th Avenue Fort Bonifacio, Taguig City",,Various Consumable Goods (1x ₱1068),General,1068,,953.57,114.43,Yes,Podium,Cash,,Imported from accounting CSV,2025-06-27T04:56:56.526Z,
2025-04-11,For the Love of Food Inc.,For the Love of Food Inc.,600-238-381-000,"The Daily Cut, Ortigas Center Mandaluyong City NCR 1550",,Sugar4kg (1x ₱433.75); Dairy AO12L (1x ₱433.75); Evap2cans (1x ₱433.75); Paper Towel2packs (1x ₱433.75),General,1750,,1,187.5,Yes,Podium,Cash,Store,Imported from accounting CSV | Merged with additional CSV data,2025-06-27T04:56:56.526Z,2025-06-27T16:51:25.460Z
2025-04-11,The Landmark Manila Bay Corporation,The Landmark Manila Bay Corporation,733-284-869-000,Pres Diosdado Macapagal Cor Aseana Ave Aseana City Tambo Paranaque City 1700,,Various Consumable Goods (1x ₱2200.2),General,2200.2,,1,235.74,Yes,Imported,Cash,,Imported from accounting CSV,2025-06-27T04:56:56.526Z,
2025-04-19,Mary Grace Foods Inc.,Mary Grace Foods Inc.,216-682-854-012,"Unit A & E 231 2F SM City North Edsa, North Ave. Bagong Pag-asa Quezon City",,Employee Cake (1x ₱452),General,452,,403.57,48.43,Yes,SMNE,Cash,,Imported from accounting CSV,2025-06-27T04:56:56.526Z,
2025-04-20,DHL Express (Philippines) Corp.,DHL Express (Philippines) Corp.,212-186-731-000,"2306 Chino Roces Ave. Magallanes 1231, Makati",,Shipping (1x ₱2607.58); Logistics (1x ₱2607.58),General,5215.16,,643,77.16,Yes,Imported,Cash,,Imported from accounting CSV,2025-06-27T04:56:56.527Z,
2025-04-21,HCS Division 1 Inc.,HCS Division 1 Inc.,010-757-984-000,"Unit 202, Upper Ground C3, Bonifacio High Street, BGC, Taguig",,Meals (1x ₱1947),General,1947,,1,208.61,Yes,Imported,Cash,,Imported from accounting CSV,2025-06-27T04:56:56.527Z,
2025-04-23,SRJ Imperial OPC,SRJ Imperial OPC,637-966-493-00000,"189 Maginhawa St., Cor. Makadios St. Sikatuna Village 1101 Quezon City, NCR Second District Philippines",,Meals (1x ₱1797.83),General,1797.83,,1,192.62,Yes,Imported,Cash,,Imported from accounting CSV,2025-06-27T04:56:56.527Z,
2025-04-25,The Corner Market,,,,,Rental (1x ₱87678.09),General,87678.09,,,,No,Podium,Cash,,Imported from accounting CSV,2025-06-27T04:56:56.528Z,2025-10-18T07:51:55.057Z
2025-04-25,Robinson's Supermarket Corporation,Robinson's Supermarket Corporation,000-405-340-350,The Marketplace Uptown Place Mall Unit B101A Uptown Place Mall 38th St Taguig City,,Various Consumable Goods (1x ₱934),General,934,,833.93,100.07,Yes,Imported,Cash,,Imported from accounting CSV,2025-06-27T04:56:56.528Z,
2025-04-25,ABACUS BOOK AND CARD CORP.,ABACUS BOOK AND CARD CORP.,000-299-299-150,"Lower Ground Floor, Uptown Place Mall Bonifacio Global City, Taguig City",,Various Items (1x ₱207),General,207,,184.82,22.18,Yes,Imported,Cash,,Imported from accounting CSV,2025-06-27T04:56:56.528Z,
2025-04-23,Sostanza Inc.,Sostanza Inc.,213-012-551-00007,"95 Roxas Blvd. Tambo, Paranaque",,Meals (1x ₱2292.95),General,2292.95,,2,245.67,Yes,Imported,Cash,,Imported from accounting CSV,2025-06-27T04:56:56.528Z,
2025-04-26,Lanzah Corporation,Lanzah Corporation,644-905-433-000,"1800, Katipunan Ave, Project 4 Quezon City Metro Manila 1800",,Meals (1x ₱2407.32),General,2407.32,,1,236.79,Yes,Imported,Cash,,Imported from accounting CSV,2025-06-27T04:56:56.529Z,
2025-04-26,For the Love of Food Inc.,For the Love of Food Inc.,600-238-381-000,"The Daily Cut, Ortigas Center Mandaluyong City NCR 1550",,Coffee Beans 1kg (1x ₱1750),General,1750,,1,187.5,Yes,SMNE,Cash,,Imported from accounting CSV,2025-06-27T04:56:56.529Z,
2025-04-25,The Corner Market,"Common Ground Food Specialists, Inc.",009-481-918-00000,2486 Taft Avenue Barangay 93 Pasay City,,,Leasing,,,,,No,SM North,Cash,,Imported from accounting CSV,2025-06-27T04:56:56.529Z,2025-10-17T17:45:49.631Z
2025-04-26,Lanzah Corporation,Lanzah Corporation,644-905-433-000,"1800, Katipunan Ave, Project 4 Quezon City Metro Manila 1800",,Meals (1x ₱8714.29),General,8714.29,,7,933.67,Yes,Imported,Cash,,Imported from accounting CSV,2025-06-27T04:56:56.529Z,
2025-04-27,Robinson's Supermarket Corporation,Robinson's Supermarket Corporation,000-405-340-407,Chino Roces Ave. Cor. P. Ocampo Santa Cruz City of Makati,,Oatside Oat Milk (1x ₱643.75); Purified Water (1x ₱643.75),General,1287.5,,1,137.95,Yes,Imported,Cash,,Imported from accounting CSV,2025-06-27T04:56:56.530Z,
2025-04-27,Robinson's Supermarket Corporation,Robinson's Supermarket Corporation,000-405-340-00003,"Robinsons Place Ermita M. Adriatico St., Ermita Manila",,Various Consumable Goods (1x ₱2135.25),General,2135.25,,1,228.78,Yes,Imported,Cash,,Imported from accounting CSV,2025-06-27T04:56:56.530Z,
2025-04-27,Sanford Marketing Corporation,Sanford Marketing Corporation,207-961-175-00057,"Savemore Market Pedro Gil Cor. Singalong St. Zone 75 Barangay 695, Malate NCR, City of Manila, First District Philippines 1004",,Various Consumable Goods (1x ₱1466.5),General,1466.5,,1,157.13,Yes,Imported,Cash,,Imported from accounting CSV,2025-06-27T04:56:56.530Z,
2025-04-26,Robinson's Supermarket Corporation,Robinson's Supermarket Corporation,000-405-340-350,"Unit B101A Uptown Place Mall, 38th St Taguig City",,Devondale Full Cream Milk (1x ₱486),General,486,,433.93,52.07,Yes,Imported,Cash,,Imported from accounting CSV,2025-06-27T04:56:56.530Z,
2025-04-28,Southeastasia Retail Inc,Southeastasia Retail Inc,008-909-992-00010,"1st & 2nd Flr, Uptown Palazzo 9th Avenue Cor 36th St. Fort Bonifacio Taguig City NCR, Fourth District Philippines",,Various Consumable Goods (1x ₱1216.6),General,1216.6,,1,130.35,Yes,Imported,Cash,,Imported from accounting CSV,2025-06-27T04:56:56.531Z,
2025-04-28,Robinson's Supermarket Corporation,Robinson's Supermarket Corporation,000-405-340-350,The Marketplace Uptown Place Mall Unit B101A Uptown Place Mall 38th St Taguig City,,Various Consumable Goods (1x ₱683.75),General,683.75,,610.49,73.26,Yes,Imported,Cash,,Imported from accounting CSV,2025-06-27T04:56:56.531Z,
2025-04-30,"Tabletop Partners, Inc.","Tabletop Partners, Inc.",010-245-372-00003,"Unit A4, Upper Ground Floor Uptown Mall, 9th Avenue cor 36th Street, Fort Bonifacio, Bonifacio Global City 1634 Taguig City NCR, Fourth District Philippines",,Meals (1x ₱3959),General,3959,,3,424.18,Yes,Imported,Cash,,Imported from accounting CSV,2025-06-27T04:56:56.531Z,
2025-04-29,AAB Baking Goods and Supplies Inc.,AAB Baking Goods and Supplies Inc.,008-196-741-00003,"Unit B107 A&B UpTown Mall, 9th Avenue Fort Bonifacio, Taguig City",,DLA Mango (1x ₱552),General,552,,492.86,59.14,Yes,Imported,Cash,,Imported from accounting CSV,2025-06-27T04:56:56.531Z,
2025-05-01,"Super Shopping Market, Inc.","Super Shopping Market, Inc.",209-609-185-00008,"SM City North Edsa Cor North Ave, Quezon City",,Emborg Whipping Cream (1x ₱1683),General,1683,,1,180.32,Yes,SMNE,Cash,,Imported from accounting CSV,2025-06-27T04:56:56.532Z,
2025-05-02,Ivoryway Company Inc.,Ivoryway Company Inc.,203-802-940-00000,"42 Sct Bayoran South Triangle 1103 Quezon City NCR, Second District Philippines",,TUBE ICE (1x ₱225),General,225,,200.89,24.11,Yes,SMNE,Cash,,Imported from accounting CSV,2025-06-27T04:56:56.532Z,
2025-05-01,Ivoryway Company Inc.,Ivoryway Company Inc.,203-802-940-00000,"42 Sct Bayoran South Triangle 1103 Quezon City NCR, Second District Philippines",,TUBE ICE (1x ₱180),General,180,,160.71,19.29,Yes,SMNE,Cash,,Imported from accounting CSV,2025-06-27T04:56:56.532Z,
2025-05-02,"Super Shopping Market, Inc.","Super Shopping Market, Inc.",209-609-185-00008,"SM City North Edsa Cor North Ave, Quezon City",,Supermarket (1x ₱1662),General,1683,,1,180.32,Yes,SMNE,Cash,Store,Imported from accounting CSV | Merged with additional CSV data,2025-06-27T04:56:56.532Z,2025-06-27T16:51:25.462Z
2025-05-03,"Super Shopping Market, Inc.","Super Shopping Market, Inc.",209-609-185-00008,"SM City North Edsa Cor North Ave, Quezon City",,Various Consumable Goods (1x ₱1052),General,1052,,939.29,112.71,Yes,SMNE,Cash,,Imported from accounting CSV,2025-06-27T04:56:56.534Z,
2025-05-06,"Super Shopping Market, Inc.","Super Shopping Market, Inc.",209-609-185-00008,"SM City North Edsa Cor North Ave, Quezon City",,Emborg Whipping Cream (1x ₱812),General,812,,725,87,Yes,SMNE,Cash,,Imported from accounting CSV,2025-06-27T04:56:56.534Z,
2025-05-05,Ivoryway Company Inc.,Ivoryway Company Inc.,203-802-940-00000,"42 Sct Bayoran South Triangle 1103 Quezon City NCR, Second District Philippines",,TUBE ICE (1x ₱180),General,180,,160.71,19.29,Yes,SMNE,Cash,Store,Imported from accounting CSV | Merged with additional CSV data,2025-06-27T04:56:56.534Z,2025-06-27T16:51:25.463Z
2025-05-04,"Super Shopping Market, Inc.","Super Shopping Market, Inc.",209-609-185-00008,"SM City North Edsa Cor North Ave, Quezon City",,Various Consumable Goods (1x ₱1602.25),General,1602.25,,1,171.67,Yes,SMNE,Cash,,Imported from accounting CSV,2025-06-27T04:56:56.534Z,
2025-05-04,Ivoryway Company Inc.,Ivoryway Company Inc.,203-802-940-00000,"42 Sct Bayoran South Triangle 1103 Quezon City NCR, Second District Philippines",,TUBE ICE (1x ₱225),General,225,,200.89,24.11,Yes,SMNE,Cash,,Imported from accounting CSV,2025-06-27T04:56:56.534Z,
2025-05-02,M.D.R Consumer Goods Trading,M.D.R Consumer Goods Trading,420-986-840-00000,"Manggahan Commonwealth 1121 Quezon City NCR, 2nd District",,Laciate (1x ₱3600),General,3600,,3,385.71,Yes,SMNE,Cash,,Imported from accounting CSV,2025-06-27T04:56:56.534Z,
2025-05-03,Ivoryway Company Inc.,Ivoryway Company Inc.,203-802-940-00000,"42 Sct Bayoran South Triangle 1103 Quezon City NCR, Second District Philippines",,TUBE ICE (1x ₱225),General,225,,200.89,24.11,Yes,SMNE,Cash,,Imported from accounting CSV,2025-06-27T04:56:56.534Z,
2025-05-06,Ivoryway Company Inc.,Ivoryway Company Inc.,203-802-940-00000,"42 Sct Bayoran South Triangle 1103 Quezon City NCR, Second District Philippines",,TUBE ICE (1x ₱90),General,90,,80.36,9.64,Yes,SMNE,Cash,,Imported from accounting CSV,2025-06-27T04:56:56.535Z,
2025-05-08,"Super Shopping Market, Inc.","Super Shopping Market, Inc.",209-609-185-00008,"SM City North Edsa Cor North Ave, Quezon City",,Various Consumable Goods (1x ₱892),General,892,,796.43,95.57,Yes,SMNE,Cash,,Imported from accounting CSV,2025-06-27T04:56:56.536Z,
2025-05-09,Ivoryway Company Inc.,Ivoryway Company Inc.,203-802-940-00000,"42 Sct Bayoran South Triangle 1103 Quezon City NCR, Second District Philippines",,TUBE ICE (1x ₱112.5),General,112.5,,100.45,12.05,Yes,SMNE,Cash,,Imported from accounting CSV,2025-06-27T04:56:56.536Z,
2025-05-08,Ivoryway Company Inc.,Ivoryway Company Inc.,203-802-940-00000,"42 Sct Bayoran South Triangle 1103 Quezon City NCR, Second District Philippines",,TUBE ICE (1x ₱180),General,180,,160.71,19.29,Yes,SMNE,Cash,,Imported from accounting CSV,2025-06-27T04:56:56.536Z,
2025-05-07,Ivoryway Company Inc.,Ivoryway Company Inc.,203-802-940-00000,"42 Sct Bayoran South Triangle 1103 Quezon City NCR, Second District Philippines",,TUBE ICE (1x ₱180),General,180,,160.71,19.29,Yes,SMNE,Cash,,Imported from accounting CSV,2025-06-27T04:56:56.536Z,
2025-05-11,"Super Shopping Market, Inc.","Super Shopping Market, Inc.",209-609-185-00008,"SM City North Edsa Cor North Ave, Quezon City",,Emborg Whipping Cream (1x ₱158),General,158,,141.07,16.93,Yes,SMNE,Cash,Store,Imported from accounting CSV | Merged with additional CSV data,2025-06-27T04:56:56.537Z,2025-06-27T16:51:25.464Z
2025-05-10,"Super Shopping Market, Inc.","Super Shopping Market, Inc.",209-609-185-00008,"SM City North Edsa Cor North Ave, Quezon City",,Emborg Whipping Cream (1x ₱225),General,225,,200.89,24.11,Yes,SMNE,Cash,,Imported from accounting CSV,2025-06-27T04:56:56.537Z,
2025-05-10,"Super Shopping Market, Inc.","Super Shopping Market, Inc.",209-609-185-00008,"SM City North Edsa Cor North Ave, Quezon City",,Emborg Whipping Cream (1x ₱892),General,892,,796.43,95.57,Yes,SMNE,Cash,,Imported from accounting CSV,2025-06-27T04:56:56.537Z,
2025-05-10,Ivoryway Company Inc.,Ivoryway Company Inc.,203-802-940-00000,"42 Sct Bayoran South Triangle 1103 Quezon City NCR, Second District Philippines",,TUBE ICE (1x ₱202.5),General,202.5,,180.8,21.7,Yes,SMNE,Cash,,Imported from accounting CSV,2025-06-27T04:56:56.537Z,
2025-05-11,"Super Shopping Market, Inc.","Super Shopping Market, Inc.",209-609-185-00008,"SM City North Edsa Cor North Ave, Quezon City",,Emborg Whipping Cream (1x ₱816),General,816,,728.57,87.43,Yes,SMNE,Cash,,Imported from accounting CSV,2025-06-27T04:56:56.538Z,
2025-05-11,"Super Shopping Market, Inc.","Super Shopping Market, Inc.",209-609-185-00008,"SM City North Edsa Cor North Ave, Quezon City",,Emborg Whipping Cream (1x ₱181),General,181,,161.61,19.39,Yes,SMNE,Cash,,Imported from accounting CSV,2025-06-27T04:56:56.538Z,
2025-05-11,Ivoryway Company Inc.,Ivoryway Company Inc.,203-802-940-00000,"42 Sct Bayoran South Triangle 1103 Quezon City NCR, Second District Philippines",,TUBE ICE (1x ₱225),General,225,,200.89,24.11,Yes,SMNE,Cash,,Imported from accounting CSV,2025-06-27T04:56:56.538Z,
2025-05-11,"Super Shopping Market, Inc.","Super Shopping Market, Inc.",209-609-185-00008,"SM City North Edsa Cor North Ave, Quezon City",,Emborg Whipping Cream (1x ₱3327),General,3327,,2,356.46,Yes,SMNE,Cash,,Imported from accounting CSV,2025-06-27T04:56:56.538Z,
2025-05-12,"Super Shopping Market, Inc.","Super Shopping Market, Inc.",209-609-185-00008,"SM City North Edsa Cor North Ave, Quezon City",,Emborg Whipping Cream (1x ₱408),General,408,,364.29,43.71,Yes,SMNE,Cash,,Imported from accounting CSV,2025-06-27T04:56:56.539Z,
2025-05-12,Ivoryway Company Inc.,Ivoryway Company Inc.,203-802-940-00000,"42 Sct Bayoran South Triangle 1103 Quezon City NCR, Second District Philippines",,TUBE ICE (1x ₱112.5),General,112.5,,100.45,12.05,Yes,SMNE,Cash,,Imported from accounting CSV,2025-06-27T04:56:56.539Z,
2025-05-13,M.D.R Consumer Goods Trading,M.D.R Consumer Goods Trading,420-986-840-00000,"Manggahan Commonwealth 1121 Quezon City NCR, 2nd District",,Laciate (1x ₱3795),General,3795,,3,406.61,Yes,SMNE,Cash,,Imported from accounting CSV,2025-06-27T04:56:56.539Z,
2025-05-12,"Super Shopping Market, Inc.","Super Shopping Market, Inc.",209-609-185-00008,"SM City North Edsa Cor North Ave, Quezon City",,Emborg Whipping Cream (1x ₱406),General,406,,362.5,43.5,Yes,SMNE,Cash,,Imported from accounting CSV,2025-06-27T04:56:56.539Z,
2025-05-15,"Super Shopping Market, Inc.","Super Shopping Market, Inc.",209-609-185-00008,"SM City North Edsa Cor North Ave, Quezon City",,Emborg Whipping Cream (1x ₱198),General,198,,176.79,21.21,Yes,SMNE,Cash,Store,Imported from accounting CSV | Merged with additional CSV data,2025-06-27T04:56:56.540Z,2025-06-27T16:51:25.464Z
2025-05-13,"Super Shopping Market, Inc.","Super Shopping Market, Inc.",209-609-185-00008,"SM City North Edsa Cor North Ave, Quezon City",,Emborg Whipping Cream (1x ₱1799),General,1799,,1,192.75,Yes,SMNE,Cash,,Imported from accounting CSV,2025-06-27T04:56:56.540Z,
2025-05-13,Ivoryway Company Inc.,Ivoryway Company Inc.,203-802-940-00000,"42 Sct Bayoran South Triangle 1103 Quezon City NCR, Second District Philippines",,TUBE ICE (1x ₱135),General,135,,120.54,14.46,Yes,SMNE,Cash,,Imported from accounting CSV,2025-06-27T04:56:56.540Z,
2025-05-14,Ivoryway Company Inc.,Ivoryway Company Inc.,203-802-940-00000,"42 Sct Bayoran South Triangle 1103 Quezon City NCR, Second District Philippines",,TUBE ICE (1x ₱180),General,180,,160.71,19.29,Yes,SMNE,Cash,,Imported from accounting CSV,2025-06-27T04:56:56.540Z,
2025-05-16,"Super Shopping Market, Inc.","Super Shopping Market, Inc.",209-609-185-00008,"SM City North Edsa Cor North Ave, Quezon City",,Emborg Whipping Cream (1x ₱878),General,878,,783.93,94.07,Yes,SMNE,Cash,,Imported from accounting CSV,2025-06-27T04:56:56.541Z,
2025-05-18,"Super Shopping Market, Inc.","Super Shopping Market, Inc.",209-609-185-00008,"SM City North Edsa Cor North Ave, Quezon City",,Emborg Whipping Cream (1x ₱1455),General,1455,,1,155.89,Yes,SMNE,Cash,,Imported from accounting CSV,2025-06-27T04:56:56.541Z,
2025-05-16,Ivoryway Company Inc.,Ivoryway Company Inc.,203-802-940-00000,"42 Sct Bayoran South Triangle 1103 Quezon City NCR, Second District Philippines",,TUBE ICE (1x ₱202.5),General,202.5,,180.8,21.7,Yes,SMNE,Cash,,Imported from accounting CSV,2025-06-27T04:56:56.541Z,
2025-05-18,Ivoryway Company Inc.,Ivoryway Company Inc.,203-802-940-00000,"42 Sct Bayoran South Triangle 1103 Quezon City NCR, Second District Philippines",,TUBE ICE (1x ₱202.5),General,202.5,,180.8,21.7,Yes,SMNE,Cash,Store,Imported from accounting CSV | Merged with additional CSV data,2025-06-27T04:56:56.542Z,2025-06-27T16:51:25.464Z
2025-05-19,Ivoryway Company Inc.,Ivoryway Company Inc.,203-802-940-00000,"42 Sct Bayoran South Triangle 1103 Quezon City NCR, Second District Philippines",,TUBE ICE (1x ₱180),General,180,,160.71,19.29,Yes,SMNE,Cash,,Imported from accounting CSV,2025-06-27T04:56:56.542Z,
2025-05-19,Renielle B. Rebadomia - Prop,Renielle B. Rebadomia - Prop,325-157-916-00000,12 Rhapsody corner aria St. Sta. Cecilia Village,,IPT Single (White) Brown (1x ₱290),General,290,,258.93,31.07,Yes,SMNE,Cash,,Imported from accounting CSV,2025-06-27T04:56:56.543Z,
2025-05-20,"Super Shopping Market, Inc.","Super Shopping Market, Inc.",209-609-185-00008,"SM City North Edsa Cor North Ave, Quezon City",,Various Consumable Goods (1x ₱1001),General,1001,,893.75,107.25,Yes,SMNE,Cash,,Imported from accounting CSV,2025-06-27T04:56:56.543Z,
2025-05-19,Alyssa Ann Kamille A. Co-Prop,Alyssa Ann Kamille A. Co-Prop,427-330-896-00000,"170B Wilson St., Brgy. Maytunas, 1500 San Juan City NCR, 2nd District, Philippines",,KPO9V2 (1x ₱400),General,400,,357.14,42.86,Yes,SMNE,Cash,,Imported from accounting CSV,2025-06-27T04:56:56.543Z,
2025-05-20,MP Pasquil trading corp.,MP Pasquil trading corp.,606-392-510-00000,30 Serrano Laktaw Dona Aurora 1113 Quezon City,,Various Consumable Goods (1x ₱918.4),General,918.4,,820,98.4,Yes,SMNE,Cash,,Imported from accounting CSV,2025-06-27T04:56:56.543Z,
2025-05-20,Mr. Quickie Corp.,Mr. Quickie Corp.,005-693-898-00076,"Annex 126A G/F The Block SM City North Edsa North Ave., Brgy. Bagong Pag-asa 1105 Quezon City NCR, Second District Philippines",,Tate R. (1x ₱65),General,65,,58.04,6.96,Yes,SMNE,Cash,,Imported from accounting CSV,2025-06-27T04:56:56.544Z,
2025-05-20,Ivoryway Company Inc.,Ivoryway Company Inc.,203-802-940-00000,"42 Sct Bayoran South Triangle 1103 Quezon City NCR, Second District Philippines",,TUBE ICE (1x ₱135),General,135,,120.54,14.46,Yes,SMNE,Cash,,Imported from accounting CSV,2025-06-27T04:56:56.544Z,
2025-05-21,Ivoryway Company Inc.,Ivoryway Company Inc.,203-802-940-00000,"42 Sct Bayoran South Triangle 1103 Quezon City NCR, Second District Philippines",,TUBE ICE (1x ₱180),General,180,,160.71,19.29,Yes,SMNE,Cash,,Imported from accounting CSV,2025-06-27T04:56:56.545Z,
2025-05-19,Earnest Matthew S. Chan - Prop,Earnest Matthew S. Chan - Prop,245-968-813-00000,"16 Gladiola St., Araneta University Village, Potrero District II 1475, City of Malabon NCR, Third District, Philippines",,MN Strawberry 1L (1x ₱1144),General,1144,,1,122.57,Yes,SMNE,Cash,,Imported from accounting CSV,2025-06-27T04:56:56.545Z,
2025-05-19,TX Concept Group Inc.,TX Concept Group Inc.,643-328-828-00000,"No. 13 Unit Trinidad Street Canumay East 1447 City of Valenzuela NCR, 3rd District Philippines",,Various Consumable Goods (1x ₱1459),General,1459,,1,156.32,Yes,SMNE,Cash,,Imported from accounting CSV,2025-06-27T04:56:56.545Z,
2025-05-21,"Super Shopping Market, Inc.","Super Shopping Market, Inc.",209-609-185-00008,"SM City North Edsa Cor North Ave, Quezon City",,Various Consumable Goods (1x ₱2060),General,2060,,1,220.71,Yes,SMNE,Cash,,Imported from accounting CSV,2025-06-27T04:56:56.545Z,
2025-05-24,M.D.R Consumer Goods Trading,M.D.R Consumer Goods Trading,420-986-840-00000,"Manggahan Commonwealth 1121 Quezon City NCR, 2nd District",,Laciate (1x ₱3600),General,3600,,3,385.71,Yes,SMNE,Cash,,Imported from accounting CSV,2025-06-27T04:56:56.546Z,
2025-05-23,Ivoryway Company Inc.,Ivoryway Company Inc.,203-802-940-00000,"42 Sct Bayoran South Triangle 1103 Quezon City NCR, Second District Philippines",,TUBE ICE (1x ₱202.5),General,202.5,,180.8,21.7,Yes,SMNE,Cash,,Imported from accounting CSV,2025-06-27T04:56:56.546Z,
2025-05-21,M.D.R Consumer Goods Trading,M.D.R Consumer Goods Trading,420-986-840-00000,"Manggahan Commonwealth 1121 Quezon City NCR, 2nd District",,Various Consumable Goods (1x ₱3180.8),General,3180.8,,2,340.8,Yes,SMNE,Cash,,Imported from accounting CSV,2025-06-27T04:56:56.546Z,
2025-05-22,"Super Shopping Market, Inc.","Super Shopping Market, Inc.",209-609-185-00008,"SM City North Edsa Cor North Ave, Quezon City",,Emborg Whipping Cream (1x ₱812),General,812,,725,87,Yes,SMNE,Cash,,Imported from accounting CSV,2025-06-27T04:56:56.546Z,
2025-05-24,Ivoryway Company Inc.,Ivoryway Company Inc.,203-802-940-00000,"42 Sct Bayoran South Triangle 1103 Quezon City NCR, Second District Philippines",,TUBE ICE (1x ₱157.5),General,157.5,,140.63,16.88,Yes,SMNE,Cash,,Imported from accounting CSV,2025-06-27T04:56:56.547Z,
2025-05-24,"Super Shopping Market, Inc.","Super Shopping Market, Inc.",209-609-185-00008,"SM City North Edsa Cor North Ave, Quezon City",,Emborg Whipping Cream (1x ₱1045.5),General,1045.5,,933.48,112.02,Yes,SMNE,Cash,,Imported from accounting CSV,2025-06-27T04:56:56.547Z,
2025-05-25,"Super Shopping Market, Inc.","Super Shopping Market, Inc.",209-609-185-00008,"SM City North Edsa Cor North Ave, Quezon City",,Various Consumable Goods (1x ₱1482.25),General,1482.25,,1,158.81,Yes,SMNE,Cash,,Imported from accounting CSV,2025-06-27T04:56:56.547Z,
2025-05-25,Ivoryway Company Inc.,Ivoryway Company Inc.,203-802-940-00000,"42 Sct Bayoran South Triangle 1103 Quezon City NCR, Second District Philippines",,TUBE ICE (1x ₱225),General,225,,200.89,24.11,Yes,SMNE,Cash,,Imported from accounting CSV,2025-06-27T04:56:56.548Z,
2025-05-26,Ivoryway Company Inc.,Ivoryway Company Inc.,203-802-940-00000,"42 Sct Bayoran South Triangle 1103 Quezon City NCR, Second District Philippines",,TUBE ICE (1x ₱180),General,180,,160.71,19.29,Yes,SMNE,Cash,Store,Imported from accounting CSV | Merged with additional CSV data,2025-06-27T04:56:56.548Z,2025-06-27T16:51:25.465Z
2025-05-26,"Super Shopping Market, Inc.","Super Shopping Market, Inc.",209-609-185-00008,"SM City North Edsa Cor North Ave, Quezon City",,Yardstick coffee beans (1x ₱700),General,723,,645.54,77.46,Yes,SMNE,Cash,Store,Imported from accounting CSV | Merged with additional CSV data,2025-06-27T04:56:56.548Z,2025-06-27T16:51:25.465Z
2025-05-27,"Super Shopping Market, Inc.","Super Shopping Market, Inc.",209-609-185-00008,"SM City North Edsa Cor North Ave, Quezon City",,Emborg Whipping Cream (1x ₱812),General,812,,725,87,Yes,SMNE,Cash,,Imported from accounting CSV,2025-06-27T04:56:56.549Z,
2025-05-27,"Super Shopping Market, Inc.","Super Shopping Market, Inc.",209-609-185-00008,"SM City North Edsa Cor North Ave, Quezon City",,Various Consumable Goods (1x ₱595),General,595,,531.25,63.75,Yes,SMNE,Cash,,Imported from accounting CSV,2025-06-27T04:56:56.549Z,
2025-05-27,Ivoryway Company Inc.,Ivoryway Company Inc.,203-802-940-00000,"42 Sct Bayoran South Triangle 1103 Quezon City NCR, Second District Philippines",,TUBE ICE (1x ₱180),General,180,,160.71,19.29,Yes,SMNE,Cash,,Imported from accounting CSV,2025-06-27T04:56:56.549Z,
2025-05-28,"Super Shopping Market, Inc.","Super Shopping Market, Inc.",209-609-185-00008,"SM City North Edsa Cor North Ave, Quezon City",,Various Consumable Goods (1x ₱1426),General,1426,,1,152.79,Yes,SMNE,Cash,,Imported from accounting CSV,2025-06-27T04:56:56.550Z,
2025-05-28,"Super Shopping Market, Inc.","Super Shopping Market, Inc.",209-609-185-00008,"SM City North Edsa Cor North Ave, Quezon City",,Australias Own Full Cream (1x ₱1136.5),General,1136.5,,1,121.77,Yes,SMNE,Cash,,Imported from accounting CSV,2025-06-27T04:56:56.550Z,
2025-05-28,"Super Shopping Market, Inc.","Super Shopping Market, Inc.",209-609-185-00008,"SM City North Edsa Cor North Ave, Quezon City",,Australias Own Full Cream (1x ₱612),General,612,,546.43,65.57,Yes,SMNE,Cash,,Imported from accounting CSV,2025-06-27T04:56:56.550Z,
2025-05-29,"Super Shopping Market, Inc.","Super Shopping Market, Inc.",209-609-185-00008,"SM City North Edsa Cor North Ave, Quezon City",,Various Consumable Goods (1x ₱2067),General,2067,,1,221.46,Yes,SMNE,Cash,,Imported from accounting CSV,2025-06-27T04:56:56.551Z,
2025-05-28,Ivoryway Company Inc.,Ivoryway Company Inc.,203-802-940-00000,"42 Sct Bayoran South Triangle 1103 Quezon City NCR, Second District Philippines",,TUBE ICE (1x ₱180),General,180,,160.71,19.29,Yes,SMNE,Cash,,Imported from accounting CSV,2025-06-27T04:56:56.551Z,
2025-05-29,Ivoryway Company Inc.,Ivoryway Company Inc.,203-802-940-00000,"42 Sct Bayoran South Triangle 1103 Quezon City NCR, Second District Philippines",,TUBE ICE (1x ₱180),General,180,,160.71,19.29,Yes,SMNE,Cash,,Imported from accounting CSV,2025-06-27T04:56:56.551Z,
2025-05-30,"Super Shopping Market, Inc.","Super Shopping Market, Inc.",209-609-185-00008,"SM City North Edsa Cor North Ave, Quezon City",,Various Consumable Goods (1x ₱1907),General,1907,,1,204.32,Yes,SMNE,Cash,,Imported from accounting CSV,2025-06-27T04:56:56.552Z,
2025-05-30,Ivoryway Company Inc.,Ivoryway Company Inc.,203-802-940-00000,"42 Sct Bayoran South Triangle 1103 Quezon City NCR, Second District Philippines",,TUBE ICE (1x ₱202.5),General,202.5,,180.8,21.7,Yes,SMNE,Cash,,Imported from accounting CSV,2025-06-27T04:56:56.552Z,
2025-05-31,Ivoryway Company Inc.,Ivoryway Company Inc.,203-802-940-00000,"42 Sct Bayoran South Triangle 1103 Quezon City NCR, Second District Philippines",,TUBE ICE (1x ₱157.5),General,157.5,,140.63,16.88,Yes,SMNE,Cash,,Imported from accounting CSV,2025-06-27T04:56:56.552Z,
2025-05-31,M.D.R Consumer Goods Trading,M.D.R Consumer Goods Trading,420-986-840-00000,"Manggahan Commonwealth 1121 Quezon City NCR, 2nd District",,Various Consumable Goods (1x ₱4640),General,4640,,4,497.14,Yes,SMNE,Cash,,Imported from accounting CSV,2025-06-27T04:56:56.552Z,
2025-05-01,For the Love of Food Inc.,For the Love of Food Inc.,600-238-381-000,Ortigas Center Mandaluyong 1550,,Golden Ticket (1x ₱1750),General,1750,,1,187.5,Yes,Podium,Cash,,Imported from accounting CSV,2025-06-27T04:56:56.553Z,
2025-05-03,Kareila Mngt. Corp,Kareila Mngt. Corp,246-969-491-009,514 Shaw Boulevard Corner Laurel St. Mandaluyong City,,Various Consumable Goods (1x ₱1238),General,1238,,1,132.64,Yes,Podium,Cash,,Imported from accounting CSV,2025-06-27T04:56:56.553Z,
2025-05-02,Ivoryway Company Inc.,Ivoryway Company Inc.,203-802-940-00000,"42 Sct Bayoran South Triangle 1103 Quezon City NCR, Second District Philippines",,TUBE ICE (1x ₱112.5),General,112.5,,100.45,12.05,Yes,Podium,Cash,,Imported from accounting CSV,2025-06-27T04:56:56.553Z,
2025-05-01,"Supervalue, Inc.","Supervalue, Inc.",000-144-976-00057,SM Megamall Bldg. A Edsa Wack-Wack Greenhills City of Mandaluyong Second District 1555,,CHERSTNAP (1x ₱99),General,99,,88.39,10.61,Yes,Podium,Cash,,Imported from accounting CSV,2025-06-27T04:56:56.553Z,
2025-05-02,M.D.R Consumer Goods Trading,M.D.R Consumer Goods Trading,420-986-840-00000,"Manggahan Commonwealth 1121 Quezon City NCR, 2nd District",,Laciate (1x ₱1800),General,1800,,1,192.86,Yes,Podium,Credit Card,Store,Imported from accounting CSV | Merged with additional CSV data,2025-06-27T04:56:56.554Z,2025-06-27T16:51:25.462Z
2025-05-04,Ivoryway Company Inc.,Ivoryway Company Inc.,203-802-940-00000,"42 Sct Bayoran South Triangle 1103 Quezon City NCR, Second District Philippines",,TUBE ICE (1x ₱112.5),General,112.5,,100.45,12.05,Yes,Podium,Cash,Store,Imported from accounting CSV | Merged with additional CSV data,2025-06-27T04:56:56.554Z,2025-06-27T16:51:25.463Z
2025-05-03,"Supervalue, Inc.","Supervalue, Inc.",000-144-976-00057,SM Megamall Bldg. A Edsa Wack-Wack Greenhills City of Mandaluyong Second District 1555,,Various Consumable Goods (1x ₱1662),General,1662,,1,155.68,Yes,Podium,Cash,,Imported from accounting CSV,2025-06-27T04:56:56.554Z,
2025-05-03,Ivoryway Company Inc.,Ivoryway Company Inc.,203-802-940-00000,"42 Sct Bayoran South Triangle 1103 Quezon City NCR, Second District Philippines",,TUBE ICE (1x ₱180),General,180,,160.71,19.29,Yes,Podium,Cash,,Imported from accounting CSV,2025-06-27T04:56:56.554Z,
2025-05-05,Ivoryway Company Inc.,Ivoryway Company Inc.,203-802-940-00000,"42 Sct Bayoran South Triangle 1103 Quezon City NCR, Second District Philippines",,TUBE ICE (1x ₱180),General,180,,160.71,19.29,Yes,Podium,Cash,,Imported from accounting CSV,2025-06-27T04:56:56.555Z,
2025-05-06,Ivoryway Company Inc.,Ivoryway Company Inc.,203-802-940-00000,"42 Sct Bayoran South Triangle 1103 Quezon City NCR, Second District Philippines",,TUBE ICE (1x ₱90),General,90,,80.36,9.64,Yes,Podium,Cash,,Imported from accounting CSV,2025-06-27T04:56:56.555Z,
2025-05-05,"Supervalue, Inc.","Supervalue, Inc.",000-144-976-00057,SM Megamall Bldg. A Edsa Wack-Wack Greenhills City of Mandaluyong Second District 1555,,Hermano Sugar (1x ₱171),General,171,,152.68,18.32,Yes,Podium,Cash,,Imported from accounting CSV,2025-06-27T04:56:56.555Z,
2024-05-07,Gavinos Group Inc.,Gavinos Group Inc.,010-607-022-00000,"1772 Gen E. Evangelista St., Bangkal 1233 Makati City NCR, Fourth District Phlippines",,Various Consumable Goods (1x ₱1900),General,1900,,1,203.57,Yes,Podium,Cash,,Imported from accounting CSV,2025-06-27T04:56:56.556Z,
2025-05-08,"Supervalue, Inc.","Supervalue, Inc.",000-144-976-00057,SM Megamall Bldg. A Edsa Wack-Wack Greenhills City of Mandaluyong Second District 1555,,Various Consumable Goods (1x ₱248.5),General,248.5,,221.88,26.63,Yes,Podium,Cash,,Imported from accounting CSV,2025-06-27T04:56:56.556Z,
2025-05-07,Ivoryway Company Inc.,Ivoryway Company Inc.,203-802-940-00000,"42 Sct Bayoran South Triangle 1103 Quezon City NCR, Second District Philippines",,TUBE ICE (1x ₱90),General,90,,80.36,9.64,Yes,Podium,Cash,,Imported from accounting CSV,2025-06-27T04:56:56.556Z,
2025-05-07,M.D.R Consumer Goods Trading,M.D.R Consumer Goods Trading,420-986-840-00000,"Manggahan Commonwealth 1121 Quezon City NCR, 2nd District",,Laciate Full Cream Milk (1x ₱2700),General,2700,,2,289.29,Yes,Podium,Cash,,Imported from accounting CSV,2025-06-27T04:56:56.556Z,
2025-05-07,Allegro Beverage Corporation,Allegro Beverage Corporation,203-457-225-00003,"Jang Bldg., Gov. M. Cuenco Ave,. Banilad, 6000 Cebu City",,OATSIDE PLAIN OAT MILK BARISTA EDITION (1x ₱4572),General,4572,,4,489.86,Yes,Podium,Cash,,Imported from accounting CSV,2025-06-27T04:56:56.556Z,
2025-05-09,Ivoryway Company Inc.,Ivoryway Company Inc.,203-802-940-00000,"42 Sct Bayoran South Triangle 1103 Quezon City NCR, Second District Philippines",,TUBE ICE (1x ₱135),General,135,,120.54,14.46,Yes,Podium,Cash,,Imported from accounting CSV,2025-06-27T04:56:56.557Z,
2025-05-08,"Supervalue, Inc.","Supervalue, Inc.",000-144-976-00057,SM Megamall Bldg. A Edsa Wack-Wack Greenhills City of Mandaluyong Second District 1555,,Various Consumable Goods (1x ₱701),General,701,,625.89,75.11,Yes,Podium,Cash,,Imported from accounting CSV,2025-06-27T04:56:56.557Z,
2025-05-07,Alyssa Ann Kamille A. Co-Prop,Alyssa Ann Kamille A. Co-Prop,427-330-896-00000,"170B Wilson St., Brgy. Maytunas, 1500 San Juan City NCR, 2nd District, Philippines",,Various Consumable Goods (1x ₱3185),General,3185,,2,341.25,Yes,Podium,Cash,,Imported from accounting CSV,2025-06-27T04:56:56.557Z,
2025-05-11,Ivoryway Company Inc.,Ivoryway Company Inc.,203-802-940-00000,"42 Sct Bayoran South Triangle 1103 Quezon City NCR, Second District Philippines",,TUBE ICE (1x ₱67.5),General,67.5,,60.27,7.23,Yes,Podium,Cash,,Imported from accounting CSV,2025-06-27T04:56:56.558Z,
2025-05-10,Ivoryway Company Inc.,Ivoryway Company Inc.,203-802-940-00000,"42 Sct Bayoran South Triangle 1103 Quezon City NCR, Second District Philippines",,TUBE ICE (1x ₱225),General,225,,200.89,24.11,Yes,Podium,Cash,,Imported from accounting CSV,2025-06-27T04:56:56.558Z,
2025-05-11,"Supervalue, Inc.","Supervalue, Inc.",000-144-976-00057,SM Megamall Bldg. A Edsa Wack-Wack Greenhills City of Mandaluyong Second District 1555,,Various Consumable Goods (1x ₱624.25),General,624.25,,557.37,66.88,Yes,Podium,Cash,,Imported from accounting CSV,2025-06-27T04:56:56.558Z,
2025-05-11,"Supervalue, Inc.","Supervalue, Inc.",000-144-976-00057,SM Megamall Bldg. A Edsa Wack-Wack Greenhills City of Mandaluyong Second District 1555,,Dairy (1x ₱240.25); Coco Water (1x ₱240.25); White Sugar (1x ₱240.25); Customer Tissue (1x ₱240.25),General,961,,858.04,102.96,Yes,Podium,Cash,Store,Imported from accounting CSV | Merged with additional CSV data,2025-06-27T04:56:56.559Z,2025-06-27T16:51:25.464Z
2025-05-12,Ivoryway Company Inc.,Ivoryway Company Inc.,203-802-940-00000,"42 Sct Bayoran South Triangle 1103 Quezon City NCR, Second District Philippines",,TUBE ICE (1x ₱135),General,135,,120.54,14.46,Yes,Podium,Cash,Store,Imported from accounting CSV | Merged with additional CSV data,2025-06-27T04:56:56.559Z,2025-06-27T16:51:25.464Z
2024-05-12,For the Love of Food Inc.,For the Love of Food Inc.,600-238-381-000,Ortigas Center Mandaluyong 1550,,Golden Ticket (1x ₱1750),General,1750,,1,187.5,Yes,Podium,Cash,,Imported from accounting CSV,2025-06-27T04:56:56.559Z,
2025-05-10,TX Concept Group Inc.,TX Concept Group Inc.,643-328-828-00000,"No. 13 Unit Trinidad Street Canumay East 1447 City of Valenzuela NCR, 3rd District Philippines",,Milk Tea Take out Tray (1x ₱348),General,348,,310.71,37.29,Yes,Podium,Cash,,Imported from accounting CSV,2025-06-27T04:56:56.559Z,
2025-05-13,Allegro Beverage Corporation,Allegro Beverage Corporation,203-457-225-00004,"Door #6 Bldg. #2 Regina Complex, C. M. Recto St., Brgy. 35-D, (POB.) Poblacion District, 8000 Davao City Davao Del Sur, Philippines",,Various Consumable Goods (1x ₱5454),General,5454,,4,584.36,Yes,Podium,Cash,,Imported from accounting CSV,2025-06-27T04:56:56.560Z,
2025-05-13,M.D.R Consumer Goods Trading,M.D.R Consumer Goods Trading,420-986-840-00000,"Manggahan Commonwealth 1121 Quezon City NCR, 2nd District",,Various Consumable Goods (1x ₱5196.8),General,5196.8,,4,556.8,Yes,Podium,Cash,,Imported from accounting CSV,2025-06-27T04:56:56.560Z,
2025-05-13,Ivoryway Company Inc.,Ivoryway Company Inc.,203-802-940-00000,"42 Sct Bayoran South Triangle 1103 Quezon City NCR, Second District Philippines",,TUBE ICE (1x ₱135),General,135,,120.54,14.46,Yes,Podium,Cash,,Imported from accounting CSV,2025-06-27T04:56:56.560Z,
2025-05-16,"Supervalue, Inc.","Supervalue, Inc.",000-144-976-00057,SM Megamall Bldg. A Edsa Wack-Wack Greenhills City of Mandaluyong Second District 1555,,Various Consumable Goods (1x ₱886.5),General,886.5,,791.52,94.98,Yes,Podium,Cash,,Imported from accounting CSV,2025-06-27T04:56:56.561Z,
2024-05-12,For the Love of Food Inc.,For the Love of Food Inc.,600-238-381-000,Ortigas Center Mandaluyong 1550,,Golden Ticket (1x ₱1750),General,1750,,1,187.5,Yes,Podium,Cash,,Imported from accounting CSV,2025-06-27T04:56:56.561Z,
2025-05-13,"Supervalue, Inc.","Supervalue, Inc.",000-144-976-00057,SM Megamall Bldg. A Edsa Wack-Wack Greenhills City of Mandaluyong Second District 1555,,Various Consumable Goods (1x ₱1234.5),General,1234.5,,1,132.27,Yes,Podium,Cash,,Imported from accounting CSV,2025-06-27T04:56:56.561Z,
2025-05-16,"Supervalue, Inc.","Supervalue, Inc.",000-144-976-00057,SM Megamall Bldg. A Edsa Wack-Wack Greenhills City of Mandaluyong Second District 1555,,Various Consumable Goods (1x ₱1287.5),General,1287.5,,1,137.95,Yes,Podium,Cash,,Imported from accounting CSV,2025-06-27T04:56:56.561Z,
2025-05-17,Ivoryway Company Inc.,Ivoryway Company Inc.,203-802-940-00000,"42 Sct Bayoran South Triangle 1103 Quezon City NCR, Second District Philippines",,TUBE ICE (1x ₱112.5),General,112.5,,100.45,12.05,Yes,Podium,Cash,,Imported from accounting CSV,2025-06-27T04:56:56.562Z,
2025-05-18,"Supervalue, Inc.","Supervalue, Inc.",000-144-976-00057,SM Megamall Bldg. A Edsa Wack-Wack Greenhills City of Mandaluyong Second District 1555,,Various Consumable Goods (1x ₱40),General,40,,35.71,4.29,Yes,Podium,Cash,,Imported from accounting CSV,2025-06-27T04:56:56.562Z,
2025-05-17,ABACUS BOOK AND CARD CORP.,ABACUS BOOK AND CARD CORP.,000-299-299-00273,"The Podium Mall ADB Ave, Wack-Wack Greenhills East Ortigas Center City of Mandaluyong NCR",,Various Supplies (1x ₱164),General,164,,146.43,17.57,Yes,Podium,Cash,,Imported from accounting CSV,2025-06-27T04:56:56.562Z,
2025-05-16,Ivoryway Company Inc.,Ivoryway Company Inc.,203-802-940-00000,"42 Sct Bayoran South Triangle 1103 Quezon City NCR, Second District Philippines",,TUBE ICE (1x ₱90),General,90,,80.36,9.64,Yes,Podium,Cash,,Imported from accounting CSV,2025-06-27T04:56:56.562Z,
2025-05-18,Ivoryway Company Inc.,Ivoryway Company Inc.,203-802-940-00000,"42 Sct Bayoran South Triangle 1103 Quezon City NCR, Second District Philippines",,TUBE ICE (1x ₱135),General,135,,120.54,14.46,Yes,Podium,Cash,,Imported from accounting CSV,2025-06-27T04:56:56.563Z,
2025-05-19,"Supervalue, Inc.","Supervalue, Inc.",000-144-976-00003,"SM Megamall Bldg B, J.Vargas St. Wack Wack Greenhills City of Mandaluyong Second District 1550",,Thermal POS Paper (1x ₱422),General,402.5,,359.38,43.13,Yes,Podium,Cash,Store,Imported from accounting CSV | Merged with additional CSV data,2025-06-27T04:56:56.563Z,2025-06-27T16:51:25.464Z
2025-05-19,Balai ni Frutas Inc.,Balai ni Frutas Inc.,238-383-045-00145,"SM Supermarket, SMLK Podium, ADB Ave., J. Vargas Ave. Ortigas Center, Wack-Wack, Greenhills, 1555 City of Mandaluyong NCR, Second District, Philippines",,Buko Half (1x ₱170),General,170,,151.79,18.21,Yes,Podium,Cash,Store,Imported from accounting CSV | Merged with additional CSV data,2025-06-27T04:56:56.563Z,2025-06-27T16:51:25.464Z
2025-05-19,Ivoryway Company Inc.,Ivoryway Company Inc.,203-802-940-00000,"42 Sct Bayoran South Triangle 1103 Quezon City NCR, Second District Philippines",,TUBE ICE (1x ₱157.5),General,157.5,,140.63,16.88,Yes,Podium,Cash,,Imported from accounting CSV,2025-06-27T04:56:56.563Z,
2025-05-19,Alyssa Ann Kamille A. Co-Prop,Alyssa Ann Kamille A. Co-Prop,427-330-896-00000,"170B Wilson St., Brgy. Maytunas, 1500 San Juan City NCR, 2nd District, Philippines",,Wooden Chopsticks (1x ₱135),General,135,,120.54,14.46,Yes,Podium,Cash,,Imported from accounting CSV,2025-06-27T04:56:56.564Z,
2025-05-19,MP Pasquil trading corp.,MP Pasquil trading corp.,606-392-510-00000,30 Serrano Laktaw Dona Aurora 1113 Quezon City,,Various Consumable Goods (1x ₱918.4),General,918.4,,820,98.4,Yes,Podium,Cash,,Imported from accounting CSV,2025-06-27T04:56:56.564Z,
2025-05-20,"Supervalue, Inc.","Supervalue, Inc.",000-144-976-00057,SM Megamall Bldg. A Edsa Wack-Wack Greenhills City of Mandaluyong Second District 1555,,Various Consumable Goods (1x ₱478.25),General,478.25,,427.01,51.24,Yes,Podium,Cash,,Imported from accounting CSV,2025-06-27T04:56:56.564Z,
2025-05-20,Ivoryway Company Inc.,Ivoryway Company Inc.,203-802-940-00000,"42 Sct Bayoran South Triangle 1103 Quezon City NCR, Second District Philippines",,TUBE ICE (1x ₱112.5),General,112.5,,100.45,12.05,Yes,Podium,Cash,,Imported from accounting CSV,2025-06-27T04:56:56.564Z,
2025-05-20,Kareila Mngt. Corp,Kareila Mngt. Corp,246-969-491-009,514 Shaw Boulevard Corner Laurel St. Mandaluyong City,,Whipping Cream (1x ₱1317),General,1317,,1,141.11,Yes,Podium,Credit Card,Store,Imported from accounting CSV | Merged with additional CSV data,2025-06-27T04:56:56.565Z,2025-06-27T16:51:25.465Z
2025-05-21,Ivoryway Company Inc.,Ivoryway Company Inc.,203-802-940-00000,"42 Sct Bayoran South Triangle 1103 Quezon City NCR, Second District Philippines",,TUBE ICE (1x ₱157.5),General,157.5,,140.63,16.88,Yes,Podium,Cash,,Imported from accounting CSV,2025-06-27T04:56:56.565Z,
2025-05-21,"Supervalue, Inc.","Supervalue, Inc.",000-144-976-00057,SM Megamall Bldg. A Edsa Wack-Wack Greenhills City of Mandaluyong Second District 1555,,Carnival Sce Cont (1x ₱345.5),General,345.5,,308.48,37.02,Yes,Podium,Cash,,Imported from accounting CSV,2025-06-27T04:56:56.565Z,
2025-05-21,M.D.R Consumer Goods Trading,M.D.R Consumer Goods Trading,420-986-840-00000,"Manggahan Commonwealth 1121 Quezon City NCR, 2nd District",,Various Consumable Goods (1x ₱2822.4),General,2822.4,,2,302.4,Yes,Podium,Cash,,Imported from accounting CSV,2025-06-27T04:56:56.565Z,
2025-05-21,"Supervalue, Inc.","Supervalue, Inc.",000-144-976-00057,SM Megamall Bldg. A Edsa Wack-Wack Greenhills City of Mandaluyong Second District 1555,,Carnival Sce Cont (1x ₱1560),General,1560,,1,167.14,Yes,Podium,Cash,,Imported from accounting CSV,2025-06-27T04:56:56.565Z,
2025-05-24,"Supervalue, Inc.","Supervalue, Inc.",000-144-976-00057,SM Megamall Bldg. A Edsa Wack-Wack Greenhills City of Mandaluyong Second District 1555,,Various Consumable Goods (1x ₱430.5),General,430.5,,384.38,46.13,Yes,Podium,Cash,,Imported from accounting CSV,2025-06-27T04:56:56.566Z,
2025-05-23,Ivoryway Company Inc.,Ivoryway Company Inc.,203-802-940-00000,"42 Sct Bayoran South Triangle 1103 Quezon City NCR, Second District Philippines",,TUBE ICE (1x ₱112.5),General,112.5,,100.45,12.05,Yes,Podium,Cash,,Imported from accounting CSV,2025-06-27T04:56:56.566Z,
2025-05-23,"Supervalue, Inc.","Supervalue, Inc.",000-144-976-00057,SM Megamall Bldg. A Edsa Wack-Wack Greenhills City of Mandaluyong Second District 1555,,Various Consumable Goods (1x ₱717),General,717,,525.89,63.11,Yes,Podium,Cash,,Imported from accounting CSV,2025-06-27T04:56:56.566Z,
2025-05-25,Ivoryway Company Inc.,Ivoryway Company Inc.,203-802-940-00000,"42 Sct Bayoran South Triangle 1103 Quezon City NCR, Second District Philippines",,TUBE ICE (1x ₱135),General,135,,120.54,14.46,Yes,Podium,Cash,,Imported from accounting CSV,2025-06-27T04:56:56.567Z,
2025-05-27,For the Love of Food Inc.,For the Love of Food Inc.,600-238-381-000,"The Daily Cut, Ortigas Center Mandaluyong City NCR 1550",,Golden Ticket (1x ₱700),General,700,,625,75,Yes,Podium,Cash,,Imported from accounting CSV,2025-06-27T04:56:56.567Z,
2025-05-26,Ivoryway Company Inc.,Ivoryway Company Inc.,203-802-940-00000,"42 Sct Bayoran South Triangle 1103 Quezon City NCR, Second District Philippines",,TUBE ICE (1x ₱180),General,180,,160.71,19.29,Yes,Podium,Cash,,Imported from accounting CSV,2025-06-27T04:56:56.567Z,
2025-05-25,"Supervalue, Inc.","Supervalue, Inc.",000-144-976-00003,"SM Megamall Bldg B, J.Vargas St. Wack Wack Greenhills City of Mandaluyong Second District 1550",,Various Consumable Goods (1x ₱773),General,773,,690.18,82.82,Yes,Podium,Cash,,Imported from accounting CSV,2025-06-27T04:56:56.567Z,
2025-05-29,Kareila Mngt. Corp,Kareila Mngt. Corp,246-969-491-009,514 Shaw Boulevard Corner Laurel St. Mandaluyong City,,Whipping Cream (1x ₱1756),General,1756,,1,188.14,Yes,Podium,Cash,,Imported from accounting CSV,2025-06-27T04:56:56.568Z,
2025-05-27,"Super Shopping Market, Inc.","Super Shopping Market, Inc.",209-609-185-00008,"SM City North Edsa Cor North Ave, Quezon City",,White Usgar (1x ₱184.35); Condensed (1x ₱184.35); Evap (1x ₱184.35); Customer Tissue (1x ₱184.35); Paper Towel (1x ₱184.35),General,921.75,,822.99,98.76,Yes,Podium,Credit Card,Store,Imported from accounting CSV | Merged with additional CSV data,2025-06-27T04:56:56.568Z,2025-06-27T16:51:25.465Z
2025-05-28,Ivoryway Company Inc.,Ivoryway Company Inc.,203-802-940-00000,"42 Sct Bayoran South Triangle 1103 Quezon City NCR, Second District Philippines",,TUBE ICE (1x ₱67.5),General,67.5,,60.27,7.23,Yes,Podium,Cash,,Imported from accounting CSV,2025-06-27T04:56:56.568Z,
2025-05-27,Ivoryway Company Inc.,Ivoryway Company Inc.,203-802-940-00000,"42 Sct Bayoran South Triangle 1103 Quezon City NCR, Second District Philippines",,TUBE ICE (1x ₱180),General,180,,160.71,19.29,Yes,Podium,Cash,,Imported from accounting CSV,2025-06-27T04:56:56.568Z,
2025-05-30,For the Love of Food Inc.,For the Love of Food Inc.,600-238-381-000,Ortigas Center Mandaluyong 1550,,Golden Ticket (1x ₱1400),General,1400,,1,150,Yes,Podium,Cash,,Imported from accounting CSV,2025-06-27T04:56:56.569Z,
2025-05-24,Frances May Pauline S. Tutor - Prop.,Frances May Pauline S. Tutor - Prop.,711-904-153-00000,"B6 L42 Palmera Homes Nova East Barangay 177 Camarin 1400 Caloocan City NCR, Third District Philippines",,Various Supplies (1x ₱1728),General,1728,,1,185.14,Yes,Podium,Cash,,Imported from accounting CSV,2025-06-27T04:56:56.569Z,
2025-05-28,Reenvio food and beverages,Reenvio food and beverages,245-968-813-00000,"16 Gladiola St., Araneta University Village, potrero District II 1475, Malabon City NCR, Third District",,Strawberry fruit mix (1x ₱1144),General,1144,,1,122.57,Yes,Podium,Cash,,Imported from accounting CSV,2025-06-27T04:56:56.569Z,
2025-05-30,"Supervalue, Inc.","Supervalue, Inc.",000-144-976-00003,"SM Megamall Bldg B, J.Vargas St. Wack Wack Greenhills City of Mandaluyong Second District 1550",,Arla Full CreamMlk (1x ₱916),General,916,,817.86,98.14,Yes,Podium,Cash,,Imported from accounting CSV,2025-06-27T04:56:56.569Z,
2025-05-29,"Supervalue, Inc.","Supervalue, Inc.",000-144-976-00057,SM Megamall Bldg. A Edsa Wack-Wack Greenhills City of Mandaluyong Second District 1555,,Various Consumable Goods (1x ₱1612.25),General,1612.25,,1,172.74,Yes,Podium,Cash,,Imported from accounting CSV,2025-06-27T04:56:56.570Z,
2025-05-30,Powerfoods Marketing International Inc.,Powerfoods Marketing International Inc.,007-494-702-00000,"G/F JAAA Bldg. 69 Apo St., Barangka Ilaya 1550, City of Mandaluyong NCR, 2nd District Philippines",,Monin Fruit Mix Strawberry (1x ₱990),General,990,,883.93,106.07,Yes,Podium,Cash,,Imported from accounting CSV,2025-06-27T04:56:56.570Z,
2025-05-30,Ivoryway Company Inc.,Ivoryway Company Inc.,203-802-940-00000,"42 Sct Bayoran South Triangle 1103 Quezon City NCR, Second District Philippines",,TUBE ICE (1x ₱112.5),General,112.5,,100.45,12.05,Yes,Podium,Cash,Store,Imported from accounting CSV | Merged with additional CSV data,2025-06-27T04:56:56.570Z,2025-06-27T16:51:25.466Z
2025-05-30,Gavinos Group Inc.,Gavinos Group Inc.,010-607-022-00000,"1772 Gen E. Evangelista St., Bangkal 1233 Makati City NCR, Fourth District Phlippines",,Whipping Cream (1x ₱1520),General,1520,,1,162.86,Yes,Podium,Cash,,Imported from accounting CSV,2025-06-27T04:56:56.570Z,
2025-05-02,The Landmark Corporation,The Landmark Corporation,000-148-285-00001,"Three Parkade Building 30th St. Cor. Lane A Fort Bonfiacio BGC, Taguig",,Various Consumable Goods (1x ₱2246.61),General,2246.61,,2,240.71,Yes,Imported,Cash,,Imported from accounting CSV,2025-06-27T04:56:56.571Z,
2025-05-31,Ivoryway Company Inc.,Ivoryway Company Inc.,203-802-940-00000,"42 Sct Bayoran South Triangle 1103 Quezon City NCR, Second District Philippines",,TUBE ICE (1x ₱112.5),General,112.5,,100.45,12.05,Yes,Podium,Cash,,Imported from accounting CSV,2025-06-27T04:56:56.571Z,
2025-05-31,M.D.R Consumer Goods Trading,M.D.R Consumer Goods Trading,420-986-840-00000,"Manggahan Commonwealth 1121 Quezon City NCR, 2nd District",,Laciate FCM (1x ₱2700),General,2700,,2,289.29,Yes,Podium,Cash,,Imported from accounting CSV,2025-06-27T04:56:56.571Z,
2025-05-02,Allegro Beverage Corporation,Allegro Beverage Corporation,203-457-225-00003,"Jang Bldg., Gov. M. Cuenco Ave,. Banilad, 6000 Cebu City",,OATSIDE PLAIN OAT MILK BARISTA EDITION (1x ₱3810),General,3810,,3,408.21,Yes,Imported,Cash,,Imported from accounting CSV,2025-06-27T04:56:56.571Z,
2025-05-03,Robinson's Supermarket Corporation,Robinson's Supermarket Corporation,000-405-340-109,"8 Forbes Town Center, Bonifacio Global City, Fort Bonifacio, Taguig City, NCR, Fourth District",,Various Consumable Goods (1x ₱2414),General,2414,,2,258.64,Yes,Imported,Cash,,Imported from accounting CSV,2025-06-27T04:56:56.572Z,
2025-05-04,AAB Baking Goods and Supplies Inc.,AAB Baking Goods and Supplies Inc.,008-196-741-00003,"Unit B107 A&B UpTown Mall, 9th Avenue Fort Bonifacio, Taguig City",,Various Consumable Goods (1x ₱415),General,415,,370.54,44.46,Yes,Imported,Cash,,Imported from accounting CSV,2025-06-27T04:56:56.572Z,
2025-05-03,Robinson's Supermarket Corporation,Robinson's Supermarket Corporation,000-405-340-109,"8 Forbes Town Center, Bonifacio Global City, Fort Bonifacio, Taguig City, NCR, Fourth District",,Various Consumable Goods (1x ₱163),General,163,,145.54,17.46,Yes,Imported,Cash,,Imported from accounting CSV,2025-06-27T04:56:56.572Z,
2025-05-04,Robinson's Supermarket Corporation,Robinson's Supermarket Corporation,000-405-340-109,"8 Forbes Town Center, Bonifacio Global City, Fort Bonifacio, Taguig City, NCR, Fourth District",,Absolute 6L (1x ₱98.75); Devondale (1x ₱98.75),General,197.5,,176.34,21.16,Yes,Imported,Cash,,Imported from accounting CSV,2025-06-27T04:56:56.572Z,
2025-05-03,Pizzulu Food Corporation,Pizzulu Food Corporation,010-515-689-00001,"Unit R101 Eight Forbes Town Centre, Bonifacio Global City, Fort Bonifacio 1634 Taguig City NCR, Fourth District Philippines",,Meals (1x ₱1612.14),General,1612.14,,1,158.57,Yes,Imported,Cash,,Imported from accounting CSV,2025-06-27T04:56:56.572Z,
2025-05-09,The Landmark Manila Bay Corporation,The Landmark Manila Bay Corporation,733-284-869-000,Pres Diosdado Macapagal Cor Aseana Ave Aseana City Tambo Paranaque City 1700,,Absolute 8L (1x ₱3729.4),General,3729.4,,3,390.47,Yes,Imported,Cash,,Imported from accounting CSV,2025-06-27T04:56:56.573Z,
2025-05-04,Robinson's Supermarket Corporation,Robinson's Supermarket Corporation,000-405-340-109,"8 Forbes Town Center, Bonifacio Global City, Fort Bonifacio, Taguig City, NCR, Fourth District",,Ice (1x ₱250),General,250,,223.21,26.79,Yes,Imported,Cash,,Imported from accounting CSV,2025-06-27T04:56:56.573Z,
2025-05-04,Robinson's Supermarket Corporation,Robinson's Supermarket Corporation,000-405-340-109,"8 Forbes Town Center, Bonifacio Global City, Fort Bonifacio, Taguig City, NCR, Fourth District",,Vita coco Coconut 1L (1x ₱124),General,124,,110.71,13.29,Yes,Imported,Cash,,Imported from accounting CSV,2025-06-27T04:56:56.573Z,
2025-05-10,The Landmark Manila Bay Corporation,The Landmark Manila Bay Corporation,733-284-869-000,Pres Diosdado Macapagal Cor Aseana Ave Aseana City Tambo Paranaque City 1700,,Absolute 8L (1x ₱89.5),General,89.5,,79.91,9.59,Yes,Imported,Cash,,Imported from accounting CSV,2025-06-27T04:56:56.574Z,
2025-05-09,The Landmark Manila Bay Corporation,The Landmark Manila Bay Corporation,733-284-869-000,Pres Diosdado Macapagal Cor Aseana Ave Aseana City Tambo Paranaque City 1700,,Absolute 8L (1x ₱107.25),General,107.25,,95.76,11.49,Yes,Imported,Cash,,Imported from accounting CSV,2025-06-27T04:56:56.574Z,
2025-05-11,The Landmark Manila Bay Corporation,The Landmark Manila Bay Corporation,733-284-869-000,Pres Diosdado Macapagal Cor Aseana Ave Aseana City Tambo Paranaque City 1700,,Absolute 8L (1x ₱1758.3),General,1758.3,,1,188.39,Yes,Imported,Credit Card,Store,Imported from accounting CSV | Merged with additional CSV data,2025-06-27T04:56:56.575Z,2025-06-27T16:51:25.464Z
2025-05-11,Cab Filipino Food Concepts Inc.,Cab Filipino Food Concepts Inc.,0008-692-894-000,008-666-719-00001,,Meals (1x ₱3816),General,3816,,2,337.88,Yes,Imported,Cash,,Imported from accounting CSV,2025-06-27T04:56:56.575Z,
2025-05-10,Green Portos Dev't Corporation,Green Portos Dev't Corporation,0008-692-894-000,"Urbiztondo, San Juan, La Union",,Meals (1x ₱3084.78),General,3084.78,,2,330.51,Yes,Imported,Cash,,Imported from accounting CSV,2025-06-27T04:56:56.575Z,
2025-05-11,The Landmark Manila Bay Corporation,The Landmark Manila Bay Corporation,733-284-869-000,Pres Diosdado Macapagal Cor Aseana Ave Aseana City Tambo Paranaque City 1700,,Various Consumable Goods (1x ₱189),General,189,,168.75,20.25,Yes,Imported,Cash,,Imported from accounting CSV,2025-06-27T04:56:56.576Z,
2025-05-11,The Landmark Manila Bay Corporation,The Landmark Manila Bay Corporation,733-284-869-000,Pres Diosdado Macapagal Cor Aseana Ave Aseana City Tambo Paranaque City 1700,,Absolute 8L (1x ₱89.5),General,89.5,,79.91,9.59,Yes,Imported,Cash,,Imported from accounting CSV,2025-06-27T04:56:56.576Z,
2025-05-11,The Landmark Manila Bay Corporation,The Landmark Manila Bay Corporation,733-284-869-000,Pres Diosdado Macapagal Cor Aseana Ave Aseana City Tambo Paranaque City 1700,,Various Consumable Goods (1x ₱665.2),General,665.2,,593.93,71.27,Yes,Imported,Cash,,Imported from accounting CSV,2025-06-27T04:56:56.576Z,
2025-05-12,The Landmark Corporation,The Landmark Corporation,000-148-285-00001,"Three Parkade Building 30th St. Cor. Lane A Fort Bonfiacio BGC, Taguig",,Various Consumable Goods (1x ₱3965),General,3965,,3,362.96,Yes,Imported,Cash,,Imported from accounting CSV,2025-06-27T04:56:56.577Z,
2025-05-12,The Landmark Corporation,The Landmark Corporation,000-148-285-00001,"Three Parkade Building 30th St. Cor. Lane A Fort Bonfiacio BGC, Taguig",,Various Consumable Goods (1x ₱2354.25),General,2354.25,,2,252.24,Yes,Imported,Cash,,Imported from accounting CSV,2025-06-27T04:56:56.577Z,
2025-05-14,"Supervalue, Inc.","Supervalue, Inc.",000-144-976-00003,"SM Megamall Bldg. A,Edsa Wack Wack Greenhills 1555 City of Mandaluyong Second District Philippines",,Various Consumable Goods (1x ₱54.5),General,54.5,,48.66,5.84,Yes,Imported,Cash,,Imported from accounting CSV,2025-06-27T04:56:56.578Z,
2025-05-14,"Supervalue, Inc.","Supervalue, Inc.",000-144-976-00003,"SM Megamall Bldg. A,Edsa Wack Wack Greenhills 1555 City of Mandaluyong Second District Philippines",,Various Consumable Goods (1x ₱72.75),General,72.75,,64.96,7.79,Yes,Imported,Cash,,Imported from accounting CSV,2025-06-27T04:56:56.578Z,
2025-05-13,First Asia Realty Development Corp,First Asia Realty Development Corp,000-159-510-00000,"Basement Building A, SM Megamall, Dona Julia Vargas Avenue, Wack Wack Greenhills east City of Mandaluyong",,Rental (1x ₱20200),General,20200,,18,2,Yes,Imported,Cash,,Imported from accounting CSV,2025-06-27T04:56:56.578Z,
2025-05-15,AAB Baking Goods and Supplies Inc.,AAB Baking Goods and Supplies Inc.,008-196-741-00003,"Unit B107 A&B UpTown Mall, 9th Avenue Fort Bonifacio, Taguig City",,Various Consumable Goods (1x ₱180),General,180,,160.71,19.29,Yes,Imported,Cash,,Imported from accounting CSV,2025-06-27T04:56:56.579Z,
2025-05-15,"Supervalue, Inc.","Supervalue, Inc.",000-144-976-00003,"SM Megamall Bldg. A,Edsa Wack Wack Greenhills 1555 City of Mandaluyong Second District Philippines",,Supermarket (1x ₱1287),General,1339.75,,1,143.54,Yes,Imported,Cash,Store,Imported from accounting CSV | Merged with additional CSV data,2025-06-27T04:56:56.579Z,2025-06-27T16:51:25.464Z
2025-05-15,Robinson's Supermarket Corporation,Robinson's Supermarket Corporation,000-405-340-350,The Marketplace Uptown Place Mall Unit B101A Uptown Place Mall 38th St Taguig City,,Various Consumable Goods (1x ₱349.5),General,349.5,,312.05,37.45,Yes,Imported,Cash,,Imported from accounting CSV,2025-06-27T04:56:56.580Z,
2025-05-16,"Supervalue, Inc.","Supervalue, Inc.",000-144-976-00003,"SM Megamall Bldg. A,Edsa Wack Wack Greenhills 1555 City of Mandaluyong Second District Philippines",,Various Consumable Goods (1x ₱573),General,573,,511.6,61.4,Yes,Imported,Cash,,Imported from accounting CSV,2025-06-27T04:56:56.580Z,
2025-05-16,"Supervalue, Inc.","Supervalue, Inc.",000-144-976-00003,"SM Megamall Bldg. A,Edsa Wack Wack Greenhills 1555 City of Mandaluyong Second District Philippines",,Cookies (1x ₱500),General,498,,444.64,53.36,Yes,Imported,Cash,Store,Imported from accounting CSV | Merged with additional CSV data,2025-06-27T04:56:56.580Z,2025-06-27T16:51:25.464Z
2025-05-18,"Supervalue, Inc.","Supervalue, Inc.",000-144-976-00003,"SM Megamall Bldg. A,Edsa Wack Wack Greenhills 1555 City of Mandaluyong Second District Philippines",,Various Consumable Goods (1x ₱533),General,533,,475.89,57.11,Yes,Imported,Cash,,Imported from accounting CSV,2025-06-27T04:56:56.581Z,
2025-05-19,"Supervalue, Inc.","Supervalue, Inc.",000-144-976-00003,"SM Megamall Bldg. A,Edsa Wack Wack Greenhills 1555 City of Mandaluyong Second District Philippines",,Strawberry can (1x ₱231.5),General,231.5,,206.7,24.8,Yes,Imported,Cash,,Imported from accounting CSV,2025-06-27T04:56:56.581Z,
2025-05-19,"Supervalue, Inc.","Supervalue, Inc.",000-144-976-00003,"SM Megamall Bldg. A,Edsa Wack Wack Greenhills 1555 City of Mandaluyong Second District Philippines",,Various Consumable Goods (1x ₱345.5),General,345.5,,308.48,37.02,Yes,Imported,Cash,,Imported from accounting CSV,2025-06-27T04:56:56.581Z,
2025-05-18,"Supervalue, Inc.","Supervalue, Inc.",000-144-976-00003,"SM Megamall Bldg. A,Edsa Wack Wack Greenhills 1555 City of Mandaluyong Second District Philippines",,Various Consumable Goods (1x ₱658.5),General,658.5,,587.94,70.56,Yes,Imported,Cash,,Imported from accounting CSV,2025-06-27T04:56:56.581Z,
2025-05-19,Reenvio food and beverages,Reenvio food and beverages,245-968-813-00000,"16 Gladiola St., Araneta University Village, potrero District II 1475, Malabon City NCR, Third District",,Strawberry fruit mix (1x ₱1144),General,1144,,1,122.57,Yes,SMNE,Cash,,Imported from accounting CSV,2025-06-27T04:56:56.582Z,
2025-05-21,M.D.R Consumer Goods Trading,M.D.R. Consumer Goods Trading,420-986-840-00000,"178 Bicoleyte St. Manggahan Commonwealth 1121 Quezon City NCR, Second District Philippines",,Various Consumable Goods (1x ₱2840),General,2840,,2,340.8,Yes,SMNE,Cash,,Imported from accounting CSV,2025-06-27T04:56:56.582Z,
2025-05-21,"Supervalue, Inc.","Supervalue, Inc.",000-144-976-00003,"SM Megamall Bldg. A,Edsa Wack Wack Greenhills 1555 City of Mandaluyong Second District Philippines",,Strawberry can (1x ₱1148.5),General,1148.5,,1,123.05,Yes,Imported,Cash,,Imported from accounting CSV,2025-06-27T04:56:56.582Z,
2025-05-20,"Super Shopping Market, Inc.","Super Shopping Market, Inc.",209-609-185-00008,"SM City North Edsa Cor North Ave, Quezon City",,Whipping Cream (1x ₱500.5); Condensed Milk (1x ₱500.5),General,1001,,893.75,107.25,Yes,SMNE,Cash,,Imported from accounting CSV,2025-06-27T04:56:56.582Z,
2025-05-22,"Supervalue, Inc.","Supervalue, Inc.",000-144-976-00003,"SM Megamall Bldg. A,Edsa Wack Wack Greenhills 1555 City of Mandaluyong Second District Philippines",,Vita coco Coconut 1L (1x ₱119.5),General,119.5,,106.7,12.8,Yes,Imported,Cash,,Imported from accounting CSV,2025-06-27T04:56:56.583Z,
2025-05-22,"Supervalue, Inc.","Supervalue, Inc.",000-144-976-00003,"SM Megamall Bldg. A,Edsa Wack Wack Greenhills 1555 City of Mandaluyong Second District Philippines",,Strawberry can (1x ₱99.5),General,99.5,,88.84,10.66,Yes,Imported,Cash,,Imported from accounting CSV,2025-06-27T04:56:56.583Z,
2025-05-23,"Supervalue, Inc.","Supervalue, Inc.",000-144-976-00003,"SM Megamall Bldg. A,Edsa Wack Wack Greenhills 1555 City of Mandaluyong Second District Philippines",,Various Consumable Goods (1x ₱876),General,876,,782.14,93.86,Yes,Imported,Cash,,Imported from accounting CSV,2025-06-27T04:56:56.583Z,
2025-05-22,"Supervalue, Inc.","Supervalue, Inc.",000-144-976-00003,"SM Megamall Bldg. A,Edsa Wack Wack Greenhills 1555 City of Mandaluyong Second District Philippines",,Various Consumable Goods (1x ₱825.5),General,825.5,,737.05,88.45,Yes,Imported,Cash,,Imported from accounting CSV,2025-06-27T04:56:56.583Z,
2025-05-24,"Supervalue, Inc.","Supervalue, Inc.",000-144-976-00003,"SM Megamall Bldg. A,Edsa Wack Wack Greenhills 1555 City of Mandaluyong Second District Philippines",,Water 6.6L (1x ₱54.5),General,54.5,,48.66,5.84,Yes,Imported,Cash,,Imported from accounting CSV,2025-06-27T04:56:56.584Z,
2025-05-23,Alain S. Grageda,Alain S. Grageda,273-916-795-00000,"151 Dao St., Marikina Heights Concepcion 1810, City of Marikina NCR, Second District Philippines",,Meals (1x ₱4885.27),General,4885.27,,3,385.86,Yes,Imported,Cash,,Imported from accounting CSV,2025-06-27T04:56:56.584Z,
2025-05-25,"Supervalue, Inc.","Supervalue, Inc.",000-144-976-00003,"SM Megamall Bldg. A,Edsa Wack Wack Greenhills 1555 City of Mandaluyong Second District Philippines",,Various Consumable Goods (1x ₱1105.5),General,1105.5,,987.05,118.45,Yes,Imported,Cash,,Imported from accounting CSV,2025-06-27T04:56:56.584Z,
2025-05-24,"Supervalue, Inc.","Supervalue, Inc.",000-144-976-00003,"SM Megamall Bldg. A,Edsa Wack Wack Greenhills 1555 City of Mandaluyong Second District Philippines",,Various Consumable Goods (1x ₱1305.75),General,1305.75,,1,139.9,Yes,Imported,Cash,,Imported from accounting CSV,2025-06-27T04:56:56.584Z,
2025-05-25,The Corner Market,,,,,Rental (1x ₱92819.74),General,92819.74,,,,No,SM North,Cash,,Imported from accounting CSV,2025-06-27T04:56:56.585Z,2025-10-18T07:52:49.761Z
2025-05-25,"Supervalue, Inc.","Supervalue, Inc.",000-144-976-00003,"SM Megamall Bldg. A,Edsa Wack Wack Greenhills 1555 City of Mandaluyong Second District Philippines",,Various Consumable Goods (1x ₱1011.25),General,1011.25,,902.9,108.35,Yes,Imported,Cash,,Imported from accounting CSV,2025-06-27T04:56:56.585Z,
2025-05-25,"LawinLima, Inc.","LawinLima, Inc.",009-857-507-006,"KC 422 Cyberzone, SM Megamall, Julia Vargas Avenue, Mandaluyong City",,Adaptor Banin Cable (1x ₱699),General,699,,624.11,74.89,Yes,Imported,Cash,,Imported from accounting CSV,2025-06-27T04:56:56.585Z,
2025-05-25,The Corner Market,"Common Ground Food Specialists, Inc.",009-481-918-00000,2486 Taft Avenue Barangay 93 Pasay City,,,Leasing,,,,,No,SM North,Cash,,Imported from accounting CSV,2025-06-27T04:56:56.585Z,2025-10-17T17:46:11.936Z
2025-05-29,Robinson's Supermarket Corporation,Robinson's Supermarket Corporation,000-405-340-350,The Marketplace Uptown Place Mall Unit B101A Uptown Place Mall 38th St Taguig City,,Various Consumable Goods (1x ₱1245.25),General,1245.25,,1,133.42,Yes,Imported,Cash,,Imported from accounting CSV,2025-06-27T04:56:56.586Z,
2025-05-29,Powerfoods Marketing International Inc.,Powerfoods Marketing International Inc.,007-494-702-00000,"G/F JAAA Building 69 Apo St. Barangka Ilaya 1550 City of Mandaluyong NCR, Second District",,Various Consumable Goods (1x ₱1980),General,1980,,1,212.14,Yes,Imported,Cash,,Imported from accounting CSV,2025-06-27T04:56:56.586Z,
2025-05-29,AAB Baking Goods and Supplies Inc.,AAB Baking Goods and Supplies Inc.,008-196-741-00003,"Unit B107 A&B UpTown Mall, 9th Avenue Fort Bonifacio, Taguig City",,DLA Mango (1x ₱294.5); Strawberry (1x ₱294.5),General,589,,525.89,63.11,Yes,Imported,Cash,,Imported from accounting CSV,2025-06-27T04:56:56.586Z,
2025-05-26,AAB Baking Goods and Supplies Inc.,AAB Baking Goods and Supplies Inc.,008-196-741-00003,"Unit B107 A&B UpTown Mall, 9th Avenue Fort Bonifacio, Taguig City",,DLA Mango (1x ₱267.5); Strawberry (1x ₱267.5),General,535,,477.68,57.32,Yes,Imported,Cash,,Imported from accounting CSV,2025-06-27T04:56:56.586Z,
2025-05-29,Robinson's Supermarket Corporation,Robinson's Supermarket Corporation,000-405-340-109,"8 Forbes Town Center, Bonifacio Global City, Fort Bonifacio, Taguig City, NCR, Fourth District",,Various Consumable Goods (1x ₱563),General,563,,502.68,60.32,Yes,Imported,Cash,,Imported from accounting CSV,2025-06-27T04:56:56.587Z,
2025-05-31,Tiger Resort Leisure & Entertainment Inc.,Tiger Resort Leisure & Entertainment Inc.,007-054-856-00000,"Okada Manila, New Seaside Drive, Entertainment City, Tambo, City of Parañaque NCR, Fourth DIstrict, Philippines 1700",,Meals (1x ₱3170.63),General,3170.63,,2,339.71,Yes,Imported,Cash,,Imported from accounting CSV,2025-06-27T04:56:56.587Z,
2025-05-29,Alyssa Ann Kamille A. Co-Prop,Alyssa Ann Kamille A. Co-Prop,427-330-896-00000,"170B Wilson St., Brgy. Maytunas, 1500 San Juan City",,Supermarket (1x ₱916),General,945,,843.75,101.25,Yes,Imported,Cash,Store,Imported from accounting CSV | Merged with additional CSV data,2025-06-27T04:56:56.587Z,2025-06-27T16:51:25.465Z
2025-03-01,Robinson's Supermarket Corp.,Robinson's Supermarket Corp.,000-405-340-00351,"LG/F IL Terrazzo Tomas Morato Cor. Sct. Madrinan South Triangle 1103, Quezon City, NCR, 2nd District Philippines",,Oatside (1x ₱820.5),General,820.5,,732.59,87.91,Yes,Imported,Cash,,Imported from accounting CSV,2025-06-27T04:56:56.587Z,
2025-03-02,"Super Shopping Market, Inc.","Super Shopping Market, Inc.",209-609-185-00008,"SM City North Edsa Cor North Ave, Quezon City",,Whipping Cream (1x ₱911),General,911,,813.39,97.61,Yes,Imported,Cash,,Imported from accounting CSV,2025-06-27T04:56:56.588Z,
2025-03-02,Ivoryway Company Inc.,Ivoryway Company Inc.,203-802-940-00000,"42 Set Bayoran South Triangle 1103 Quezon City NCR, Second District Philippines",,TUBE ICE (1x ₱225),General,225,,200.89,24.11,Yes,Imported,Cash,,Imported from accounting CSV,2025-06-27T04:56:56.588Z,
2025-03-01,Ivoryway Company Inc.,Ivoryway Company Inc.,203-802-940-00000,"42 Set Bayoran South Triangle 1103 Quezon City NCR, Second District Philippines",,TUBE ICE (1x ₱180),General,180,,160.71,19.29,Yes,Imported,Cash,,Imported from accounting CSV,2025-06-27T04:56:56.588Z,
2025-03-01,"Super Shopping Market, Inc.","Super Shopping Market, Inc.",209-609-185-00008,"SM City North Edsa Cor North Ave, Quezon City",,Whipping Cream (1x ₱812),General,812,,725,87,Yes,Imported,Cash,,Imported from accounting CSV,2025-06-27T04:56:56.588Z,
2025-03-04,Ivoryway Company Inc.,Ivoryway Company Inc.,203-802-940-00000,"42 Set Bayoran South Triangle 1103 Quezon City NCR, Second District Philippines",,TUBE ICE (1x ₱90),General,90,,80.36,9.64,Yes,Imported,Cash,,Imported from accounting CSV,2025-06-27T04:56:56.589Z,
2025-03-02,Ivoryway Company Inc.,Ivoryway Company Inc.,203-802-940-00000,"42 Set Bayoran South Triangle 1103 Quezon City NCR, Second District Philippines",,TUBE ICE (1x ₱252),General,252,,225,27,Yes,Imported,Cash,,Imported from accounting CSV,2025-06-27T04:56:56.589Z,
2025-03-03,"Super Shopping Market, Inc.","Super Shopping Market, Inc.",209-609-185-00008,"SM City North Edsa Cor North Ave, Quezon City",,Various Consumable Goods (1x ₱1256),General,1256,,1,134.57,Yes,Imported,Cash,,Imported from accounting CSV,2025-06-27T04:56:56.589Z,
2025-03-03,Ivoryway Company Inc.,Ivoryway Company Inc.,203-802-940-00000,"42 Set Bayoran South Triangle 1103 Quezon City NCR, Second District Philippines",,TUBE ICE (1x ₱135),General,135,,120.54,14.46,Yes,Imported,Cash,,Imported from accounting CSV,2025-06-27T04:56:56.589Z,
2025-03-04,"Supervalue, Inc.","Supervalue, Inc.",000-144-976-00057,"SM Megamall Bldg B, J.Vargas St. Wack Wack Greenhills City of Mandaluyong Second District 1550",,Various Consumable Goods (1x ₱1529.5),General,1529.5,,1,163.88,Yes,Imported,Cash,,Imported from accounting CSV,2025-06-27T04:56:56.590Z,
2025-03-04,Ivoryway Company Inc.,Ivoryway Company Inc.,203-802-940-00000,"42 Set Bayoran South Triangle 1103 Quezon City NCR, Second District Philippines",,TUBE ICE (1x ₱90),General,90,,80.36,9.64,Yes,Imported,Cash,,Imported from accounting CSV,2025-06-27T04:56:56.590Z,
2025-03-05,"Super Shopping Market, Inc.","Super Shopping Market, Inc.",209-609-185-00008,"SM City North Edsa Cor North Ave, Quezon City",,Various Consumable Goods (1x ₱1214.5),General,1214.5,,1,130.13,Yes,Imported,Cash,,Imported from accounting CSV,2025-06-27T04:56:56.590Z,
2025-03-05,Ivoryway Company Inc.,Ivoryway Company Inc.,203-802-940-00000,"42 Set Bayoran South Triangle 1103 Quezon City NCR, Second District Philippines",,TUBE ICE (1x ₱135),General,135,,120.54,14.46,Yes,Imported,Cash,,Imported from accounting CSV,2025-06-27T04:56:56.590Z,
2025-03-05,Renielle B. Rebadomia - Prop. - BOXPACKERS CONSUMER GOODS TRADING,Renielle B. Rebadomia - Prop. - BOXPACKERS CONSUMER GOODS TRADING,325-157-926-00000,"12 Rhapsody Cor. Aria St., Sta. Cecilia Village Talon Dos 1747, City of Las Pinas NCR, 4th District",,Various Consumable Goods (1x ₱224),General,224,,200,24,Yes,Imported,Cash,,Imported from accounting CSV,2025-06-27T04:56:56.591Z,
2025-03-05,Ivoryway Company Inc.,Ivoryway Company Inc.,203-802-940-00000,"42 Set Bayoran South Triangle 1103 Quezon City NCR, Second District Philippines",,TUBE ICE (1x ₱225),General,225,,200.89,24.11,Yes,Imported,Cash,,Imported from accounting CSV,2025-06-27T04:56:56.591Z,
2025-03-05,Kareila Mngt. Corp,Kareila Mngt. Corp,246-969-491-009,514 Shaw Boulevard Corner Laurel St. Mandaluyong City,,Various Goods (1x ₱792),General,792,,707.14,84.86,Yes,Imported,Cash,,Imported from accounting CSV,2025-06-27T04:56:56.591Z,
2025-03-05,For the Love of Food Inc.,For the Love of Food Inc.,600-238-381-000,Ortigas Center Mandaluyong 1550,,Golden Ticket 1kg (1x ₱1750),General,1750,,1,187.5,Yes,Imported,Cash,,Imported from accounting CSV,2025-06-27T04:56:56.591Z,
2025-03-06,"Super Shopping Market, Inc.","Super Shopping Market, Inc.",209-609-185-00008,"SM City North Edsa Cor North Ave, Quezon City",,SM Bonus Distilled Water (1x ₱160),General,160,,142.86,17.14,Yes,Imported,Cash,,Imported from accounting CSV,2025-06-27T04:56:56.592Z,
2025-03-06,"Supervalue, Inc.","Supervalue, Inc.",000-144-976-00003,"SM Megamall Bldg B, J.Vargas St. Wack Wack Greenhills City of Mandaluyong Second District 1550",,Various Consumable Goods (1x ₱1567.5),General,1567.5,,1,167.95,Yes,Imported,Cash,,Imported from accounting CSV,2025-06-27T04:56:56.592Z,
2025-03-06,Ivoryway Company Inc.,Ivoryway Company Inc.,203-802-940-00000,"42 Set Bayoran South Triangle 1103 Quezon City NCR, Second District Philippines",,TUBE ICE (1x ₱135),General,135,,120.54,14.46,Yes,Imported,Cash,,Imported from accounting CSV,2025-06-27T04:56:56.592Z,
2025-03-06,Ivoryway Company Inc.,Ivoryway Company Inc.,203-802-940-00000,"42 Set Bayoran South Triangle 1103 Quezon City NCR, Second District Philippines",,TUBE ICE (1x ₱157.5),General,157.5,,140.63,16.88,Yes,Imported,Cash,,Imported from accounting CSV,2025-06-27T04:56:56.592Z,
2025-03-07,"Super Shopping Market, Inc.","Super Shopping Market, Inc.",209-609-185-00008,"SM City North Edsa Cor North Ave, Quezon City",,Various Consumable Goods (1x ₱1267.25),General,1267.25,,1,135.78,Yes,Imported,Cash,,Imported from accounting CSV,2025-06-27T04:56:56.593Z,
2025-03-07,Ivoryway Company Inc.,Ivoryway Company Inc.,203-802-940-00000,"42 Set Bayoran South Triangle 1103 Quezon City NCR, Second District Philippines",,TUBE ICE (1x ₱112.5),General,112.5,,100.45,12.05,Yes,Imported,Cash,,Imported from accounting CSV,2025-06-27T04:56:56.593Z,
2025-03-07,"Supervalue, Inc.","Supervalue, Inc.",000-144-976-00057,"SM Megamall Bldg B, J.Vargas St. Wack Wack Greenhills City of Mandaluyong Second District 1550",,Cling Wrap (1x ₱131.75),General,131.75,,117.63,14.12,Yes,Imported,Cash,,Imported from accounting CSV,2025-06-27T04:56:56.594Z,
2025-03-08,Ivoryway Company Inc.,Ivoryway Company Inc.,203-802-940-00000,"42 Set Bayoran South Triangle 1103 Quezon City NCR, Second District Philippines",,TUBE ICE (1x ₱180),General,180,,160.71,19.29,Yes,Imported,Cash,,Imported from accounting CSV,2025-06-27T04:56:56.594Z,
2025-03-08,For the Love of Food Inc.,For the Love of Food Inc.,600-238-381-000,Ortigas Center Mandaluyong 1550,,Golden Ticket 1kg (1x ₱1750),General,1750,,1,187.5,Yes,Imported,Cash,,Imported from accounting CSV,2025-06-27T04:56:56.595Z,
2025-03-08,"Super Shopping Market, Inc.","Super Shopping Market, Inc.",209-609-185-00008,"SM City North Edsa Cor North Ave, Quezon City",,Various Consumable Goods (1x ₱812),General,812,,725,87,Yes,Imported,Cash,,Imported from accounting CSV,2025-06-27T04:56:56.594Z,
2025-03-07,Kareila Mngt. Corp,Kareila Mngt. Corp,246-969-491-009,514 Shaw Boulevard Corner Laurel St. Mandaluyong City,,Various Goods (1x ₱1025),General,1025,,915.18,109.82,Yes,Imported,Cash,,Imported from accounting CSV,2025-06-27T04:56:56.594Z,
2025-03-08,Ivoryway Company Inc.,Ivoryway Company Inc.,203-802-940-00000,"42 Set Bayoran South Triangle 1103 Quezon City NCR, Second District Philippines",,TUBE ICE (1x ₱157.5),General,157.5,,140.63,16.88,Yes,Imported,Cash,,Imported from accounting CSV,2025-06-27T04:56:56.595Z,
2025-03-08,"Supervalue, Inc.","Supervalue, Inc.",000-144-976-00003,"SM Megamall Bldg B, J.Vargas St. Wack Wack Greenhills City of Mandaluyong Second District 1550",,Alaska Condensada (1x ₱189),General,189,,168.75,20.25,Yes,Imported,Cash,,Imported from accounting CSV,2025-06-27T04:56:56.595Z,
2025-03-08,Phil. Jacobe Ventures Inc.,Phil. Jacobe Ventures Inc.,276-946-023-00003,"CT 116(B) Mega B Bldg. Vargas Cor EDSA SM Megamall Wack-Wack Greenhills 1550, City of Mandaluyong NCR, 2nd District Philippines",,Banana Pudding (1x ₱2460),General,2460,,2,263.57,Yes,Imported,Cash,,Imported from accounting CSV,2025-06-27T04:56:56.595Z,
2025-03-09,Phil. Jacobe Ventures Inc.,Phil. Jacobe Ventures Inc.,276-946-023-00003,"CT 116(B) Mega B Bldg. Vargas Cor EDSA SM Megamall Wack-Wack Greenhills 1550, City of Mandaluyong NCR, 2nd District Philippines",,Banana Pudding (1x ₱1230),General,1230,,1,131.79,Yes,Imported,Cash,,Imported from accounting CSV,2025-06-27T04:56:56.596Z,
2025-03-10,"Supervalue, Inc.","Supervalue, Inc.",000-144-976-00057,"SM Megamall Bldg B, J.Vargas St. Wack Wack Greenhills City of Mandaluyong Second District 1550",,Whipping Cream (1x ₱982),General,982,,876.79,105.21,Yes,Imported,Cash,,Imported from accounting CSV,2025-06-27T04:56:56.596Z,
2025-03-09,Ivoryway Company Inc.,Ivoryway Company Inc.,203-802-940-00000,"42 Set Bayoran South Triangle 1103 Quezon City NCR, Second District Philippines",,TUBE ICE (1x ₱90),General,90,,80.36,9.64,Yes,Imported,Cash,,Imported from accounting CSV,2025-06-27T04:56:56.596Z,
2025-03-09,Ivoryway Company Inc.,Ivoryway Company Inc.,203-802-940-00000,"42 Set Bayoran South Triangle 1103 Quezon City NCR, Second District Philippines",,TUBE ICE (1x ₱225),General,225,,200.89,24.11,Yes,Imported,Cash,,Imported from accounting CSV,2025-06-27T04:56:56.596Z,
2025-03-10,Ivoryway Company Inc.,Ivoryway Company Inc.,203-802-940-00000,"42 Set Bayoran South Triangle 1103 Quezon City NCR, Second District Philippines",,TUBE ICE (1x ₱202.5),General,202.5,,180.8,21.7,Yes,Imported,Cash,,Imported from accounting CSV,2025-06-27T04:56:56.597Z,
2025-03-10,Phil. Jacobe Ventures Inc.,Phil. Jacobe Ventures Inc.,276-946-023-00004,"Mitsukoshi 8th Ave. Cor 36th St., Grand Central Park, Fort Bonifacio, North BGC, Taguig City NCR, 4th District Philippines",,Meals (1x ₱2844),General,2844,,2,304.71,Yes,Imported,Cash,,Imported from accounting CSV,2025-06-27T04:56:56.597Z,
2025-03-11,Ivoryway Company Inc.,Ivoryway Company Inc.,203-802-940-00000,"42 Set Bayoran South Triangle 1103 Quezon City NCR, Second District Philippines",,TUBE ICE (1x ₱135),General,135,,120.54,14.46,Yes,Imported,Cash,,Imported from accounting CSV,2025-06-27T04:56:56.597Z,
2025-03-10,Alyssa Ann Kamille A. Co-Prop,Alyssa Ann Kamille A. Co-Prop,427-330-896-00000,"170B Wilson St., Brgy. Maytunas, 1500 San Juan City NCR, 2nd District, Philippines",,Wooden Chopsticks (1x ₱135),General,135,,120.54,14.46,Yes,Imported,Cash,,Imported from accounting CSV,2025-06-27T04:56:56.597Z,
2025-03-11,"Supervalue, Inc.","Supervalue, Inc.",000-144-976-00057,"SM Megamall Bldg B, J.Vargas St. Wack Wack Greenhills City of Mandaluyong Second District 1550",,Various Consumable Goods (1x ₱1440),General,1440,,1,154.29,Yes,Imported,Cash,,Imported from accounting CSV,2025-06-27T04:56:56.598Z,
2025-03-31,National Book Store,,000-299-299-00273,"Podium Mall, ADB Ave., Mandaluyong",4.01E+20,Cash Voucher (1x ₱106.5); Tape (1x ₱106.5),General,213,,,,No,Podium,Cash,Store,Imported from CSV,2025-06-27T16:51:25.415Z,
2025-03-31,Ivoryway Company Inc.,Ivoryway Company Inc.,203-802-940-00000,"42 Sct Bayoran South Triangle 1103 Quezon City NCR, Second District Philippines",5800631,Ice - 5 Packs (1x ₱112.5),General,112.5,,,,Yes,Podium,Cash,Store,Imported from CSV,2025-06-27T16:51:25.416Z,
2025-03-31,Lalamove,,,,,Delivery - Various Supplies (1x ₱170),General,170,,,,No,Podium,Cash,Store,Imported from CSV,2025-06-27T16:51:25.417Z,
2025-03-31,Lalamove,,,,,Delivery - Various Supplies (1x ₱210),General,210,,,,No,Podium,Cash,Store,Imported from CSV,2025-06-27T16:51:25.417Z,
2025-03-31,M.D.R Consumer Goods Trading,,,,,Milk (1x ₱845); Bunge (1x ₱845); Everwhip (1x ₱845); Strawberry (1x ₱845),General,3380,,,,No,Podium,GCash,Gab,Imported from CSV,2025-06-27T16:51:25.418Z,
2025-03-31,All About Baking,,008-196-741-00001,"41-C Congressional Ave. Project 8 Bahay Toro, QC",59881,Lady Fingers (1x ₱568),General,568,,,,No,Podium,GCash,Bea,Imported from CSV,2025-06-27T16:51:25.418Z,
2025-04-01,"Phil. Jacobe Ventures, Inc.",,276-946-023-00004,"Unit 0026 B1 Mitsukoshi, 8th Ave. cor. 36th St. Grand Central Park, Fort Bonifacio North BGC",493,Banana Pudding (1x ₱1445.98),General,1445.98,,,,No,Podium,GCash,Bea,Imported from CSV,2025-06-27T16:51:25.418Z,
2025-04-01,Lalamove,,,,,Delivery - Cookies (1x ₱122),General,122,,,,No,Podium,Cash,Store,Imported from CSV,2025-06-27T16:51:25.419Z,
2025-04-01,Lalamove,,,,,Delivery - Kamote (1x ₱200),General,200,,,,No,Podium,Cash,Store,Imported from CSV,2025-06-27T16:51:25.419Z,
2025-04-01,Ivoryway Company Inc.,Ivoryway Company Inc.,203-802-940-00000,"42 Sct Bayoran South Triangle 1103 Quezon City NCR, Second District Philippines",,Ice - 6 Packs (1x ₱135),General,135,,,,Yes,Podium,Cash,Store,Imported from CSV,2025-06-27T16:51:25.419Z,
2025-04-03,M.D.R Consumer Goods Trading,,,,,Laciate Milk (1x ₱1800),General,1800,,,,No,Podium,GCash,Gab,Imported from CSV,2025-06-27T16:51:25.420Z,
2025-04-01,GrabExpress,,,,,Delivery - Oat Milk (1x ₱100),General,100,,,,No,Podium,Cash,Store,Imported from CSV,2025-06-27T16:51:25.420Z,
2025-04-03,Gerrycom Baking - Pasig,,,,,Warabi Ingredients (1x ₱425.3),General,425.3,,,,No,Podium,GCash,Toph,Imported from CSV,2025-06-27T16:51:25.420Z,
2025-04-02,Ivoryway Company Inc.,Ivoryway Company Inc.,203-802-940-00000,"42 Sct Bayoran South Triangle 1103 Quezon City NCR, Second District Philippines",,Ice (1x ₱300),General,300,,,,Yes,Podium,Cash,Store,Imported from CSV,2025-06-27T16:51:25.420Z,
2025-04-04,S&R - Shaw,,,"Podium Mall, ADB Ave., Mandaluyong",,Mascarpone (1x ₱751),General,751,,,,No,Podium,GCash,Gab,Imported from CSV,2025-06-27T16:51:25.421Z,
2025-04-03,Unknown Supplier,,,,,Ice (1x ₱180),General,180,,,,No,Podium,Cash,Store,Imported from CSV,2025-06-27T16:51:25.421Z,
2025-04-03,The Daily Cut,,600-238-381-000,"Ortigas Center, Mandaluyong City",600-238-381-000,Coffee Beans (1x ₱1750),General,1750,,,,No,Podium,Cash,Store,Imported from CSV,2025-06-27T16:51:25.421Z,
2025-04-03,Unknown Supplier,,,,,Delivery - Dairy Milk (1x ₱150),General,150,,,,No,Podium,Cash,Store,Imported from CSV,2025-06-27T16:51:25.421Z,
2025-04-04,Sm Supermarket,,,,,Egg (1x ₱226); Anchor Butter (1x ₱226); Condensed (1x ₱226),General,678,,,,No,Podium,Cash,Store,Imported from CSV,2025-06-27T16:51:25.422Z,
2025-04-04,S&R - Shaw,,,"Podium Mall, ADB Ave., Mandaluyong",,3L Arla Whipping Cream (1x ₱1352),General,1352,,,,No,Podium,GCash,Gab,Imported from CSV,2025-06-27T16:51:25.422Z,
2025-04-04,Ivoryway Company Inc.,Ivoryway Company Inc.,203-802-940-00000,"42 Sct Bayoran South Triangle 1103 Quezon City NCR, Second District Philippines",,Ice (1x ₱225),General,225,,,,Yes,Podium,Cash,Store,Imported from CSV,2025-06-27T16:51:25.422Z,
2025-04-04,"Phil. Jacobe Ventures, Inc.",,276-946-023-00004,"Unit 0026 B1 Mitsukoshi, 8th Ave. cor. 36th St. Grand Central Park, Fort Bonifacio North BGC",493,Banana Pudding (1x ₱1422),General,1422,,,,No,Podium,GCash,Toph,Imported from CSV,2025-06-27T16:51:25.422Z,
2025-04-06,Fax N Parcel,,,,,Photocopies of Inventory Sheet (1x ₱89.29),General,89.29,,,,No,Podium,Cash,Store,Imported from CSV,2025-06-27T16:51:25.423Z,
2025-04-05,Lalamove,,,,,Straw (1x ₱50); Customer Tissue (1x ₱50); Vacuum (1x ₱50),General,150,,,,No,Podium,Cash,Store,Imported from CSV,2025-06-27T16:51:25.423Z,
2025-04-05,Grab,,,,,Warabi Mochi (1x ₱150),General,150,,,,No,Podium,Cash,Store,Imported from CSV,2025-06-27T16:51:25.423Z,
2025-04-06,Ivoryway Company Inc.,Ivoryway Company Inc.,203-802-940-00000,"42 Sct Bayoran South Triangle 1103 Quezon City NCR, Second District Philippines",,Ice 4 Packs (1x ₱90),General,90,,,,Yes,Podium,Cash,Store,Imported from CSV,2025-06-27T16:51:25.423Z,
2025-04-07,Allegro Beverage Corporation,Allegro Beverage Corporation,203-457-225-00003,"Jang Bldg., Gov. M. Cuenco Ave,. Banilad, 6000 Cebu City",,Oatmilk 18L (1x ₱2346); Coconut Milk 6L (1x ₱2346),General,4692,,,,Yes,Podium,Credit Card,Store,Imported from CSV,2025-06-27T16:51:25.423Z,
2025-04-05,Ivoryway Company Inc.,Ivoryway Company Inc.,203-802-940-00000,"42 Sct Bayoran South Triangle 1103 Quezon City NCR, Second District Philippines",,Ice (1x ₱112.5),General,112.5,,,,Yes,Podium,Cash,Store,Imported from CSV,2025-06-27T16:51:25.423Z,
2025-04-07,S&R,,,,,White Sugar 2kg (1x ₱917.35); Whipping Cream 5L (1x ₱917.35); Customer Tissue 2 Packs (1x ₱917.35),General,2752.05,,,,No,Podium,Credit Card,Store,Imported from CSV,2025-06-27T16:51:25.424Z,
2025-04-08,Lalamove fee,,,,,Warabi Sleeves (1x ₱119),General,119,,,,No,Podium,Credit Card,Store,Imported from CSV,2025-06-27T16:51:25.424Z,
2025-04-07,Lalamove,,,,,Laciate Dairy Milk 36L (1x ₱2670),General,2670,,,,No,Podium,Credit Card,Store,Imported from CSV,2025-06-27T16:51:25.424Z,
2025-04-08,Ivoryway Company Inc.,Ivoryway Company Inc.,203-802-940-00000,"42 Sct Bayoran South Triangle 1103 Quezon City NCR, Second District Philippines",,8 Packs (1x ₱180),General,180,,,,Yes,Podium,Cash,Store,Imported from CSV,2025-06-27T16:51:25.425Z,
2025-04-08,Fax N Parcel,,,,,Invetory Desserts Photocopies (1x ₱100),General,100,,,,No,Podium,Cash,Store,Imported from CSV,2025-06-27T16:51:25.425Z,
2025-04-08,Lalamove Fee,,,,,Desserts Cookies (1x ₱162),General,162,,,,No,Podium,Cash,Store,Imported from CSV,2025-06-27T16:51:25.425Z,
2025-04-09,ACPAckaging,,,,,WBSQ (1x ₱1700),General,1700,,,,No,Podium,Credit Card,Store,Imported from CSV,2025-06-27T16:51:25.425Z,
2025-04-08,SM Super Market,,,,,Dalandan Juice (1x ₱212.4); White Sugar (1x ₱212.4); Strawberry Can (1x ₱212.4); Coconut Water (1x ₱212.4); Dishwashing liquid (1x ₱212.4),General,1062,,,,No,Podium,Cash,Store,Imported from CSV,2025-06-27T16:51:25.425Z,
2025-04-08,Express Grab Fee,,,,,Matcha 1000g (1x ₱151),General,151,,,,No,Podium,Cash,Store,Imported from CSV,2025-06-27T16:51:25.425Z,
2025-04-11,Customer's online payment change,,,,,Customer's online payment change (1x ₱30),General,30,,,,No,Podium,Cash,Store,Imported from CSV,2025-06-27T16:51:25.427Z,
2025-04-10,Grab Mart,,,,,Delivery Fee (1x ₱155),General,155,,,,No,Podium,Cash,Store,Imported from CSV,2025-06-27T16:51:25.427Z,
2025-04-10,M Bakery,,,,,Banana Pudding 3 Tubs (1x ₱1185),General,1185,,,,No,Podium,Cash,Store,Imported from CSV,2025-06-27T16:51:25.427Z,
2025-04-11,Lalamove Fee,,,,,Cookies (1x ₱122),General,122,,,,No,Podium,Cash,Store,Imported from CSV,2025-06-27T16:51:25.427Z,
2025-04-10,S&R Mascarpone,,,,,500g (1x ₱385.5); Eggs 10pcs (1x ₱385.5),General,771,,,,No,Podium,Cash,Store,Imported from CSV,2025-06-27T16:51:25.427Z,
2025-04-11,S&R,,,,,Whipping Cream 3L (1x ₱670.875); Seasalt 1 Pack (1x ₱670.875),General,1341.75,,,,No,Podium,Cash,Store,Imported from CSV,2025-06-27T16:51:25.427Z,
2025-04-11,Grab Mart,,,,,fee (1x ₱135),General,135,,,,No,Podium,Cash,Store,Imported from CSV,2025-06-27T16:51:25.428Z,
2025-04-11,Ivoryway Company Inc.,Ivoryway Company Inc.,203-802-940-00000,"42 Sct Bayoran South Triangle 1103 Quezon City NCR, Second District Philippines",,12 Packs (1x ₱270),General,270,,,,Yes,Podium,Cash,Store,Imported from CSV,2025-06-27T16:51:25.428Z,
2025-04-13,S&R,,,,,Customer Tissue (1x ₱875.175); Whipped Cream (1x ₱875.175); White Sugar (1x ₱875.175); Paper Towel (1x ₱875.175),General,3500.7,,,,No,Podium,Credit Card,Store,Imported from CSV,2025-06-27T16:51:25.429Z,
2025-04-13,Allegro Beverage Corporation,Allegro Beverage Corporation,203-457-225-00003,"Jang Bldg., Gov. M. Cuenco Ave,. Banilad, 6000 Cebu City",,Oatside 30L (1x ₱3810),General,3810,,,,Yes,Podium,Credit Card,Store,Imported from CSV,2025-06-27T16:51:25.429Z,
2025-04-13,Grab Express Fee,,,,,Warabi Mochi (1x ₱189),General,189,,,,No,Podium,Cash,Store,Imported from CSV,2025-06-27T16:51:25.429Z,
2025-04-13,SM Super Market,,,,,Dairy Milk 10L (1x ₱1020),General,1020,,,,No,Podium,Cash,Store,Imported from CSV,2025-06-27T16:51:25.429Z,
2025-04-14,Lalamove,,,,,Dairymilk (1x ₱50),General,50,,,,No,Podium,Cash,Store,Imported from CSV,2025-06-27T16:51:25.429Z,
2025-04-15,Grocery,,,,,Supermarket (1x ₱72),General,72,,,,No,Podium,Cash,Store,Imported from CSV,2025-06-27T16:51:25.430Z,
2025-04-15,Grocery,,,,,Supermarket (1x ₱379),General,379,,,,No,Podium,Cash,Store,Imported from CSV,2025-06-27T16:51:25.430Z,
2025-04-14,Ice,,,,,Ice (1x ₱157),General,157,,,,No,Podium,Cash,Store,Imported from CSV,2025-06-27T16:51:25.430Z,
2025-04-19,Delivery,,,,,FMPTPackaging (1x ₱1153),General,1153,,,,No,Podium,Credit Card,Store,Imported from CSV,2025-06-27T16:51:25.430Z,
2025-04-19,Delivery,,,,,Lalamove (1x ₱3730),General,3730,,,,No,Podium,Credit Card,Store,Imported from CSV,2025-06-27T16:51:25.430Z,
2025-04-19,Delivery,,,,,Gand E (1x ₱1005),General,1005,,,,No,Podium,Credit Card,Store,Imported from CSV,2025-06-27T16:51:25.430Z,
2025-04-18,Ivoryway Company Inc.,Ivoryway Company Inc.,203-802-940-00000,"42 Sct Bayoran South Triangle 1103 Quezon City NCR, Second District Philippines",,5 packs (1x ₱112.5),General,112.5,,,,Yes,Podium,Cash,Store,Imported from CSV,2025-06-27T16:51:25.430Z,
2025-04-19,Delivery,,,,,Lalamove (1x ₱104),General,104,,,,No,Podium,Cash,Store,Imported from CSV,2025-06-27T16:51:25.431Z,
2025-04-20,The Marketplace,,,,,White Sugar 4kg (1x ₱245.75); Dalandan Juice 1L (1x ₱245.75),General,491.5,,,,No,Podium,Credit Card,Store,Imported from CSV,2025-06-27T16:51:25.432Z,
2025-04-21,M Bakery,,,,,Banana Pudding 10 Tubs (1x ₱1777.5),General,1777.5,,,,No,Podium,Credit Card,Store,Imported from CSV,2025-06-27T16:51:25.432Z,
2025-04-21,Ivoryway Company Inc.,Ivoryway Company Inc.,203-802-940-00000,"42 Sct Bayoran South Triangle 1103 Quezon City NCR, Second District Philippines",,3 packs (1x ₱67.5),General,67.5,,,,Yes,Podium,Cash,Store,Imported from CSV,2025-06-27T16:51:25.432Z,
2025-04-20,Supermarket,,,,,Coco Water (1x ₱164.75); Sugar (1x ₱164.75); Dalandan Syrup (1x ₱164.75); Strawberry Can (1x ₱164.75),General,659,,,,No,Podium,Cash,Store,Imported from CSV,2025-06-27T16:51:25.432Z,
2025-04-22,Super Market,,,,,Dairy Milk 8L (1x ₱816),General,816,,,,No,Podium,Cash,Store,Imported from CSV,2025-06-27T16:51:25.433Z,
2025-04-23,R&BTube Ice,,,,,7bags (1x ₱157),General,157,,,,No,Podium,Cash,Store,Imported from CSV,2025-06-27T16:51:25.433Z,
2025-04-23,M.D.R Consumer Goods Trading,,,,,36L Laciate - 2 Everwhip - 500pcs Leak Proof (1x ₱3245),General,3245,,,,No,Podium,Credit Card,Store,Imported from CSV,2025-06-27T16:51:25.433Z,
2025-04-22,Lalamove Fee,,,,,Cookies (1x ₱159),General,159,,,,No,Podium,Cash,Store,Imported from CSV,2025-06-27T16:51:25.433Z,
2025-04-22,Ivoryway Company Inc.,Ivoryway Company Inc.,203-802-940-00000,"42 Sct Bayoran South Triangle 1103 Quezon City NCR, Second District Philippines",,5 Packs (1x ₱112),General,112,,,,Yes,Podium,Cash,Store,Imported from CSV,2025-06-27T16:51:25.433Z,
2025-04-25,SM,,,,,Whipping Cream (1x ₱352.9166666666667); Dalandan Concentrate (1x ₱352.9166666666667); Trash Bag (1x ₱352.9166666666667),General,1058.75,,,,No,Podium,Cash,Store,Imported from CSV,2025-06-27T16:51:25.433Z,
2025-04-22,Grab,,,,,Mascarpone (1x ₱730),General,730,,,,No,Podium,Cash,Store,Imported from CSV,2025-06-27T16:51:25.433Z,
2025-04-24,Ivoryway Company Inc.,Ivoryway Company Inc.,203-802-940-00000,"42 Sct Bayoran South Triangle 1103 Quezon City NCR, Second District Philippines",,Ice 5 packs (1x ₱112.5),General,112.5,,,,Yes,Podium,Cash,Store,Imported from CSV,2025-06-27T16:51:25.433Z,
2025-04-24,Supermarket,,,,,Supermarket (1x ₱1531.5),General,1531.5,,,,No,Podium,Cash,Store,Imported from CSV,2025-06-27T16:51:25.433Z,
2025-04-23,Lalamove,,,,,supplies (1x ₱300),General,300,,,,No,Podium,Cash,Store,Imported from CSV,2025-06-27T16:51:25.433Z,
2025-04-26,Wonderbake,,,,,Oatmilk 3L (1x ₱630),General,630,,,,No,Podium,Cash,Store,Imported from CSV,2025-06-27T16:51:25.434Z,
2025-04-26,Ivoryway Company Inc.,Ivoryway Company Inc.,203-802-940-00000,"42 Sct Bayoran South Triangle 1103 Quezon City NCR, Second District Philippines",,10 Packs (1x ₱225),General,225,,,,Yes,Podium,Cash,Store,Imported from CSV,2025-06-27T16:51:25.434Z,
2025-04-26,Grab Fee,,,,,Extension Cord (1x ₱118),General,118,,,,No,Podium,Cash,Store,Imported from CSV,2025-06-27T16:51:25.434Z,
2025-04-26,SM,,,,,White Sugar (1x ₱94); Paper Towel (1x ₱94); Customer Tissue (1x ₱94),General,282,,,,No,Podium,Cash,Store,Imported from CSV,2025-06-27T16:51:25.434Z,
2025-04-25,SM,,,,,Ice Tube 5Kg (1x ₱40),General,40,,,,No,Podium,Cash,Store,Imported from CSV,2025-06-27T16:51:25.434Z,
2025-04-26,Grab Mart Fee,,,,,Mascarpone (1x ₱68); Eggs (1x ₱68),General,136,,,,No,Podium,Cash,Store,Imported from CSV,2025-06-27T16:51:25.435Z,
2025-04-26,Lalamove Fee,,,,,Warabi Mochi (1x ₱104),General,104,,,,No,Podium,Cash,Store,Imported from CSV,2025-06-27T16:51:25.435Z,
2025-04-26,S&R,,,,,Eggs 10s (1x ₱365.5); Mascarpone (1x ₱365.5),General,731,,,,No,Podium,Cash,Store,Imported from CSV,2025-06-27T16:51:25.435Z,
2025-04-28,Lalamove Fee,,,,,Oatmilk (1x ₱170),General,170,,,,No,Podium,Cash,Store,Imported from CSV,2025-06-27T16:51:25.436Z,
2025-04-28,S&R,,,,,Whipping Cream 6L (1x ₱1473); Coco Water 3L (1x ₱1473),General,2946,,,,No,Podium,Credit Card,Store,Imported from CSV,2025-06-27T16:51:25.436Z,
2025-04-28,M.D.R Consumer Goods Trading,M.D.R Consumer Goods Trading,420-986-840-00000,"Manggahan Commonwealth 1121 Quezon City NCR, 2nd District",,Laciate Milk 36L (1x ₱2700),General,2700,,,,Yes,Podium,Credit Card,Store,Imported from CSV,2025-06-27T16:51:25.436Z,
2025-04-27,Ivoryway Company Inc.,Ivoryway Company Inc.,203-802-940-00000,"42 Sct Bayoran South Triangle 1103 Quezon City NCR, Second District Philippines",,5 Packs (1x ₱112.5),General,112.5,,,,Yes,Podium,Cash,Store,Imported from CSV,2025-06-27T16:51:25.436Z,
2025-04-28,SM,,,,,Strawberry Can 1 (1x ₱231.5),General,231.5,,,,No,Podium,Cash,Store,Imported from CSV,2025-06-27T16:51:25.436Z,
2025-04-29,Lalamove Fee,,,,,Desserts (1x ₱150),General,150,,,,No,Podium,Cash,Store,Imported from CSV,2025-06-27T16:51:25.437Z,
2025-04-28,Lalamove Fee,,,,,Dairy Milk 36L (1x ₱250),General,250,,,,No,Podium,Cash,Store,Imported from CSV,2025-06-27T16:51:25.437Z,
2025-04-29,Ivoryway Company Inc.,Ivoryway Company Inc.,203-802-940-00000,"42 Sct Bayoran South Triangle 1103 Quezon City NCR, Second District Philippines",,7 Packs (1x ₱157.5),General,157.5,,,,Yes,Podium,Cash,Store,Imported from CSV,2025-06-27T16:51:25.438Z,
2025-04-30,Grocery,,,,,Supermarket (1x ₱99),General,99,,,,No,Podium,Cash,Store,Imported from CSV,2025-06-27T16:51:25.438Z,
2025-04-30,Yardstick,,,,,1kg (1x ₱1750),General,1750,,,,No,Podium,Cash,Store,Imported from CSV,2025-06-27T16:51:25.438Z,
2025-05-02,Deliver,,,,,Grab Mart (1x ₱1238),General,1238,,,,No,Podium,Credit Card,Store,Imported from CSV,2025-06-27T16:51:25.438Z,
2025-05-01,Ivoryway Company Inc.,Ivoryway Company Inc.,203-802-940-00000,"42 Sct Bayoran South Triangle 1103 Quezon City NCR, Second District Philippines",,5 packs (1x ₱112.5),General,112.5,,,,Yes,Podium,Cash,Store,Imported from CSV,2025-06-27T16:51:25.438Z,
2025-05-03,Delivery,,,,,Lalamove (1x ₱118),General,118,,,,No,Podium,Cash,Store,Imported from CSV,2025-06-27T16:51:25.439Z,
2025-05-02,Lalamove Fee,,,,,Cookies (1x ₱150),General,150,,,,No,Podium,Cash,Store,Imported from CSV,2025-06-27T16:51:25.439Z,
2025-05-02,Lalamove Fee,,,,,Dairy milk (1x ₱250),General,250,,,,No,Podium,Cash,Store,Imported from CSV,2025-06-27T16:51:25.439Z,
2025-05-04,Grocery,,,,,Supermarket (1x ₱171),General,171,,,,No,Podium,Cash,Store,Imported from CSV,2025-06-27T16:51:25.439Z,
2025-05-03,R&BTube Ice,,,,,5 (1x ₱112),General,112,,,,No,Podium,Cash,Store,Imported from CSV,2025-06-27T16:51:25.439Z,
2025-05-02,Ivoryway Company Inc.,Ivoryway Company Inc.,203-802-940-00000,"42 Sct Bayoran South Triangle 1103 Quezon City NCR, Second District Philippines",,Ivoryway Ice 8packs (1x ₱180),General,180,,,,Yes,Podium,Cash,Store,Imported from CSV,2025-06-27T16:51:25.439Z,
2025-05-04,Shopee,,,,,mini spoon (1x ₱350),General,350,,,,No,Podium,Cash,Store,Imported from CSV,2025-06-27T16:51:25.440Z,
2025-05-04,R&BTube Ice,,,,,8bags (1x ₱180),General,180,,,,No,Podium,Cash,Store,Imported from CSV,2025-06-27T16:51:25.440Z,
2025-05-04,Shopee,,,,,Paperbag Medium (1x ₱291.5); Small (1x ₱291.5),General,583,,,,No,Podium,Cash,Store,Imported from CSV,2025-06-27T16:51:25.440Z,
2025-05-05,Ivoryway Company Inc.,Ivoryway Company Inc.,203-802-940-00000,"42 Sct Bayoran South Triangle 1103 Quezon City NCR, Second District Philippines",,4 Packs (1x ₱90),General,90,,,,Yes,Podium,Cash,Store,Imported from CSV,2025-06-27T16:51:25.440Z,
2025-05-06,Shopee,,,,,Redbean (1x ₱238.5); Ziplock (1x ₱238.5),General,477,,,,No,Podium,Cash,Store,Imported from CSV,2025-06-27T16:51:25.441Z,
2025-05-06,Lalamove Fee,,,,,Dairy and Oat (1x ₱450),General,450,,,,No,Podium,Cash,Store,Imported from CSV,2025-06-27T16:51:25.441Z,
2025-05-06,Lalamove Fee,,,,,Whipped Cream (1x ₱170),General,170,,,,No,Podium,Cash,Store,Imported from CSV,2025-06-27T16:51:25.441Z,
2025-05-06,Lalamove Fee,,,,,Strawless lids (1x ₱200),General,200,,,,No,Podium,Cash,Store,Imported from CSV,2025-06-27T16:51:25.441Z,
2025-05-06,Lalamove Fee,,,,,Cookies (1x ₱140),General,140,,,,No,Podium,Cash,Store,Imported from CSV,2025-06-27T16:51:25.441Z,
2025-05-08,Ivoryway Company Inc.,Ivoryway Company Inc.,203-802-940-00000,"42 Sct Bayoran South Triangle 1103 Quezon City NCR, Second District Philippines",,6Packs (1x ₱135),General,135,,,,Yes,Podium,Cash,Store,Imported from CSV,2025-06-27T16:51:25.442Z,
2025-05-07,Grocery,,,,,Supermarket (1x ₱701),General,701,,,,No,Podium,Cash,Store,Imported from CSV,2025-06-27T16:51:25.442Z,
2025-05-08,Lalamove Fee,,,,,Supplies (1x ₱300),General,300,,,,No,Podium,Cash,Store,Imported from CSV,2025-06-27T16:51:25.442Z,
2025-05-06,Gavino's Group Inc.,,,,,Whipped Cream 5L (1x ₱1900),General,1900,,,,No,Podium,Credit Card,Store,Imported from CSV,2025-06-27T16:51:25.442Z,
2025-05-07,Grocery,,,,,Supermarket (1x ₱248),General,248,,,,No,Podium,Cash,Store,Imported from CSV,2025-06-27T16:51:25.442Z,
2025-05-08,ACPackaging,,,,,Straw6mm12mm (1x ₱3185),General,3185,,,,No,Podium,Credit Card,Store,Imported from CSV,2025-06-27T16:51:25.442Z,
2025-05-10,SM,,,,,Customer Tissue (1x ₱156.0625); Paper Towel (1x ₱156.0625); Condensed (1x ₱156.0625); Straw (1x ₱156.0625),General,624.25,,,,No,Podium,Cash,Store,Imported from CSV,2025-06-27T16:51:25.443Z,
2025-05-09,Ivoryway Company Inc.,Ivoryway Company Inc.,203-802-940-00000,"42 Sct Bayoran South Triangle 1103 Quezon City NCR, Second District Philippines",,Ice10Packs (1x ₱225),General,225,,,,Yes,Podium,Cash,Store,Imported from CSV,2025-06-27T16:51:25.443Z,
2025-05-10,FLASH,,,,,COCKROACHKILLER (1x ₱189),General,189,,,,No,Podium,Cash,Store,Imported from CSV,2025-06-27T16:51:25.443Z,
2025-05-09,Cookies,,,,,Lalamove (1x ₱150),General,150,,,,No,Podium,Cash,Store,Imported from CSV,2025-06-27T16:51:25.443Z,
2025-05-10,Ivoryway Company Inc.,Ivoryway Company Inc.,203-802-940-00000,"42 Sct Bayoran South Triangle 1103 Quezon City NCR, Second District Philippines",,4 Packs (1x ₱67.5),General,67.5,,,,Yes,Podium,Cash,Store,Imported from CSV,2025-06-27T16:51:25.443Z,
2025-05-10,Shopee,,,,,Shopee (1x ₱700),General,700,,,,No,Podium,Cash,Store,Imported from CSV,2025-06-27T16:51:25.443Z,
2025-05-11,Ivoryway Company Inc.,Ivoryway Company Inc.,203-802-940-00000,"42 Sct Bayoran South Triangle 1103 Quezon City NCR, Second District Philippines",,6 Packs (1x ₱135),General,135,,,,Yes,Podium,Cash,Store,Imported from CSV,2025-06-27T16:51:25.444Z,
2025-05-12,Allegro Beverage Corporation,Allegro Beverage Corporation,203-457-225-00003,"Jang Bldg., Gov. M. Cuenco Ave,. Banilad, 6000 Cebu City",,Oatside36L (1x ₱5454),General,5454,,,,Yes,Podium,Credit Card,Store,Imported from CSV,2025-06-27T16:51:25.445Z,
2025-05-12,ACPackaging,,,,,Straw6mm (1x ₱1800),General,1800,,,,No,Podium,Credit Card,Store,Imported from CSV,2025-06-27T16:51:25.445Z,
2025-05-12,Delivery,,,,,Lalamove Fee (1x ₱250),General,250,,,,No,Podium,Cash,Store,Imported from CSV,2025-06-27T16:51:25.445Z,
2025-05-12,Grocery,,,,,Supermarket (1x ₱1234),General,1234,,,,No,Podium,Cash,Store,Imported from CSV,2025-06-27T16:51:25.445Z,
2025-05-12,M.D.R Consumer Goods Trading,,,,,Dairy Milk (1x ₱1546.6666666666667); White Choco Syrup (1x ₱1546.6666666666667); Salted Caramel Syrup (1x ₱1546.6666666666667),General,4640,,,,No,Podium,Credit Card,Store,Imported from CSV,2025-06-27T16:51:25.445Z,
2025-05-13,Delivery,,,,,Grab Mart (1x ₱2345),General,2345,,,,No,Podium,Cash,Store,Imported from CSV,2025-06-27T16:51:25.446Z,
2025-05-13,Delivery,,,,,Shopee (1x ₱80),General,80,,,,No,Podium,Cash,Store,Imported from CSV,2025-06-27T16:51:25.446Z,
2025-05-13,R&BTube Ice,,,,,8bags (1x ₱180),General,180,,,,No,Podium,Cash,Store,Imported from CSV,2025-06-27T16:51:25.446Z,
2025-05-13,Powefoods,,,,,Strawberry Syrup (1x ₱990),General,990,,,,No,Podium,Credit Card,Store,Imported from CSV,2025-06-27T16:51:25.446Z,
2025-05-13,S&R,,,,,Whppng Crm (1x ₱2109),General,2109,,,,No,Podium,Credit Card,Store,Imported from CSV,2025-06-27T16:51:25.446Z,
2025-05-13,Delivery,,,,,Shopee (1x ₱180),General,180,,,,No,Podium,Cash,Store,Imported from CSV,2025-06-27T16:51:25.446Z,
2025-05-12,Delivery,,,,,Lalamove (1x ₱200),General,200,,,,No,Podium,Cash,Store,Imported from CSV,2025-06-27T16:51:25.446Z,
2025-05-13,Delivery,,,,,Shopee (1x ₱426),General,426,,,,No,Podium,Cash,Store,Imported from CSV,2025-06-27T16:51:25.446Z,
2025-05-16,Grab,,,,,Matcha1Kg (1x ₱160),General,160,,,,No,Podium,Cash,Store,Imported from CSV,2025-06-27T16:51:25.447Z,
2025-05-14,Yardstick,,,,,Coffee Beans (1x ₱1750),General,1750,,,,No,Podium,Cash,Store,Imported from CSV,2025-06-27T16:51:25.447Z,
2025-05-15,Ice,,,,,Ice (1x ₱90),General,90,,,,No,Podium,Cash,Store,Imported from CSV,2025-06-27T16:51:25.447Z,
2025-05-15,Grocery,,,,,Supermarket (1x ₱886),General,886,,,,No,Podium,Cash,Store,Imported from CSV,2025-06-27T16:51:25.447Z,
2025-05-17,SM,,,,,Ice (1x ₱40),General,40,,,,No,Podium,Cash,Store,Imported from CSV,2025-06-27T16:51:25.448Z,
2025-05-18,Ivoryway Company Inc.,Ivoryway Company Inc.,203-802-940-00000,"42 Sct Bayoran South Triangle 1103 Quezon City NCR, Second District Philippines",,7 Packs (1x ₱157.5),General,157.5,,,,Yes,Podium,Cash,Store,Imported from CSV,2025-06-27T16:51:25.448Z,
2025-05-16,GRAB,,,,,3LArla (1x ₱2027),General,2027,,,,No,Podium,Cash,Store,Imported from CSV,2025-06-27T16:51:25.448Z,
2025-05-16,Ivoryway Company Inc.,Ivoryway Company Inc.,203-802-940-00000,"42 Sct Bayoran South Triangle 1103 Quezon City NCR, Second District Philippines",,5Ice (1x ₱112),General,112,,,,Yes,Podium,Cash,Store,Imported from CSV,2025-06-27T16:51:25.448Z,
2025-05-16,National BS,,,,,Tape (1x ₱164),General,164,,,,No,Podium,Cash,Store,Imported from CSV,2025-06-27T16:51:25.448Z,
2025-05-17,Ivoryway Company Inc.,Ivoryway Company Inc.,203-802-940-00000,"42 Sct Bayoran South Triangle 1103 Quezon City NCR, Second District Philippines",,Ivoryway Ice (1x ₱135),General,135,,,,Yes,Podium,Cash,Store,Imported from CSV,2025-06-27T16:51:25.448Z,
2025-05-18,MP Pasquil Trading Corp.,,,,,Iced Cups & Lids 400 pcs (1x ₱918.4),General,918.4,,,,No,Podium,Cash,Store,Imported from CSV,2025-06-27T16:51:25.448Z,
2025-05-18,Fruitas House of Desserts,,,,,Coconut Water1L (1x ₱170),General,170,,,,No,Podium,Cash,Store,Imported from CSV,2025-06-27T16:51:25.448Z,
2025-05-20,Delivery,,,,,Shopee (1x ₱708),General,708,,,,No,Podium,Cash,Store,Imported from CSV,2025-06-27T16:51:25.449Z,
2025-05-20,Grocery,,,,,Supermarket (1x ₱345),General,345,,,,No,Podium,Cash,Store,Imported from CSV,2025-06-27T16:51:25.449Z,
2025-05-19,Supermarket,,,,,customertissuex2 (1x ₱159.41666666666666); Papertowelx1 (1x ₱159.41666666666666); DLAstrawberryx1 (1x ₱159.41666666666666),General,478.25,,,,No,Podium,Cash,Store,Imported from CSV,2025-06-27T16:51:25.449Z,
2025-05-18,SM,,,,,Strawberry Csn 1 (1x ₱201.25); White Sugar 2kg (1x ₱201.25),General,402.5,,,,No,Podium,Cash,Store,Imported from CSV,2025-06-27T16:51:25.449Z,
2025-05-19,Ivoryway Company Inc.,Ivoryway Company Inc.,203-802-940-00000,"42 Sct Bayoran South Triangle 1103 Quezon City NCR, Second District Philippines",,Ivoryway Ice (1x ₱112.5),General,112.5,,,,Yes,Podium,Cash,Store,Imported from CSV,2025-06-27T16:51:25.449Z,
2025-05-20,Delivery,,,,,Lalamove (1x ₱180),General,180,,,,No,Podium,Cash,Store,Imported from CSV,2025-06-27T16:51:25.450Z,
2025-05-20,Delivery,,,,,Shopee (1x ₱1629),General,1629,,,,No,Podium,Cash,Store,Imported from CSV,2025-06-27T16:51:25.450Z,
2025-05-20,Grocery,,,,,Supermarket (1x ₱1560),General,1560,,,,No,Podium,Cash,Store,Imported from CSV,2025-06-27T16:51:25.450Z,
2025-05-20,Delivery,,,,,Lalamove (1x ₱150),General,150,,,,No,Podium,Cash,Store,Imported from CSV,2025-06-27T16:51:25.450Z,
2025-05-20,R&BTube Ice,,,,,7bags (1x ₱157),General,157,,,,No,Podium,Cash,Store,Imported from CSV,2025-06-27T16:51:25.450Z,
2025-05-23,SM,,,,,Bamboo Straw (1x ₱399),General,399,,,,No,Podium,Cash,Store,Imported from CSV,2025-06-27T16:51:25.451Z,
2025-05-23,Lalamove Fee,,,,,Dairy 36L (1x ₱400),General,400,,,,No,Podium,Cash,Store,Imported from CSV,2025-06-27T16:51:25.451Z,
2025-05-21,Laoamove Fee,,,,,Dairy (1x ₱210),General,210,,,,No,Podium,Cash,Store,Imported from CSV,2025-06-27T16:51:25.451Z,
2025-05-23,Lalamove Fee,,,,,Cookies (1x ₱120),General,120,,,,No,Podium,Cash,Store,Imported from CSV,2025-06-27T16:51:25.451Z,
2025-05-22,Lalamove Fee,,,,,Cups (1x ₱270),General,270,,,,No,Podium,Cash,Store,Imported from CSV,2025-06-27T16:51:25.451Z,
2025-05-21,M.D.R Consumer Goods Trading,,,,,Dairy Milk 24L (1x ₱630); Bunge 1L (1x ₱630); Everwhip1L (1x ₱630); Strawberry Can 1 (1x ₱630),General,2520,,,,No,Podium,Credit Card,Store,Imported from CSV,2025-06-27T16:51:25.451Z,
2025-05-22,SM Supermarket,,,,,EGG (1x ₱717),General,717,,,,No,Podium,Cash,Store,Imported from CSV,2025-06-27T16:51:25.451Z,
2025-05-23,M.D.R Consumer Goods Trading,,,,,Dairy Laciate 36L (1x ₱2700),General,2700,,,,No,Podium,Credit Card,Store,Imported from CSV,2025-06-27T16:51:25.451Z,
2025-05-22,Ivoryway Company Inc.,Ivoryway Company Inc.,203-802-940-00000,"42 Sct Bayoran South Triangle 1103 Quezon City NCR, Second District Philippines",,Ice5packs (1x ₱112),General,112,,,,Yes,Podium,Cash,Store,Imported from CSV,2025-06-27T16:51:25.451Z,
2025-05-23,R&BTube Ice,,,,,8bags (1x ₱180),General,180,,,,No,Podium,Cash,Store,Imported from CSV,2025-06-27T16:51:25.452Z,
2025-05-23,Delivery,,,,,Lalamove (1x ₱100),General,100,,,,No,Podium,Cash,Store,Imported from CSV,2025-06-27T16:51:25.453Z,
2025-05-25,R&BTube Ice,,,,,6pack (1x ₱180),General,180,,,,No,Podium,Cash,Store,Imported from CSV,2025-06-27T16:51:25.453Z,
2025-05-25,Allegro Beverage Corporation,Allegro Beverage Corporation,203-457-225-00003,"Jang Bldg., Gov. M. Cuenco Ave,. Banilad, 6000 Cebu City",,60L (1x ₱7620),General,7620,,,,Yes,Podium,Credit Card,Store,Imported from CSV,2025-06-27T16:51:25.453Z,
2025-05-24,Ivoryway Company Inc.,Ivoryway Company Inc.,203-802-940-00000,"42 Sct Bayoran South Triangle 1103 Quezon City NCR, Second District Philippines",,6 Packs (1x ₱135),General,135,,,,Yes,Podium,Cash,Store,Imported from CSV,2025-06-27T16:51:25.453Z,
2025-05-27,Lalamove Fee,,,,,Cookies (1x ₱170),General,170,,,,No,Podium,Cash,Store,Imported from CSV,2025-06-27T16:51:25.453Z,
2025-05-24,SM,,,,,White Sugar (1x ₱257.6666666666667); Whipping Cream (1x ₱257.6666666666667); Customer tissue (1x ₱257.6666666666667),General,773,,,,No,Podium,Cash,Store,Imported from CSV,2025-06-27T16:51:25.453Z,
2025-05-27,S&R,,,,,Whipping Cream 4L (1x ₱1756),General,1756,,,,No,Podium,Cash,Store,Imported from CSV,2025-06-27T16:51:25.454Z,
2025-05-27,FMPT Packaging Supplies Trading,,,,,6mm (1x ₱864); 16mm Straws (1x ₱864),General,1728,,,,No,Podium,Credit Card,Store,Imported from CSV,2025-06-27T16:51:25.454Z,
2025-05-27,Grab Delivery Fee,,,,,Whipped Cream (1x ₱155),General,155,,,,No,Podium,Cash,Store,Imported from CSV,2025-06-27T16:51:25.454Z,
2025-05-27,Lalamove Fee,,,,,Supplies (1x ₱200),General,200,,,,No,Podium,Cash,Store,Imported from CSV,2025-06-27T16:51:25.454Z,
2025-05-27,Ivoryway Company Inc.,Ivoryway Company Inc.,203-802-940-00000,"42 Sct Bayoran South Triangle 1103 Quezon City NCR, Second District Philippines",,Ivoryway Ice (1x ₱67.5),General,67.5,,,,Yes,Podium,Cash,Store,Imported from CSV,2025-06-27T16:51:25.454Z,
2025-05-29,Delivery,,,,,Lalamove (1x ₱250),General,250,,,,No,Podium,Cash,Store,Imported from CSV,2025-06-27T16:51:25.455Z,
2025-05-29,Delivery,,,,,Lalamove (1x ₱130),General,130,,,,No,Podium,Cash,Store,Imported from CSV,2025-06-27T16:51:25.455Z,
2025-05-28,Grocery,,,,,Supermarket (1x ₱1612),General,1612,,,,No,Podium,Cash,Store,Imported from CSV,2025-06-27T16:51:25.455Z,
2025-05-29,Gavinos,,,,,Whippingcream4L (1x ₱1520),General,1520,,,,No,Podium,Credit Card,Store,Imported from CSV,2025-06-27T16:51:25.455Z,
2025-05-29,Ice,,,,,Ice (1x ₱112),General,112,,,,No,Podium,Cash,Store,Imported from CSV,2025-06-27T16:51:25.455Z,
2025-05-29,Reenvio F&B,,,,,Strawberry 1L (1x ₱1144),General,1144,,,,No,Podium,Credit Card,Store,Imported from CSV,2025-06-27T16:51:25.455Z,
2025-05-30,M.D.R Consumer Goods Trading,M.D.R Consumer Goods Trading,420-986-840-00000,"Manggahan Commonwealth 1121 Quezon City NCR, 2nd District",,36 Dairy (1x ₱2700),General,2700,,,,Yes,Podium,Credit Card,Store,Imported from CSV,2025-06-27T16:51:25.456Z,
2025-05-29,Grocery,,,,,The Daily Cut (1x ₱1400),General,1400,,,,No,Podium,Cash,Store,Imported from CSV,2025-06-27T16:51:25.456Z,
2025-05-30,Grab,,,,,Matcha (1x ₱131),General,131,,,,No,Podium,Cash,Store,Imported from CSV,2025-06-27T16:51:25.456Z,
2025-05-30,Lalamove Fee,,,,,Dairy Milk (1x ₱360),General,360,,,,No,Podium,Cash,Store,Imported from CSV,2025-06-27T16:51:25.456Z,
2025-05-29,Delivery,,,,,Lalamove (1x ₱100),General,100,,,,No,Podium,Cash,Store,Imported from CSV,2025-06-27T16:51:25.456Z,
2025-05-29,Gogo Express,,,,,Matcha30g (1x ₱40); scoop (1x ₱40),General,80,,,,No,Podium,Cash,Store,Imported from CSV,2025-06-27T16:51:25.456Z,
2025-05-31,Ivoryway Company Inc.,Ivoryway Company Inc.,203-802-940-00000,"42 Sct Bayoran South Triangle 1103 Quezon City NCR, Second District Philippines",,Ivoryway Ice (1x ₱180),General,180,,,,Yes,Podium,Cash,Store,Imported from CSV,2025-06-27T16:52:36.590Z,
2025-05-31,Delivery,,,,,Lalamove (1x ₱265),General,265,,,,No,Podium,Cash,Store,Imported from CSV,2025-06-27T16:52:36.590Z,
2025-06-01,Ivoryway Company Inc.,Ivoryway Company Inc.,203-802-940-00000,"42 Sct Bayoran South Triangle 1103 Quezon City NCR, Second District Philippines",,Ivoryway Ice (1x ₱180),General,180,,,,Yes,Podium,Cash,Store,Imported from CSV,2025-06-27T16:52:36.591Z,
2025-06-01,SM,,,,,White Sugar (1x ₱187.5); Coco Water (1x ₱187.5); Bunge (1x ₱187.5); Condensed Milk (1x ₱187.5); Customer Tissue (1x ₱187.5); Paper Towel (1x ₱187.5),General,1125,,,,No,Podium,Cash,Store,Imported from CSV,2025-06-27T16:52:36.591Z,
2025-06-01,Delivery,,,,,Shopee (1x ₱195),General,195,,,,No,Podium,Cash,Store,Imported from CSV,2025-06-27T16:52:36.591Z,
2025-06-01,Lalamove Fee,,,,,Mascarpone (1x ₱114),General,114,,,,No,Podium,Cash,Store,Imported from CSV,2025-06-27T16:52:36.591Z,
2025-06-01,Arlene Dairy House,,,,,Delivery (1x ₱639),General,639,,,,No,Podium,Credit Card,Store,Imported from CSV,2025-06-27T16:52:36.591Z,
2025-06-02,R&BTube Ice,,,,,6bag (1x ₱135),General,135,,,,No,Podium,Cash,Store,Imported from CSV,2025-06-27T16:52:36.591Z,
2025-06-03,Allegro Beverage Corporation,Allegro Beverage Corporation,203-457-225-00003,"Jang Bldg., Gov. M. Cuenco Ave,. Banilad, 6000 Cebu City",,Oatside (1x ₱3810),General,3810,,,,Yes,Podium,Credit Card,Store,Imported from CSV,2025-06-27T16:52:36.592Z,
2025-06-04,Thermal paper 2pcs,,,,,Thermal paper 2pcs (1x ₱168),General,168,,,,No,Podium,Cash,Store,Imported from CSV,2025-06-27T16:52:36.592Z,
2025-06-05,Global Pacific,,,,,DLAMango&Strawberry (1x ₱3056),General,3056,,,,No,Podium,Credit Card,Store,Imported from CSV,2025-06-27T16:52:36.592Z,
2025-06-04,Delivery,,,,,Grab Mart (1x ₱1843),General,1843,,,,No,Podium,Credit Card,Store,Imported from CSV,2025-06-27T16:52:36.592Z,
2025-06-03,Grab Fee,,,,,Warabimochi (1x ₱200),General,200,,,,No,Podium,Cash,Store,Imported from CSV,2025-06-27T16:52:36.592Z,
2025-06-03,Ivoryway Company Inc.,Ivoryway Company Inc.,203-802-940-00000,"42 Sct Bayoran South Triangle 1103 Quezon City NCR, Second District Philippines",,Ivoryway Ice (1x ₱112.5),General,112.5,,,,Yes,Podium,Cash,Store,Imported from CSV,2025-06-27T16:52:36.592Z,
2025-06-05,R&BTube Ice,,,,,R&BTube Ice (1x ₱135),General,135,,,,No,Podium,Cash,Store,Imported from CSV,2025-06-27T16:52:36.593Z,
2025-06-05,"Sm Market Dairy7, Sugar3kg, Lysol",,,,,Sm Market Dairy7 (1x ₱440.9166666666667); Sugar3kg (1x ₱440.9166666666667); Lysol (1x ₱440.9166666666667),General,1322.75,,,,No,Podium,Cash,Store,Imported from CSV,2025-06-27T16:52:36.594Z,
2025-06-06,SM,,,,,Whioped Cream (1x ₱294.9); White Sugar (1x ₱294.9); Customer Tissue (1x ₱294.9); Seasalt (1x ₱294.9); Ppaer Towel (1x ₱294.9),General,1474.5,,,,No,Podium,Cash,Store,Imported from CSV,2025-06-27T16:52:36.594Z,
2025-06-07,R&BTube Ice,,,,,10 (1x ₱225),General,225,,,,No,Podium,Cash,Store,Imported from CSV,2025-06-27T16:52:36.594Z,
2025-06-06,R&BTube Ice,,,,,6 (1x ₱135),General,135,,,,No,Podium,Cash,Store,Imported from CSV,2025-06-27T16:52:36.594Z,
2025-06-06,Lalamove Fee,,,,,Dairy 36L (1x ₱400),General,400,,,,No,Podium,Cash,Store,Imported from CSV,2025-06-27T16:52:36.594Z,
2025-06-06,Lalamove Fee,,,,,Cookies (1x ₱200),General,200,,,,No,Podium,Cash,Store,Imported from CSV,2025-06-27T16:52:36.594Z,
2025-06-07,Print,,,,,Print (1x ₱109),General,109,,,,No,Podium,Cash,Store,Imported from CSV,2025-06-27T16:52:36.594Z,
2025-06-07,M.D.R Consumer Goods Trading,,,,,Dairy 5Case (1x ₱3220); White Choco Syrup (1x ₱3220),General,6440,,,,No,Podium,Credit Card,Store,Imported from CSV,2025-06-27T16:52:36.595Z,
2025-06-07,Express Grab,,,,,Warabi Mochi (1x ₱198),General,198,,,,No,Podium,Cash,Store,Imported from CSV,2025-06-27T16:52:36.595Z,
2025-06-08,Ice,,,,,Ice (1x ₱90),General,90,,,,No,Podium,Cash,Store,Imported from CSV,2025-06-27T16:52:36.595Z,
2025-06-08,Food Alley Basement,,,,,Eggs (1x ₱180),General,180,,,,No,Podium,Cash,Store,Imported from CSV,2025-06-27T16:52:36.595Z,
2025-06-09,SM,,,,,Whipped Cream (1x ₱418.3333333333333); Customer Tissue (1x ₱418.3333333333333); Dishwashing Liquid (1x ₱418.3333333333333),General,1255,,,,No,Podium,Cash,Store,Imported from CSV,2025-06-27T16:52:36.595Z,
2025-06-07,Kamote,,,,,Kamote (1x ₱60),General,60,,,,No,Podium,Cash,Store,Imported from CSV,2025-06-27T16:52:36.595Z,
2025-06-09,Ivoryway Company Inc.,Ivoryway Company Inc.,203-802-940-00000,"42 Sct Bayoran South Triangle 1103 Quezon City NCR, Second District Philippines",,Ivoryway Ice (1x ₱180),General,180,,,,Yes,Podium,Cash,Store,Imported from CSV,2025-06-27T16:52:36.595Z,
2025-06-10,R&BTube Ice,,,,,15 (1x ₱337),General,337,,,,No,Podium,Cash,Store,Imported from CSV,2025-06-27T16:52:36.596Z,
2025-06-10,National Bookstore,,,,,Thermal Paper POS (1x ₱234),General,234,,,,No,Podium,Cash,Store,Imported from CSV,2025-06-27T16:52:36.596Z,
2025-06-12,Coconutjuice,,,,,Coconutjuice (1x ₱85),General,85,,,,No,Podium,Cash,Store,Imported from CSV,2025-06-27T16:52:36.596Z,
2025-06-10,Fruitas,,,,,Coconut Juice (1x ₱85),General,85,,,,No,Podium,Cash,Store,Imported from CSV,2025-06-27T16:52:36.596Z,
2025-06-10,Grocery,,,,,Supermarket (1x ₱893),General,893,,,,No,Podium,Cash,Store,Imported from CSV,2025-06-27T16:52:36.596Z,
2025-06-11,Delivery,,,,,Grab Ex (1x ₱220),General,220,,,,No,Podium,Cash,Store,Imported from CSV,2025-06-27T16:52:36.596Z,
2025-06-11,M.D.R Consumer Goods Trading,M.D.R Consumer Goods Trading,420-986-840-00000,"Manggahan Commonwealth 1121 Quezon City NCR, 2nd District",,Laciate (1x ₱3680),General,3680,,,,Yes,Podium,Credit Card,Store,Imported from CSV,2025-06-27T16:52:36.596Z,
2025-06-12,Egg,,,,,Egg (1x ₱180),General,180,,,,No,Podium,Cash,Store,Imported from CSV,2025-06-27T16:52:36.597Z,
2025-06-13,Grab Mart,,,,,Arla5L (1x ₱2304.75),General,2304.75,,,,No,Podium,Credit Card,Store,Imported from CSV,2025-06-27T16:52:36.597Z,
2025-06-12,Watson,,,,,Vinyl Gloves1box (1x ₱203),General,203,,,,No,Podium,Cash,Store,Imported from CSV,2025-06-27T16:52:36.597Z,
2025-06-13,Grocery,,,,,Supermarket (1x ₱871),General,871,,,,No,Podium,Cash,Store,Imported from CSV,2025-06-27T16:52:36.597Z,
2025-06-13,R&BTube Ice,,,,,6packs (1x ₱135),General,135,,,,No,Podium,Cash,Store,Imported from CSV,2025-06-27T16:52:36.597Z,
2025-06-14,National Bookstore,,,,,Pentel Tape (1x ₱77),General,77,,,,No,Podium,Cash,Store,Imported from CSV,2025-06-27T16:52:36.598Z,
2025-06-15,Lalamove Tip,,,,,Lalamove Tip (1x ₱25),General,25,,,,No,Podium,Cash,Store,Imported from CSV,2025-06-27T16:52:36.598Z,
2025-06-15,Lalamove Grab Terminal,,,,,Lalamove Grab Terminal (1x ₱111),General,111,,,,No,Podium,Cash,Store,Imported from CSV,2025-06-27T16:52:36.598Z,
2025-06-15,R&BTube Ice,,,,,5 (1x ₱112),General,112,,,,No,Podium,Cash,Store,Imported from CSV,2025-06-27T16:52:36.598Z,
2025-06-16,Grab Ice Cream Tip,,,,,Grab Ice Cream Tip (1x ₱50),General,50,,,,No,Podium,Cash,Store,Imported from CSV,2025-06-27T16:52:36.598Z,
2025-06-16,Lalamove tip,,,,,Lalamove tip (1x ₱50),General,50,,,,No,Podium,Cash,Store,Imported from CSV,2025-06-27T16:52:36.598Z,
2025-06-14,R&BTube Ice,,,,,8packs (1x ₱180),General,180,,,,No,Podium,Cash,Store,Imported from CSV,2025-06-27T16:52:36.598Z,
2025-06-14,Arlene's Dairyhouse,,,,,Mascarpone3tub (1x ₱1710),General,1710,,,,No,Podium,Credit Card,Store,Imported from CSV,2025-06-27T16:52:36.598Z,
2025-06-15,Coconut juice,,,,,Coconut juice (1x ₱85),General,85,,,,No,Podium,Cash,Store,Imported from CSV,2025-06-27T16:52:36.598Z,
2025-06-18,NBS,,,,,Stapler Wire (1x ₱129),General,129,,,,No,Podium,Cash,Store,Imported from CSV,2025-06-27T16:52:36.599Z,
2025-06-17,S&R,,,,,Whipping Cream (1x ₱2304.75),General,2304.75,,,,No,Podium,Credit Card,Store,Imported from CSV,2025-06-27T16:52:36.599Z,
2025-06-17,Kamote,,,,,Kamote (1x ₱200),General,200,,,,No,Podium,Cash,Store,Imported from CSV,2025-06-27T16:52:36.599Z,
2025-06-17,M.D.R Consumer Goods Trading,M.D.R Consumer Goods Trading,420-986-840-00000,"Manggahan Commonwealth 1121 Quezon City NCR, 2nd District",,Salted Syrup (1x ₱1873.3333333333333); White Choco (1x ₱1873.3333333333333); Dairy MILK (1x ₱1873.3333333333333),General,5620,,,,Yes,Podium,Credit Card,Store,Imported from CSV,2025-06-27T16:52:36.599Z,
2025-06-18,Grocery,,,,,Supermarket (1x ₱812),General,812,,,,No,Podium,Cash,Store,Imported from CSV,2025-06-27T16:52:36.599Z,
2025-06-17,Food Alley Eggs,,,,,12 Pcs (1x ₱180),General,180,,,,No,Podium,Cash,Store,Imported from CSV,2025-06-27T16:52:36.599Z,
2025-06-16,Ivoryway Company Inc.,Ivoryway Company Inc.,203-802-940-00000,"42 Sct Bayoran South Triangle 1103 Quezon City NCR, Second District Philippines",,Ivoryway Ice (1x ₱112),General,112,,,,Yes,Podium,Cash,Store,Imported from CSV,2025-06-27T16:52:36.599Z,
2025-06-16,TX Concept Group Inc. Cupholder,,,,,TX Concept Group Inc. Cupholder (1x ₱170),General,170,,,,No,Podium,Credit Card,Store,Imported from CSV,2025-06-27T16:52:36.599Z,
2025-06-17,AAB Baking Goods & Supplies Inc.,,,,,Ladyfingers (1x ₱587); White sugar (1x ₱587),General,1174,,,,No,Podium,Credit Card,Store,Imported from CSV,2025-06-27T16:52:36.599Z,
2025-06-17,Ivoryway Company Inc.,Ivoryway Company Inc.,203-802-940-00000,"42 Sct Bayoran South Triangle 1103 Quezon City NCR, Second District Philippines",,Ivoryway Ice (1x ₱157),General,157,,,,Yes,Podium,Cash,Store,Imported from CSV,2025-06-27T16:52:36.599Z,
2025-06-18,Fruitas,,,,,Coconut Water500ml (1x ₱85),General,85,,,,No,Podium,Cash,Store,Imported from CSV,2025-06-27T16:52:36.600Z,
2025-06-20,Arlene's Dairy House,,,,,Anchor whipping cream(3) (1x ₱1534); emborg mascarpone(3) (1x ₱1534),General,3068,,,,No,Podium,Credit Card,Store,Imported from CSV,2025-06-27T16:52:36.601Z,
2025-06-19,Grocery,,,,,Supermarket (1x ₱636),General,636,,,,No,Podium,Cash,Store,Imported from CSV,2025-06-27T16:52:36.601Z,
2025-06-19,Fruitas,,,,,Coconut Water500ml (1x ₱85),General,85,,,,No,Podium,Cash,Store,Imported from CSV,2025-06-27T16:52:36.601Z,
2025-06-19,FMPT Packaging Supplies Trading,,,,,Mini Spoon (1x ₱819.5); Straws 6mm 12mm (1x ₱819.5),General,1639,,,,No,Podium,Credit Card,Store,Imported from CSV,2025-06-27T16:52:36.601Z,
2025-06-20,Ivoryway Company Inc.,Ivoryway Company Inc.,203-802-940-00000,"42 Sct Bayoran South Triangle 1103 Quezon City NCR, Second District Philippines",,Ivoryway Ice (1x ₱112.5),General,112.5,,,,Yes,Podium,Cash,Store,Imported from CSV,2025-06-27T16:52:36.601Z,
2025-06-21,Kareila Mgt.corp,,,,,Arla Whippingcream6L (1x ₱2765.7),General,2765.7,,,,No,Podium,Credit Card,Store,Imported from CSV,2025-06-27T16:52:36.601Z,
2025-06-19,Ivoryway Company Inc.,Ivoryway Company Inc.,203-802-940-00000,"42 Sct Bayoran South Triangle 1103 Quezon City NCR, Second District Philippines",,Ivoryway Ice (1x ₱135),General,135,,,,Yes,Podium,Cash,Store,Imported from CSV,2025-06-27T16:52:36.601Z,
2025-06-22,Fruitas Group INC.,,,,,Coconut Water (1x ₱85),General,85,,,,No,Podium,Cash,Store,Imported from CSV,2025-06-27T16:52:36.601Z,
2025-06-19,Lalamove Fee,,,,,Cookies (1x ₱200),General,200,,,,No,Podium,Cash,Store,Imported from CSV,2025-06-27T16:52:36.601Z,
2025-06-22,SM Supermarket,,,,,White Sugar (1x ₱144); Egg (1x ₱144),General,288,,,,No,Podium,Cash,Store,Imported from CSV,2025-06-27T16:52:36.601Z,
2025-06-21,R&BTube Ice,,,,,10packs (1x ₱202),General,202,,,,No,Podium,Cash,Store,Imported from CSV,2025-06-27T16:52:36.601Z,
2025-06-22,Ivoryway Company Inc.,Ivoryway Company Inc.,203-802-940-00000,"42 Sct Bayoran South Triangle 1103 Quezon City NCR, Second District Philippines",,Ivoryway Ice (1x ₱157.5),General,157.5,,,,Yes,Podium,Cash,Store,Imported from CSV,2025-06-27T16:52:36.601Z,
2025-06-23,Allegro Beverage Corporation,Allegro Beverage Corporation,203-457-225-00003,"Jang Bldg., Gov. M. Cuenco Ave,. Banilad, 6000 Cebu City",,Oatside10L (1x ₱6600),General,6600,,,,Yes,Podium,Credit Card,Store,Imported from CSV,2025-06-27T16:52:36.602Z,
2025-06-23,Willard's Enterprise,,,,,Laciate48Lx (1x ₱4256),General,4256,,,,No,Podium,Credit Card,Store,Imported from CSV,2025-06-27T16:52:36.602Z,
2025-06-22,Indigo Ink Pub Inc,,,,,Stickers (1x ₱3410),General,3410,,,,No,Podium,Credit Card,Store,Imported from CSV,2025-06-27T16:52:36.602Z,
2025-06-24,Ivoryway Company Inc.,Ivoryway Company Inc.,203-802-940-00000,"42 Sct Bayoran South Triangle 1103 Quezon City NCR, Second District Philippines",,Ivoryway ice (1x ₱157.5),General,157.5,,,,Yes,Podium,Cash,Store,Imported from CSV | Merged with additional CSV data,2025-06-27T16:52:36.602Z,2025-09-24T10:56:56.125Z
2025-06-23,Global Pacific,,,,,DLAStrawberryx1/White Chocolate Barx2 (1x ₱3285),General,3285,,,,No,Podium,Credit Card,Store,Imported from CSV,2025-06-27T16:52:36.602Z,
2025-06-23,R&BTube Ice,,,,,7 (1x ₱158),General,158,,,,No,Podium,Cash,Store,Imported from CSV,2025-06-27T16:52:36.602Z,
2025-06-23,Grocery,,,,,Supermarket (1x ₱437),General,437,,,,No,Podium,Cash,Store,Imported from CSV,2025-06-27T16:52:36.602Z,
2025-09-21,R&BTube Ice,,,,,Ice (1x ₱225),General,225,,,,No,Podium,Cash,Store,Imported from CSV,2025-09-24T10:56:56.023Z,2025-09-24T13:23:30.381Z
2025-09-22,Lalamove,,,,,Warabimochi (1x ₱178),General,178,,,,No,Podium,Cash,Store,Imported from CSV,2025-09-24T10:56:56.023Z,2025-09-24T13:23:30.386Z
2025-09-22,Kmakati Mart,,,,,Whipping cream (1x ₱2137.5); mascarpone (1x ₱2137.5),General,4275,,,,No,Podium,Credit Card,Store,Imported from CSV,2025-09-24T10:56:56.023Z,2025-09-24T13:23:30.390Z
2025-09-21,Lalamove,,,,,Delivery (1x ₱150),General,150,,,,No,Podium,Cash,Store,Imported from CSV,2025-09-24T10:56:56.023Z,2025-09-24T13:23:30.395Z
2025-09-20,Fruitas,,,,,Coconut water 1L (1x ₱170),General,170,,,,No,Podium,Cash,Store,Imported from CSV,2025-09-24T10:56:56.024Z,2025-09-24T13:23:30.400Z
2025-09-20,Lalamove,,,,,Warabi mochi (1x ₱150),General,150,,,,No,Podium,Cash,Store,Imported from CSV,2025-09-24T10:56:56.024Z,2025-09-24T13:23:30.404Z
2025-09-20,S&R,,,,,Whipped cream and white sugar (1x ₱2718.45),General,2718.45,,,,No,Podium,Credit Card,Store,Imported from CSV,2025-09-24T10:56:56.024Z,2025-09-24T13:23:30.409Z
2025-09-21,Supermarket,,,,,Grocery (1x ₱1023),General,1023,,,,No,Podium,Cash,Store,Imported from CSV,2025-09-24T10:56:56.024Z,2025-09-24T13:23:30.413Z
2025-09-20,Ivoryway Company Inc.,Ivoryway Company Inc.,203-802-940-00000,"42 Sct Bayoran South Triangle 1103 Quezon City NCR, Second District Philippines",,Ice (1x ₱225),General,225,,,,Yes,Podium,Cash,Store,Imported from CSV,2025-09-24T10:56:56.025Z,2025-09-24T13:23:30.418Z
2025-09-19,TX Concept Group Inc.,,,,,Paperbag small (1x ₱440),General,440,,,,No,Podium,Credit Card,Store,Imported from CSV,2025-09-24T10:56:56.025Z,2025-09-24T13:23:30.422Z
2025-09-18,Lalamove,,,,,Cookies (1x ₱120),General,120,,,,No,Podium,Cash,Store,Imported from CSV,2025-09-24T10:56:56.025Z,2025-09-24T13:23:30.426Z
2025-09-19,Ivoryway Company Inc.,Ivoryway Company Inc.,203-802-940-00000,"42 Sct Bayoran South Triangle 1103 Quezon City NCR, Second District Philippines",,Ice (1x ₱135),General,135,,,,Yes,Podium,Cash,Store,Imported from CSV,2025-09-24T10:56:56.025Z,2025-09-24T13:23:30.430Z
2025-09-18,Lalamove,,,,,Grab food error (1x ₱83),General,83,,,,No,Podium,Cash,Store,Imported from CSV,2025-09-24T10:56:56.026Z,2025-09-24T13:23:30.435Z
2025-09-18,S&R,,,,,Whipped cream (1x ₱1234.1000000000001); white sugar (1x ₱1234.1000000000001); trash bags (1x ₱1234.1000000000001),General,3702.3,,,,No,Podium,Credit Card,Store,Imported from CSV,2025-09-24T10:56:56.026Z,2025-09-24T13:23:30.438Z
2025-09-18,Ivoryway Company Inc.,Ivoryway Company Inc.,203-802-940-00000,"42 Sct Bayoran South Triangle 1103 Quezon City NCR, Second District Philippines",,Ice (1x ₱180),General,180,,,,Yes,Podium,Cash,Store,Imported from CSV,2025-09-24T10:56:56.026Z,2025-09-24T13:23:30.442Z
2025-09-18,Food Alley,,,,,Banana (1x ₱99),General,99,,,,No,Podium,Cash,Store,Imported from CSV,2025-09-24T10:56:56.026Z,2025-09-24T13:23:30.447Z
2025-09-18,Bakers choice,,,,,Dairy oat (1x ₱6470),General,6470,,,,No,Podium,Credit Card,Store,Imported from CSV,2025-09-24T10:56:56.027Z,2025-09-24T13:23:30.451Z
2025-09-18,Fruitas,,,,,Coconut water 1L (1x ₱170),General,170,,,,No,Podium,Cash,Store,Imported from CSV,2025-09-24T10:56:56.027Z,2025-09-24T13:23:30.455Z
2025-09-18,Lalamove,,,,,Cups and lids (1x ₱150),General,150,,,,No,Podium,Cash,Store,Imported from CSV,2025-09-24T10:56:56.027Z,2025-09-24T13:23:30.459Z
2025-09-18,Lalamove,,,,,Dairy and oatmilk (1x ₱411),General,411,,,,No,Podium,Cash,Store,Imported from CSV,2025-09-24T10:56:56.027Z,2025-09-24T13:23:30.464Z
2025-09-18,SM,,,,,Everwhip (1x ₱286.375); Egg medium (1x ₱286.375),General,572.75,,,,No,Podium,Cash,Store,Imported from CSV,2025-09-24T10:56:56.027Z,2025-09-24T13:23:30.468Z
2025-09-17,Kmakati Mart,,,,,Mascarpone (1x ₱4725),General,4725,,,,No,Podium,Credit Card,Store,Imported from CSV,2025-09-24T10:56:56.028Z,2025-09-24T13:23:30.472Z
2025-09-17,Plain Sight,,,,,2L coffee beans (1x ₱3136),General,3136,,,,No,Podium,Credit Card,Store,Imported from CSV,2025-09-24T10:56:56.028Z,2025-09-24T13:23:30.477Z
2025-09-17,Lalamove,,,,,Warabimochi (1x ₱135),General,135,,,,No,Podium,Cash,Store,Imported from CSV,2025-09-24T10:56:56.028Z,2025-09-24T13:23:30.484Z
2025-09-16,Bakers choice,,,,,White chocolate sauce (1x ₱890),General,890,,,,No,Podium,Credit Card,Store,Imported from CSV,2025-09-24T10:56:56.028Z,2025-09-24T13:23:30.490Z
2025-09-17,Lalamove,,,,,Ice cream (1x ₱148),General,148,,,,No,Podium,Cash,Store,Imported from CSV,2025-09-24T10:56:56.028Z,2025-09-24T13:23:30.495Z
2025-09-16,Ivoryway Company Inc.,Ivoryway Company Inc.,203-802-940-00000,"42 Sct Bayoran South Triangle 1103 Quezon City NCR, Second District Philippines",,Ice (1x ₱335),General,335,,,,Yes,Podium,Cash,Store,Imported from CSV,2025-09-24T10:56:56.029Z,2025-09-24T13:23:30.501Z
2025-09-16,Food Alley,,,,,Banana (1x ₱190),General,190,,,,No,Podium,Cash,Store,Imported from CSV,2025-09-24T10:56:56.029Z,2025-09-24T13:23:30.505Z
2025-09-16,Lalamove,,,,,Cups and lids (1x ₱155),General,155,,,,No,Podium,Cash,Store,Imported from CSV,2025-09-24T10:56:56.029Z,2025-09-24T13:23:30.510Z
2025-09-16,Lalamove,,,,,White chocolate sauce (1x ₱200),General,200,,,,No,Podium,Cash,Store,Imported from CSV,2025-09-24T10:56:56.029Z,2025-09-24T13:23:30.515Z
2025-09-16,Fruitas,,,,,Coconut Water (1x ₱85),General,85,,,,No,Podium,Cash,Store,Imported from CSV,2025-09-24T10:56:56.029Z,2025-09-24T13:23:30.519Z
2025-09-14,Ivoryway Company Inc.,Ivoryway Company Inc.,203-802-940-00000,"42 Sct Bayoran South Triangle 1103 Quezon City NCR, Second District Philippines",,Ice (1x ₱337.5),General,337.5,,,,Yes,Podium,Cash,Store,Imported from CSV,2025-09-24T10:56:56.030Z,2025-09-24T13:23:30.523Z
2025-09-16,Haig and Lee Import Export Corp.,,,,,Coffee Straw 6mm (1x ₱813); Cupholder 2's (1x ₱813),General,1626,,,,No,Podium,Credit Card,Store,Imported from CSV,2025-09-24T10:56:56.030Z,2025-09-24T13:23:30.528Z
2025-09-14,Bakers choice,,,,,Dairy milk (1x ₱4710),General,4710,,,,No,Podium,Credit Card,Store,Imported from CSV,2025-09-24T10:56:56.030Z,2025-09-24T13:23:30.532Z
2025-09-14,Lalamove,,,,,Cookies (1x ₱150),General,150,,,,No,Podium,Cash,Store,Imported from CSV,2025-09-24T10:56:56.030Z,2025-09-24T13:23:30.537Z
2025-09-15,Lalamove,,,,,Warabi (1x ₱176),General,176,,,,No,Podium,Cash,Store,Imported from CSV,2025-09-24T10:56:56.030Z,2025-09-24T13:23:30.542Z
2025-09-15,Unknown,,,,,Ice (1x ₱112),General,112,,,,No,Podium,Cash,Store,Imported from CSV,2025-09-24T10:56:56.030Z,2025-09-24T13:23:30.547Z
2025-09-13,Lalamove,,,,,Warabimochi (1x ₱190),General,190,,,,No,Podium,Cash,Store,Imported from CSV,2025-09-24T10:56:56.031Z,2025-09-24T13:23:30.552Z
2025-09-13,S&R,,,,,Whipped Cream (1x ₱1558.725); White Sugar (1x ₱1558.725),General,3117.45,,,,No,Podium,Credit Card,Store,Imported from CSV,2025-09-24T10:56:56.031Z,2025-09-24T13:23:30.556Z
2025-09-14,Lalamove,,,,,Oat and dairy (1x ₱411),General,411,,,,No,Podium,Cash,Store,Imported from CSV,2025-09-24T10:56:56.031Z,2025-09-24T13:23:30.560Z
2025-09-13,Ivoryway Company Inc.,Ivoryway Company Inc.,203-802-940-00000,"42 Sct Bayoran South Triangle 1103 Quezon City NCR, Second District Philippines",,Ice (1x ₱225),General,225,,,,Yes,Podium,Cash,Store,Imported from CSV,2025-09-24T10:56:56.031Z,2025-09-24T13:23:30.566Z
2025-09-13,Fruitas,,,,,Coconut Water (1x ₱170),General,170,,,,No,Podium,Cash,Store,Imported from CSV,2025-09-24T10:56:56.031Z,2025-09-24T13:23:30.570Z
2025-09-11,Plain Sight,,,,,Coffee Beans (1x ₱3136),General,3136,,,,No,Podium,Credit Card,Store,Imported from CSV,2025-09-24T10:56:56.032Z,2025-09-24T13:23:30.575Z
2025-09-11,Food Alley,,,,,Banana (1x ₱110),General,110,,,,No,Podium,Cash,Store,Imported from CSV,2025-09-24T10:56:56.032Z,2025-09-24T13:23:30.580Z
2025-09-12,National Bookstore,,,,,Tape (1x ₱180),General,180,,,,No,Podium,Cash,Store,Imported from CSV,2025-09-24T10:56:56.032Z,2025-09-24T13:23:30.584Z
2025-09-11,Irish Luck Inc,,,,,16oz cups and lids (1x ₱4317.6),General,4317.6,,,,No,Podium,Credit Card,Store,Imported from CSV,2025-09-24T10:56:56.032Z,2025-09-24T13:23:30.589Z
2025-09-12,Unknown,,,,,Ice (1x ₱112.5),General,112.5,,,,No,Podium,Cash,Store,Imported from CSV,2025-09-24T10:56:56.032Z,2025-09-24T13:23:30.593Z
2025-09-11,Bakers choice,,,,,Dairy and oatmilk (1x ₱6450),General,6450,,,,No,Podium,Credit Card,Store,Imported from CSV,2025-09-24T10:56:56.032Z,2025-09-24T13:23:30.598Z
2025-09-11,Lalamove,,,,,Cookies (1x ₱150),General,150,,,,No,Podium,Cash,Store,Imported from CSV,2025-09-24T10:56:56.033Z,2025-09-24T13:23:30.603Z
2025-09-11,AC Packaging,,,,,Online store items (1x ₱360),General,360,,,,No,Podium,Credit Card,Store,Imported from CSV,2025-09-24T10:56:56.033Z,2025-09-24T13:23:30.607Z
2025-09-11,Lalamove,,,,,Dairymilk oat (1x ₱620),General,620,,,,No,Podium,Cash,Store,Imported from CSV,2025-09-24T10:56:56.033Z,2025-09-24T13:23:30.612Z
2025-09-11,R&BTube Ice,,,,,Ice (1x ₱180),General,180,,,,No,Podium,Cash,Store,Imported from CSV,2025-09-24T10:56:56.033Z,2025-09-24T13:23:30.617Z
2025-09-11,AC Packaging,,,,,Straw 6mm (1x ₱580); 12mm (1x ₱580),General,1160,,,,No,Podium,Credit Card,Store,Imported from CSV,2025-09-24T10:56:56.033Z,2025-09-24T13:23:30.622Z
2025-09-10,Watsons,,,,,Medicine kit (1x ₱216.5),General,216.5,,,,No,Podium,Cash,Store,Imported from CSV,2025-09-24T10:56:56.034Z,2025-09-24T13:23:30.627Z
2025-09-10,Fruitas,,,,,Coconut water (1x ₱170),General,170,,,,No,Podium,Cash,Store,Imported from CSV,2025-09-24T10:56:56.034Z,2025-09-24T13:23:30.632Z
2025-09-11,Lalamove,,,,,Paper bag & Straws (1x ₱140),General,140,,,,No,Podium,Cash,Store,Imported from CSV,2025-09-24T10:56:56.034Z,2025-09-24T13:23:30.637Z
2025-09-10,Lalamove,,,,,Warabi mochi (1x ₱176),General,176,,,,No,Podium,Cash,Store,Imported from CSV,2025-09-24T10:56:56.034Z,2025-09-24T13:23:30.641Z
2025-09-10,SM Supermarket,,,,,Egg (1x ₱414.125); White sugar (1x ₱414.125),General,828.25,,,,No,Podium,Cash,Store,Imported from CSV,2025-09-24T10:56:56.034Z,2025-09-24T13:23:30.646Z
2025-09-11,Lalamove,,,,,12oz cups (1x ₱368),General,368,,,,No,Podium,Cash,Store,Imported from CSV,2025-09-24T10:56:56.034Z,2025-09-24T13:23:30.651Z
2025-09-10,S&R,,,,,Whipping Cream 6L (1x ₱2765.7),General,2765.7,,,,No,Podium,Credit Card,Store,Imported from CSV,2025-09-24T10:56:56.034Z,2025-09-24T13:23:30.655Z
2025-09-09,Watsons,,,,,Gloves (1x ₱203),General,203,,,,No,Podium,Cash,Store,Imported from CSV,2025-09-24T10:56:56.035Z,2025-09-24T13:23:30.659Z
2025-09-09,Ivoryway Company Inc.,Ivoryway Company Inc.,203-802-940-00000,"42 Sct Bayoran South Triangle 1103 Quezon City NCR, Second District Philippines",,Ice (1x ₱225),General,225,,,,Yes,Podium,Cash,Store,Imported from CSV,2025-09-24T10:56:56.035Z,2025-09-24T13:23:30.664Z
2025-09-08,Lalamove,,,,,Warabimochi (1x ₱180),General,180,,,,No,Podium,Cash,Store,Imported from CSV,2025-09-24T10:56:56.035Z,2025-09-24T13:23:30.669Z
2025-09-09,Unknown,,,,,Banana (1x ₱110),General,110,,,,No,Podium,Cash,Store,Imported from CSV,2025-09-24T10:56:56.035Z,2025-09-24T13:23:30.674Z
2025-09-08,Ivoryway Company Inc.,Ivoryway Company Inc.,203-802-940-00000,"42 Sct Bayoran South Triangle 1103 Quezon City NCR, Second District Philippines",,Ice (1x ₱112.5),General,112.5,,,,Yes,Podium,Cash,Store,Imported from CSV,2025-09-24T10:56:56.035Z,2025-09-24T13:23:30.678Z
2025-09-08,Allegro Beverage Corporation,,,,,Oatmilk (1x ₱2075); earlgrey (1x ₱2075),General,4150,,,,No,Podium,Credit Card,Store,Imported from CSV,2025-09-24T10:56:56.035Z,2025-09-24T13:23:30.684Z
2025-09-07,Lalamove,,,,,Dairy milk (1x ₱329),General,329,,,,No,Podium,Cash,Store,Imported from CSV,2025-09-24T10:56:56.036Z,2025-09-24T13:23:30.688Z
2025-09-07,S&R,,,,,Whipped cream (1x ₱1589.7); white sugar (1x ₱1589.7),General,3179.4,,,,No,Podium,Credit Card,Store,Imported from CSV,2025-09-24T10:56:56.036Z,2025-09-24T13:23:30.693Z
2025-09-07,Builtamart,,,,,Mascarpone (1x ₱1140),General,1140,,,,No,Podium,Credit Card,Store,Imported from CSV,2025-09-24T10:56:56.036Z,2025-09-24T13:23:30.698Z
2025-09-08,Lalamove,,,,,Oatmilk (1x ₱150); earlgrey (1x ₱150),General,300,,,,No,Podium,Cash,Store,Imported from CSV,2025-09-24T10:56:56.036Z,2025-09-24T13:23:30.702Z
2025-09-07,Lalamove,,,,,Cookies (1x ₱150),General,150,,,,No,Podium,Cash,Store,Imported from CSV,2025-09-24T10:56:56.036Z,2025-09-24T13:23:30.706Z
2025-09-07,The Marketplace,,,,,Dairy 10L (1x ₱1215),General,1215,,,,No,Podium,Credit Card,Store,Imported from CSV,2025-09-24T10:56:56.037Z,2025-09-24T13:23:30.710Z
2025-09-06,Lalamove,,,,,Warabi (1x ₱176),General,176,,,,No,Podium,Cash,Store,Imported from CSV,2025-09-24T10:56:56.037Z,2025-09-24T13:23:30.715Z
2025-09-07,Ivoryway Company Inc.,Ivoryway Company Inc.,203-802-940-00000,"42 Sct Bayoran South Triangle 1103 Quezon City NCR, Second District Philippines",,Ice (1x ₱337.5),General,337.5,,,,Yes,Podium,Cash,Store,Imported from CSV,2025-09-24T10:56:56.037Z,2025-09-24T13:23:30.719Z
2025-09-06,R&BTube Ice,,,,,Ice (1x ₱135),General,135,,,,No,Podium,Cash,Store,Imported from CSV,2025-09-24T10:56:56.037Z,2025-09-24T13:23:30.723Z
2025-09-07,Laciate,,,,,Dairy 5 boxes (1x ₱4800),General,4800,,,,No,Podium,Credit Card,Store,Imported from CSV,2025-09-24T10:56:56.037Z,2025-09-24T13:23:30.728Z
2025-09-05,Ivoryway Company Inc.,Ivoryway Company Inc.,203-802-940-00000,"42 Sct Bayoran South Triangle 1103 Quezon City NCR, Second District Philippines",,Ice (1x ₱225),General,225,,,,Yes,Podium,Cash,Store,Imported from CSV,2025-09-24T10:56:56.038Z,2025-09-24T13:23:30.732Z
2025-09-05,Grab,,,,,Whipped cream (1x ₱100),General,100,,,,No,Podium,Cash,Store,Imported from CSV,2025-09-24T10:56:56.038Z,2025-09-24T13:23:30.737Z
2025-09-05,Lalamove,,,,,Ice cream tubs (1x ₱312),General,312,,,,No,Podium,Cash,Store,Imported from CSV,2025-09-24T10:56:56.038Z,2025-09-24T13:23:30.741Z
2025-09-04,Unknown,,,,,Customer change (1x ₱150),General,150,,,,No,Podium,Cash,Store,Imported from CSV,2025-09-24T10:56:56.038Z,2025-09-24T13:23:30.745Z
2025-09-06,Fruitas,,,,,Coconut Water 1000mL (1x ₱160),General,160,,,,No,Podium,Cash,Store,Imported from CSV,2025-09-24T10:56:56.038Z,2025-09-24T13:23:30.750Z
2025-09-05,S&R,,,,,Whipped cream (1x ₱2765.7),General,2765.7,,,,No,Podium,Credit Card,Store,Imported from CSV,2025-09-24T10:56:56.038Z,2025-09-24T13:23:30.754Z
2025-09-03,Lalamove,,,,,Strawberry syrup (1x ₱104),General,104,,,,No,Podium,Cash,Store,Imported from CSV,2025-09-24T10:56:56.039Z,2025-09-24T13:23:30.758Z
2025-09-04,Lalamove,,,,,Oatside (5box) Nobo(3L) (1x ₱296),General,296,,,,No,Podium,Cash,Store,Imported from CSV,2025-09-24T10:56:56.039Z,2025-09-24T13:23:30.763Z
2025-09-04,Lalamove,,,,,Cookies (1x ₱150),General,150,,,,No,Podium,Cash,Store,Imported from CSV,2025-09-24T10:56:56.039Z,2025-09-24T13:23:30.768Z
2025-09-04,Lalamove,,,,,16oz lids (1x ₱666),General,666,,,,No,Podium,Cash,Store,Imported from CSV,2025-09-24T10:56:56.039Z,2025-09-24T13:23:30.772Z
2025-09-04,Ivoryway Company Inc.,Ivoryway Company Inc.,203-802-940-00000,"42 Sct Bayoran South Triangle 1103 Quezon City NCR, Second District Philippines",,Ice (1x ₱225),General,225,,,,Yes,Podium,Cash,Store,Imported from CSV,2025-09-24T10:56:56.039Z,2025-09-24T13:23:30.776Z
2025-09-04,Unknown,,,,,Kamote (1x ₱93),General,93,,,,No,Podium,Cash,Store,Imported from CSV,2025-09-24T10:56:56.039Z,2025-09-24T13:23:30.781Z
2025-09-03,National Bookstore,,,,,Scotch Tape (1x ₱164.66666666666666); pen marker (1x ₱164.66666666666666); battery (1x ₱164.66666666666666),General,494,,,,No,Podium,Cash,Store,Imported from CSV,2025-09-24T10:56:56.040Z,2025-09-24T13:23:30.785Z
2025-09-03,S&R,,,,,Whipped cream (1x ₱2765.7),General,2765.7,,,,No,Podium,Credit Card,Store,Imported from CSV,2025-09-24T10:56:56.040Z,2025-09-24T13:23:30.789Z
2025-09-03,SM,,,,,Trash bags (1x ₱317.1666666666667); warabi sauce container (1x ₱317.1666666666667); medium eggs (1x ₱317.1666666666667),General,951.5,,,,No,Podium,Cash,Store,Imported from CSV,2025-09-24T10:56:56.040Z,2025-09-24T13:23:30.794Z
2025-09-03,Bakers choice,,,,,Salted caramel (1x ₱2620); dairymilk (1x ₱2620),General,5240,,,,No,Podium,Credit Card,Store,Imported from CSV,2025-09-24T10:56:56.040Z,2025-09-24T13:23:30.798Z
2025-09-03,Bakers choice,,,,,White choco sauce (1x ₱426.6666666666667); everwhip (1x ₱426.6666666666667); bunge (1x ₱426.6666666666667),General,1280,,,,No,Podium,Credit Card,Store,Imported from CSV,2025-09-24T10:56:56.040Z,2025-09-24T13:23:30.802Z
2025-09-03,Lalamove,,,,,Warabi Mochi (1x ₱171),General,171,,,,No,Podium,Cash,Store,Imported from CSV,2025-09-24T10:56:56.041Z,2025-09-24T13:23:30.807Z
2025-09-02,Lalamove,,,,,Tip (1x ₱130),General,130,,,,No,Podium,Cash,Store,Imported from CSV,2025-09-24T10:56:56.041Z,2025-09-24T13:23:30.811Z
2025-09-03,Lalamove,,,,,White Choco (1x ₱67.66666666666667); Bunge (1x ₱67.66666666666667); Everwhip (1x ₱67.66666666666667),General,203,,,,No,Podium,Cash,Store,Imported from CSV,2025-09-24T10:56:56.041Z,2025-09-24T13:23:30.816Z
2025-09-02,Grab Mart,,,,,Delivery (1x ₱2274),General,2274,,,,No,Podium,Credit Card,Store,Imported from CSV,2025-09-24T10:56:56.041Z,2025-09-24T13:23:30.820Z
2025-09-02,Plain Sight,,,,,Coffee beans (1x ₱3136),General,3136,,,,No,Podium,Credit Card,Store,Imported from CSV,2025-09-24T10:56:56.041Z,2025-09-24T13:23:30.825Z
2025-08-30,Robinson's Supermarket Corporation,,,,,Dairy (1x ₱623.75); whipped cream (1x ₱623.75); dalandan concentrate (1x ₱623.75); condensed milk (1x ₱623.75),General,2495,,,,No,Podium,Credit Card,Store,Imported from CSV,2025-09-24T10:56:56.042Z,2025-09-24T13:23:30.830Z
2025-09-01,Ivoryway Company Inc.,Ivoryway Company Inc.,203-802-940-00000,"42 Sct Bayoran South Triangle 1103 Quezon City NCR, Second District Philippines",,Ice (1x ₱90),General,90,,,,Yes,Podium,Cash,Store,Imported from CSV,2025-09-24T10:56:56.042Z,2025-09-24T13:23:30.835Z
2025-09-02,R&BTube Ice,,,,,Ice bags (1x ₱180),General,180,,,,No,Podium,Cash,Store,Imported from CSV,2025-09-24T10:56:56.042Z,2025-09-24T13:23:30.839Z
2025-08-31,SM Supermarket,,,,,Arla whipping cream (4) (1x ₱1964),General,1964,,,,No,Podium,Cash,Store,Imported from CSV,2025-09-24T10:56:56.042Z,2025-09-24T13:23:30.844Z
2025-09-02,Fruitas,,,,,Coconut Water 1500ml (1x ₱255),General,255,,,,No,Podium,Cash,Store,Imported from CSV,2025-09-24T10:56:56.042Z,2025-09-24T13:23:30.848Z
2025-08-31,Ivoryway Company Inc.,Ivoryway Company Inc.,203-802-940-00000,"42 Sct Bayoran South Triangle 1103 Quezon City NCR, Second District Philippines",,Ice (1x ₱337.5),General,337.5,,,,Yes,Podium,Cash,Store,Imported from CSV,2025-09-24T10:56:56.042Z,2025-09-24T13:23:30.853Z
2025-08-29,Grab,,,,,Delivery Tip (1x ₱100),General,100,,,,No,Podium,Cash,Store,Imported from CSV,2025-09-24T10:56:56.043Z,2025-09-24T13:23:30.857Z
2025-08-30,Fruitas,,,,,Coconut water (1x ₱170),General,170,,,,No,Podium,Cash,Store,Imported from CSV,2025-09-24T10:56:56.043Z,2025-09-24T13:23:30.861Z
2025-08-29,Supermarket,,,,,Grocery (1x ₱2752),General,2752,,,,No,Podium,Cash,Store,Imported from CSV,2025-09-24T10:56:56.043Z,2025-09-24T13:23:30.866Z
2025-08-30,Ivoryway Company Inc.,Ivoryway Company Inc.,203-802-940-00000,"42 Sct Bayoran South Triangle 1103 Quezon City NCR, Second District Philippines",,Ice (1x ₱225),General,225,,,,Yes,Podium,Cash,Store,Imported from CSV,2025-09-24T10:56:56.043Z,2025-09-24T13:23:30.872Z
2025-08-28,AAB Baking Goods and Supplies Inc.,,,,,Supplies (1x ₱340),General,340,,,,No,Podium,Credit Card,Store,Imported from CSV,2025-09-24T10:56:56.044Z,2025-09-24T13:23:30.880Z
2025-08-28,AAB Baking Goods and Supplies Inc.,,,,,Whipping Cream (1x ₱2673),General,2673,,,,No,Podium,Credit Card,Store,Imported from CSV,2025-09-24T10:56:56.044Z,2025-09-24T13:23:30.886Z
2025-08-29,R&BTube Ice,,,,,Ice (1x ₱295),General,295,,,,No,Podium,Cash,Store,Imported from CSV,2025-09-24T10:56:56.044Z,2025-09-24T13:23:30.893Z
2025-08-28,R&BTube Ice,,,,,Ice (1x ₱225),General,225,,,,No,Podium,Cash,Store,Imported from CSV,2025-09-24T10:56:56.044Z,2025-09-24T13:23:30.899Z
2025-08-28,Unknown,,,,,Banana 1kg (1x ₱170),General,170,,,,No,Podium,Cash,Store,Imported from CSV,2025-09-24T10:56:56.045Z,2025-09-24T13:23:30.903Z
2025-08-28,Lalamove,,,,,Delivery (1x ₱140),General,140,,,,No,Podium,Cash,Store,Imported from CSV,2025-09-24T10:56:56.045Z,2025-09-24T13:23:30.908Z
2025-08-28,Lalamove,,,,,Delivery (1x ₱240),General,240,,,,No,Podium,Cash,Store,Imported from CSV,2025-09-24T10:56:56.045Z,2025-09-24T13:23:30.913Z
2025-08-27,Grab Mart,,,,,Delivery (1x ₱1843),General,1843,,,,No,Podium,Credit Card,Store,Imported from CSV,2025-09-24T10:56:56.045Z,2025-09-24T13:23:30.918Z
2025-08-26,AC Packaging,,,,,Paperbag L (1x ₱478); 4's cupholder (1x ₱478),General,956,,,,No,Podium,Credit Card,Store,Imported from CSV,2025-09-24T10:56:56.046Z,2025-09-24T13:23:30.923Z
2025-08-27,Fruitas,,,,,Coconut Water 500ml x2 (1x ₱170),General,170,,,,No,Podium,Cash,Store,Imported from CSV,2025-09-24T10:56:56.046Z,2025-09-24T13:23:30.929Z
2025-08-26,Allegro Beverage Corporation,,,,,Oatmilk 30L (1x ₱6600),General,6600,,,,No,Podium,Credit Card,Store,Imported from CSV,2025-09-24T10:56:56.046Z,2025-09-24T13:23:30.936Z
2025-08-26,M.D.R Consumer Goods Trading,,,,,Dairymilk 60L everwhip (1x ₱4710),General,4710,,,,No,Podium,Credit Card,Store,Imported from CSV,2025-09-24T10:56:56.046Z,2025-09-24T13:23:30.942Z
2025-08-26,Ivoryway Company Inc.,Ivoryway Company Inc.,203-802-940-00000,"42 Sct Bayoran South Triangle 1103 Quezon City NCR, Second District Philippines",,Ice (1x ₱270),General,270,,,,Yes,Podium,Cash,Store,Imported from CSV,2025-09-24T10:56:56.046Z,2025-09-24T13:23:30.948Z
2025-08-25,Ivoryway Company Inc.,Ivoryway Company Inc.,203-802-940-00000,"42 Sct Bayoran South Triangle 1103 Quezon City NCR, Second District Philippines",,Ice (1x ₱112.5),General,112.5,,,,Yes,Podium,Cash,Store,Imported from CSV,2025-09-24T10:56:56.047Z,2025-09-24T13:23:30.952Z
2025-08-25,Haig and Lee Import Export Corp.,,,,,Wooden spoon straw 6mm (1x ₱3274),General,3274,,,,No,Podium,Credit Card,Store,Imported from CSV,2025-09-24T10:56:56.047Z,2025-09-24T13:23:30.957Z
2025-08-25,Lalamove,,,,,Warabi mochi (1x ₱171),General,171,,,,No,Podium,Cash,Store,Imported from CSV,2025-09-24T10:56:56.047Z,2025-09-24T13:23:30.962Z
2025-08-24,Lalamove,,,,,Warabimochi (1x ₱247),General,247,,,,No,Podium,Cash,Store,Imported from CSV,2025-09-24T10:56:56.048Z,2025-09-24T13:23:30.966Z
2025-08-24,AAB Baking Goods and Supplies Inc.,,,,,Anchor whipped cream (1x ₱723),General,723,,,,No,Podium,Credit Card,Store,Imported from CSV,2025-09-24T10:56:56.048Z,2025-09-24T13:23:30.971Z
2025-08-24,Kukido Cookie Corp.,,,,,Cookies (1x ₱6545),General,6545,,,,No,Podium,Credit Card,Store,Imported from CSV,2025-09-24T10:56:56.048Z,2025-09-24T13:23:30.976Z
2025-08-24,Irish Luck Inc,,,,,12oz lids (1x ₱1272.3200000000002); cups (1x ₱1272.3200000000002); dome lids and 16oz lids (1x ₱1272.3200000000002); cups (1x ₱1272.3200000000002); dome lids (1x ₱1272.3200000000002),General,6361.6,,,,No,Podium,Credit Card,Store,Imported from CSV,2025-09-24T10:56:56.048Z,2025-09-24T13:23:30.982Z
2025-08-24,S&R,,,,,White sugar (1x ₱990.15); whipped cream (1x ₱990.15); oatmilk (1x ₱990.15),General,2970.45,,,,No,Podium,Credit Card,Store,Imported from CSV,2025-09-24T10:56:56.048Z,2025-09-24T13:23:30.986Z
2025-08-24,Lalamove,,,,,Cookies (1x ₱160),General,160,,,,No,Podium,Cash,Store,Imported from CSV,2025-09-24T10:56:56.049Z,2025-09-24T13:23:30.992Z
2025-08-24,Grab,,,,,MOA supplies (1x ₱414),General,414,,,,No,Podium,Cash,Store,Imported from CSV,2025-09-24T10:56:56.049Z,2025-09-24T13:23:30.997Z
2025-08-24,Lalamove,,,,,Cups and lids (1x ₱213),General,213,,,,No,Podium,Cash,Store,Imported from CSV,2025-09-24T10:56:56.049Z,2025-09-24T13:23:31.003Z
2025-08-24,Lalamove,,,,,Drink (1x ₱130),General,130,,,,No,Podium,Cash,Store,Imported from CSV,2025-09-24T10:56:56.049Z,2025-09-24T13:23:31.010Z
2025-08-23,FMPT Packaging Supplies Trading,,,,,Straws 6mm 500pcs (1x ₱575),General,575,,,,No,Podium,Credit Card,Store,Imported from CSV,2025-09-24T10:56:56.050Z,2025-09-24T13:23:31.017Z
2025-08-24,Ivoryway Company Inc.,Ivoryway Company Inc.,203-802-940-00000,"42 Sct Bayoran South Triangle 1103 Quezon City NCR, Second District Philippines",,Ice (1x ₱225),General,225,,,,Yes,Podium,Cash,Store,Imported from CSV,2025-09-24T10:56:56.050Z,2025-09-24T13:23:31.022Z
2025-08-23,Waltermat Supermarket,,,,,Oatside milk (1x ₱1215),General,1215,,,,No,Podium,Credit Card,Store,Imported from CSV,2025-09-24T10:56:56.051Z,2025-09-24T13:23:31.029Z
2025-08-23,Fruitas,,,,,Coconut Water 1L (1x ₱160),General,160,,,,No,Podium,Cash,Store,Imported from CSV,2025-09-24T10:56:56.051Z,2025-09-24T13:23:31.034Z
2025-08-23,R&BTube Ice,,,,,Ice (1x ₱225),General,225,,,,No,Podium,Cash,Store,Imported from CSV,2025-09-24T10:56:56.052Z,2025-09-24T13:23:31.039Z
2025-08-22,Ivoryway Company Inc.,Ivoryway Company Inc.,203-802-940-00000,"42 Sct Bayoran South Triangle 1103 Quezon City NCR, Second District Philippines",,Ice (1x ₱225),General,225,,,,Yes,Podium,Cash,Store,Imported from CSV,2025-09-24T10:56:56.052Z,2025-09-24T13:23:31.044Z
2025-08-22,M.D.R Consumer Goods Trading,,,,,Dairymilk (1x ₱2000); white sugar (1x ₱2000),General,4000,,,,No,Podium,Credit Card,Store,Imported from CSV,2025-09-24T10:56:56.052Z,2025-09-24T13:23:31.049Z
2025-08-21,S&R,,,,,Oatmilk (1x ₱2137.1); mascarpone (1x ₱2137.1); whipped cream (1x ₱2137.1),General,6411.3,,,,No,Podium,Credit Card,Store,Imported from CSV,2025-09-24T10:56:56.053Z,2025-09-24T13:23:31.053Z
2025-08-22,Food Alley,,,,,Banana (1x ₱160),General,160,,,,No,Podium,Cash,Store,Imported from CSV,2025-09-24T10:56:56.053Z,2025-09-24T13:23:31.058Z
2025-08-21,TDC,,,,,Oatmilk 2L (1x ₱420),General,420,,,,No,Podium,Cash,Store,Imported from CSV,2025-09-24T10:56:56.053Z,2025-09-24T13:23:31.063Z
2025-08-21,Unknown,,,,,Ice (1x ₱202.5),General,202.5,,,,No,Podium,Cash,Store,Imported from CSV,2025-09-24T10:56:56.054Z,2025-09-24T13:23:31.068Z
2025-08-21,Builtamart,,,,,Egg Large Tray (1x ₱380),General,380,,,,No,Podium,Credit Card,Store,Imported from CSV,2025-09-24T10:56:56.054Z,2025-09-24T13:23:31.074Z
2025-08-20,Erdy,,,,,Battery (1x ₱374),General,374,,,,No,Podium,Cash,Store,Imported from CSV,2025-09-24T10:56:56.054Z,2025-09-24T13:23:31.079Z
2025-08-20,Unknown,,,,,Ice (1x ₱295),General,295,,,,No,Podium,Cash,Store,Imported from CSV,2025-09-24T10:56:56.055Z,2025-09-24T13:23:31.084Z
2025-08-20,Lalamove,,,,,Redelivered for grab (1x ₱139),General,139,,,,No,Podium,Cash,Store,Imported from CSV,2025-09-24T10:56:56.055Z,2025-09-24T13:23:31.089Z
2025-08-20,Lalamove,,,,,Cookies (1x ₱160),General,160,,,,No,Podium,Cash,Store,Imported from CSV,2025-09-24T10:56:56.055Z,2025-09-24T13:23:31.094Z
2025-08-20,Lalamove,,,,,Delivery (1x ₱150),General,150,,,,No,Podium,Cash,Store,Imported from CSV,2025-09-24T10:56:56.055Z,2025-09-24T13:23:31.099Z
2025-08-19,AJ Fruit House,,,,,Banana (1x ₱135),General,135,,,,No,Podium,Cash,Store,Imported from CSV,2025-09-24T10:56:56.056Z,2025-09-24T13:23:31.105Z
2025-08-19,S&R,,,,,Whipped cream (1x ₱1027.25); unsalted butter (1x ₱1027.25); eggs (1x ₱1027.25),General,3081.75,,,,No,Podium,Credit Card,Store,Imported from CSV,2025-09-24T10:56:56.056Z,2025-09-24T13:23:31.110Z
2025-08-19,Unknown,,,,,Dishwashing liquid (1x ₱215),General,215,,,,No,Podium,Cash,Store,Imported from CSV,2025-09-24T10:56:56.056Z,2025-09-24T13:23:31.117Z
2025-08-19,Lalamove,,,,,Warabi mochi (1x ₱171),General,171,,,,No,Podium,Cash,Store,Imported from CSV,2025-09-24T10:56:56.057Z,2025-09-24T13:23:31.122Z
2025-08-19,Ivoryway Company Inc.,Ivoryway Company Inc.,203-802-940-00000,"42 Sct Bayoran South Triangle 1103 Quezon City NCR, Second District Philippines",,Ice (1x ₱170),General,170,,,,Yes,Podium,Cash,Store,Imported from CSV,2025-09-24T10:56:56.057Z,2025-09-24T13:23:31.127Z
2025-08-19,Fruitas,,,,,Coconut water (1x ₱170),General,170,,,,No,Podium,Cash,Store,Imported from CSV,2025-09-24T10:56:56.057Z,2025-09-24T13:23:31.132Z
2025-08-18,Boduo Raw Milktea Hub,,,,,Customer Tissue 60 packs (1x ₱2486.4),General,2486.4,,,,No,Podium,Credit Card,Store,Imported from CSV,2025-09-24T10:56:56.057Z,2025-09-24T13:23:31.138Z
2025-08-18,Unknown,,,,,Refund Customer (No stock of Oatmilk) (1x ₱50),General,50,,,,No,Podium,Cash,Store,Imported from CSV,2025-09-24T10:56:56.057Z,2025-09-24T13:23:31.144Z
2025-08-17,Unknown,,,,,Tube Ice (1x ₱135),General,135,,,,No,Podium,Cash,Store,Imported from CSV,2025-09-24T10:56:56.058Z,2025-09-24T13:23:31.149Z
2025-08-17,Lalamove,,,,,Delivery (1x ₱140),General,140,,,,No,Podium,Cash,Store,Imported from CSV,2025-09-24T10:56:56.058Z,2025-09-24T13:23:31.154Z
2025-08-18,Greenstar One Enterprises,,,,,Strawberry Syrup 2L (1x ₱1980),General,1980,,,,No,Podium,Credit Card,Store,Imported from CSV,2025-09-24T10:56:56.058Z,2025-09-24T13:23:31.159Z
2025-08-18,M.D.R Consumer Goods Trading,,,,,Dairy Milk (1x ₱2285); White choco syrup (1x ₱2285),General,4570,,,,No,Podium,Credit Card,Store,Imported from CSV,2025-09-24T10:56:56.058Z,2025-09-24T13:23:31.166Z
2025-08-17,National Bookstore,,,,,Scotch tapes (1x ₱150),General,150,,,,No,Podium,Cash,Store,Imported from CSV,2025-09-24T10:56:56.058Z,2025-09-24T13:23:31.171Z
2025-08-18,Ivoryway Company Inc.,Ivoryway Company Inc.,203-802-940-00000,"42 Sct Bayoran South Triangle 1103 Quezon City NCR, Second District Philippines",,Ice (1x ₱112.5),General,112.5,,,,Yes,Podium,Cash,Store,Imported from CSV,2025-09-24T10:56:56.058Z,2025-09-24T13:23:31.176Z
2025-08-16,SM,,,,,Sea salt (1x ₱203.33333333333334); Clingwrap (1x ₱203.33333333333334); Warabi Sauce Container (1x ₱203.33333333333334),General,610,,,,No,Podium,Cash,Store,Imported from CSV,2025-09-24T10:56:56.059Z,2025-09-24T13:23:31.182Z
2025-08-16,Lalamove,,,,,Delivery (1x ₱171),General,171,,,,No,Podium,Cash,Store,Imported from CSV,2025-09-24T10:56:56.059Z,2025-09-24T13:23:31.187Z
2025-08-16,National Bookstore,,,,,Marker Pen (1x ₱126),General,126,,,,No,Podium,Cash,Store,Imported from CSV,2025-09-24T10:56:56.059Z,2025-09-24T13:23:31.192Z
2025-08-16,Ivoryway Company Inc.,Ivoryway Company Inc.,203-802-940-00000,"42 Sct Bayoran South Triangle 1103 Quezon City NCR, Second District Philippines",,Ice (1x ₱202.5),General,202.5,,,,Yes,Podium,Cash,Store,Imported from CSV,2025-09-24T10:56:56.059Z,2025-09-24T13:23:31.197Z
2025-08-15,MDR Baking & Restaurant Supplies,,,,,Everwhip (1x ₱5010),General,5010,,,,No,Podium,Credit Card,Store,Imported from CSV,2025-09-24T10:56:56.060Z,2025-09-24T13:23:31.202Z
2025-08-16,Fruitas,,,,,Coconut Water 1L (1x ₱170),General,170,,,,No,Podium,Cash,Store,Imported from CSV,2025-09-24T10:56:56.060Z,2025-09-24T13:23:31.207Z
2025-08-16,S&R,,,,,White Sugar (1x ₱1566.075); Whipped Cream (1x ₱1566.075),General,3132.15,,,,No,Podium,Credit Card,Store,Imported from CSV,2025-09-24T10:56:56.060Z,2025-09-24T13:23:31.213Z
2025-08-15,Food Alley,,,,,Banana (1x ₱128),General,128,,,,No,Podium,Cash,Store,Imported from CSV,2025-09-24T10:56:56.061Z,2025-09-24T13:23:31.218Z
2025-08-15,Lalamove,,,,,Delivery (1x ₱180),General,180,,,,No,Podium,Cash,Store,Imported from CSV,2025-09-24T10:56:56.061Z,2025-09-24T13:23:31.223Z
2025-08-15,Fruitas,,,,,Coconut Water 500ml (1x ₱170),General,170,,,,No,Podium,Cash,Store,Imported from CSV,2025-09-24T10:56:56.061Z,2025-09-24T13:23:31.227Z
2025-08-14,Lalamove,,,,,Ice cream pan (1x ₱150),General,150,,,,No,Podium,Cash,Store,Imported from CSV,2025-09-24T10:56:56.062Z,2025-09-24T13:23:31.233Z
2025-08-15,R&BTube Ice,,,,,Ice (1x ₱225),General,225,,,,No,Podium,Cash,Store,Imported from CSV,2025-09-24T10:56:56.062Z,2025-09-24T13:23:31.237Z
2025-08-14,Unknown,,,,,Ice (1x ₱295),General,295,,,,No,Podium,Cash,Store,Imported from CSV,2025-09-24T10:56:56.062Z,2025-09-24T13:23:31.242Z
2025-08-14,Milk,,,,,Devondalex 5L (1x ₱811),General,811,,,,No,Podium,Cash,Store,Imported from CSV,2025-09-24T10:56:56.062Z,2025-09-24T13:23:31.248Z
2025-08-14,SM,,,,,Ice (1x ₱112),General,112,,,,No,Podium,Cash,Store,Imported from CSV,2025-09-24T10:56:56.063Z,2025-09-24T13:23:31.253Z
2025-08-14,Lalamove,,,,,Cookies (1x ₱140),General,140,,,,No,Podium,Cash,Store,Imported from CSV,2025-09-24T10:56:56.063Z,2025-09-24T13:23:31.258Z
2025-08-14,Lalamove,,,,,Ice tube (1x ₱121),General,121,,,,No,Podium,Cash,Store,Imported from CSV,2025-09-24T10:56:56.063Z,2025-09-24T13:23:31.264Z
2025-08-13,TDC,,,,,Oatmilk 1L (1x ₱210),General,210,,,,No,Podium,Cash,Store,Imported from CSV,2025-09-24T10:56:56.064Z,2025-09-24T13:23:31.269Z
2025-08-12,Unknown,,,,,Big Mommymilf Pizza (1x ₱1229),General,1229,,,,No,Podium,Cash,Store,Imported from CSV,2025-09-24T10:56:56.064Z,2025-09-24T13:23:31.274Z
2025-08-13,Unknown,,,,,Tube ice (5pcs) (1x ₱344),General,344,,,,No,Podium,Cash,Store,Imported from CSV,2025-09-24T10:56:56.064Z,2025-09-24T13:23:31.278Z
2025-08-13,Lalamove,,,,,Warabi mochi (1x ₱171),General,171,,,,No,Podium,Cash,Store,Imported from CSV,2025-09-24T10:56:56.064Z,2025-09-24T13:23:31.284Z
2025-08-11,Lalamove,,,,,Delivery (1x ₱4536),General,4536,,,,No,Podium,Credit Card,Store,Imported from CSV,2025-09-24T10:56:56.065Z,2025-09-24T13:23:31.289Z
2025-08-12,Lalamove,,,,,Rider tip (1x ₱50),General,50,,,,No,Podium,Cash,Store,Imported from CSV,2025-09-24T10:56:56.065Z,2025-09-24T13:23:31.293Z
2025-08-12,National Bookstore,,,,,Masking tape (1x ₱65.5); Sales book (1x ₱65.5),General,131,,,,No,Podium,Cash,Store,Imported from CSV,2025-09-24T10:56:56.065Z,2025-09-24T13:23:31.298Z
2025-08-12,R&BTube Ice,,,,,Ice (1x ₱225),General,225,,,,No,Podium,Cash,Store,Imported from CSV,2025-09-24T10:56:56.065Z,2025-09-24T13:23:31.303Z
2025-08-11,S&R,,,,,Delivery (1x ₱2995),General,2995,,,,No,Podium,Credit Card,Store,Imported from CSV,2025-09-24T10:56:56.066Z,2025-09-24T13:23:31.307Z
2025-08-11,R&BTube Ice,,,,,Ice (1x ₱135),General,135,,,,No,Podium,Cash,Store,Imported from CSV,2025-09-24T10:56:56.066Z,2025-09-24T13:23:31.311Z
2025-08-11,Fruitas,,,,,Coconut Water 1000ml (1x ₱170),General,170,,,,No,Podium,Cash,Store,Imported from CSV,2025-09-24T10:56:56.066Z,2025-09-24T13:23:31.316Z
2025-08-11,Lalamove,,,,,Delivery (1x ₱171),General,171,,,,No,Podium,Cash,Store,Imported from CSV,2025-09-24T10:56:56.066Z,2025-09-24T13:23:31.320Z
2025-08-11,Food Alley,,,,,Egg Small 6pcs (1x ₱90),General,90,,,,No,Podium,Cash,Store,Imported from CSV,2025-09-24T10:56:56.066Z,2025-09-24T13:23:31.325Z
2025-08-11,Grab Mart,,,,,Delivery (1x ₱150),General,150,,,,No,Podium,Cash,Store,Imported from CSV,2025-09-24T10:56:56.066Z,2025-09-24T13:23:31.329Z
2025-08-10,Unknown,,,,,Ice (1x ₱225),General,225,,,,No,Podium,Cash,Store,Imported from CSV,2025-09-24T10:56:56.067Z,2025-09-24T13:23:31.334Z
2025-08-10,Lalamove,,,,,Delivery (1x ₱140),General,140,,,,No,Podium,Cash,Store,Imported from CSV,2025-09-24T10:56:56.067Z,2025-09-24T13:23:31.338Z
2025-08-10,Unknown,,,,,Dalandan Concentrate (1x ₱2007.5); Oatmilk (1x ₱2007.5),General,4015,,,,No,Podium,Credit Card,Store,Imported from CSV,2025-09-24T10:56:56.067Z,2025-09-24T13:23:31.342Z
2025-08-10,Unknown,,,,,Refund of Customer (Card to Cash) (1x ₱170),General,170,,,,No,Podium,Cash,Store,Imported from CSV,2025-09-24T10:56:56.067Z,2025-09-24T13:23:31.348Z
2025-08-09,Lalamove,,,,,Delivery (1x ₱171),General,171,,,,No,Podium,Cash,Store,Imported from CSV,2025-09-24T10:56:56.067Z,2025-09-24T13:23:31.353Z
2025-08-09,Unknown,,,,,Egg 12pcs (1x ₱180),General,180,,,,No,Podium,Cash,Store,Imported from CSV,2025-09-24T10:56:56.068Z,2025-09-24T13:23:31.358Z
2025-08-09,Fruitas,,,,,Coconut Water 1000ml (1x ₱170),General,170,,,,No,Podium,Cash,Store,Imported from CSV,2025-09-24T10:56:56.068Z,2025-09-24T13:23:31.364Z
2025-08-08,Ivoryway Company Inc.,Ivoryway Company Inc.,203-802-940-00000,"42 Sct Bayoran South Triangle 1103 Quezon City NCR, Second District Philippines",,Ice (1x ₱225),General,225,,,,Yes,Podium,Cash,Store,Imported from CSV,2025-09-24T10:56:56.068Z,2025-09-24T13:23:31.368Z
2025-08-09,S&R,,,,,Delivery (1x ₱2819),General,2819,,,,No,Podium,Credit Card,Store,Imported from CSV,2025-09-24T10:56:56.068Z,2025-09-24T13:23:31.373Z
2025-08-09,R&BTube Ice,,,,,Ice (1x ₱270),General,270,,,,No,Podium,Cash,Store,Imported from CSV,2025-09-24T10:56:56.068Z,2025-09-24T13:23:31.378Z
2025-08-07,AC Packaging,,,,,6mm Straw 500 (1x ₱460); 12mm Straw 100 (1x ₱460); Cup Holder 100 (1x ₱460),General,1380,,,,No,Podium,Credit Card,Store,Imported from CSV,2025-09-24T10:56:56.069Z,2025-09-24T13:23:31.383Z
2025-08-08,National Bookstore,,,,,Tape (1x ₱272),General,272,,,,No,Podium,Cash,Store,Imported from CSV,2025-09-24T10:56:56.069Z,2025-09-24T13:23:31.387Z
2025-08-06,Fruitas,,,,,Coconut Water 1000ml (1x ₱170),General,170,,,,No,Podium,Cash,Store,Imported from CSV,2025-09-24T10:56:56.069Z,2025-09-24T13:23:31.392Z
2025-08-07,R&BTube Ice,,,,,Ice (1x ₱247),General,247,,,,No,Podium,Cash,Store,Imported from CSV,2025-09-24T10:56:56.069Z,2025-09-24T13:23:31.397Z
2025-08-07,National Bookstore,,,,,Battery (1x ₱187),General,187,,,,No,Podium,Cash,Store,Imported from CSV,2025-09-24T10:56:56.069Z,2025-09-24T13:23:31.401Z
2025-08-07,Global Pacific,,,,,Whipping Cream 4L (1x ₱1358.3333333333333); Bunge 1L (1x ₱1358.3333333333333); DLASb 1Can (1x ₱1358.3333333333333),General,4075,,,,No,Podium,Credit Card,Store,Imported from CSV,2025-09-24T10:56:56.069Z,2025-09-24T13:23:31.405Z
2025-08-06,Supermarket,,,,,Grocery (1x ₱133),General,133,,,,No,Podium,Cash,Store,Imported from CSV,2025-09-24T10:56:56.070Z,2025-09-24T13:23:31.410Z
2025-08-06,Laciate,,,,,Laciate 60L (1x ₱4800),General,4800,,,,No,Podium,Credit Card,Store,Imported from CSV,2025-09-24T10:56:56.070Z,2025-09-24T13:23:31.415Z
2025-08-06,Landers,,,,,Oatside 24L (1x ₱3076),General,3076,,,,No,Podium,Credit Card,Store,Imported from CSV,2025-09-24T10:56:56.070Z,2025-09-24T13:23:31.420Z
2025-08-05,Unknown,,,,,Rider Tip (1x ₱50),General,50,,,,No,Podium,Cash,Store,Imported from CSV,2025-09-24T10:56:56.070Z,2025-09-24T13:23:31.425Z
2025-08-06,Greenstar,,,,,Monin Strawberry 4L (1x ₱1980),General,1980,,,,No,Podium,Credit Card,Store,Imported from CSV,2025-09-24T10:56:56.070Z,2025-09-24T13:23:31.429Z
2025-08-04,R&BTube Ice,,,,,Ice (1x ₱225),General,225,,,,No,Podium,Cash,Store,Imported from CSV,2025-09-24T10:56:56.071Z,2025-09-24T13:23:31.435Z
2025-08-05,Builtamart,,,,,Dairy milk 6L (1x ₱834),General,834,,,,No,Podium,Credit Card,Store,Imported from CSV,2025-09-24T10:56:56.071Z,2025-09-24T13:23:31.440Z
2025-08-03,AC Packaging,,,,,Paperbag L (1x ₱1098); 4 Cups Holder (1x ₱1098),General,2196,,,,No,Podium,Credit Card,Store,Imported from CSV,2025-09-24T10:56:56.071Z,2025-09-24T13:23:31.446Z
2025-08-05,TDC,,,,,Oatside (1x ₱210),General,210,,,,No,Podium,Cash,Store,Imported from CSV,2025-09-24T10:56:56.071Z,2025-09-24T13:23:31.452Z
2025-08-03,Lalamove,,,,,Delivery (1x ₱150),General,150,,,,No,Podium,Cash,Store,Imported from CSV,2025-09-24T10:56:56.071Z,2025-09-24T13:23:31.456Z
2025-08-04,Shopee,,,,,Delivery (1x ₱191),General,191,,,,No,Podium,Cash,Store,Imported from CSV,2025-09-24T10:56:56.071Z,2025-09-24T13:23:31.461Z
2025-08-02,Fruitas,,,,,Buco half (1x ₱170),General,170,,,,No,Podium,Cash,Store,Imported from CSV,2025-09-24T10:56:56.072Z,2025-09-24T13:23:31.466Z
2025-08-03,M.D.R Consumer Goods Trading,,,,,Salted Caramel Syrup (1x ₱970),General,970,,,,No,Podium,Credit Card,Store,Imported from CSV,2025-09-24T10:56:56.072Z,2025-09-24T13:23:31.471Z
2025-08-03,R&BTube Ice,,,,,Bags (1x ₱225),General,225,,,,No,Podium,Cash,Store,Imported from CSV,2025-09-24T10:56:56.072Z,2025-09-24T13:23:31.475Z
2025-08-03,Lalamove,,,,,Delivery (1x ₱140),General,140,,,,No,Podium,Cash,Store,Imported from CSV,2025-09-24T10:56:56.072Z,2025-09-24T13:23:31.480Z
2025-08-02,Unknown,,,,,Ice (1x ₱225),General,225,,,,No,Podium,Cash,Store,Imported from CSV,2025-09-24T10:56:56.072Z,2025-09-24T13:23:31.484Z
2025-08-01,R&BTube Ice,,,,,Ice (1x ₱157.5),General,157.5,,,,No,Podium,Cash,Store,Imported from CSV,2025-09-24T10:56:56.073Z,2025-09-24T13:23:31.488Z
2025-07-31,Unknown,,,,,Banana (1x ₱150),General,150,,,,No,Podium,Cash,Store,Imported from CSV,2025-09-24T10:56:56.073Z,2025-09-24T13:23:31.493Z
2025-08-01,Gavinos Group Inc.,,,,,Full Cream Milk (1x ₱4800),General,4800,,,,No,Podium,Credit Card,Store,Imported from CSV,2025-09-24T10:56:56.073Z,2025-09-24T13:23:31.497Z
2025-07-31,Supermarket,,,,,Grocery (1x ₱1217),General,1217,,,,No,Podium,Cash,Store,Imported from CSV,2025-09-24T10:56:56.073Z,2025-09-24T13:23:31.502Z
2025-08-01,S&R,,,,,Delivery (1x ₱3533.25),General,3533.25,,,,No,Podium,Credit Card,Store,Imported from CSV,2025-09-24T10:56:56.073Z,2025-09-24T13:23:31.506Z
2025-07-31,Supermarket,,,,,Grocery (1x ₱203),General,203,,,,No,Podium,Cash,Store,Imported from CSV,2025-09-24T10:56:56.074Z,2025-09-24T13:23:31.510Z
2025-07-31,Lalamove,,,,,Drinks Error Delivery (1x ₱78),General,78,,,,No,Podium,Cash,Store,Imported from CSV,2025-09-24T10:56:56.074Z,2025-09-24T13:23:31.516Z
2025-07-31,Unknown,,,,,Gloves (1x ₱203),General,203,,,,No,Podium,Cash,Store,Imported from CSV,2025-09-24T10:56:56.074Z,2025-09-24T13:23:31.520Z
2025-07-31,Grab Mart,,,,,Delivery (1x ₱2344),General,2344,,,,No,Podium,Credit Card,Store,Imported from CSV,2025-09-24T10:56:56.074Z,2025-09-24T13:23:31.525Z
2025-07-31,R&BTube Ice,,,,,Ice bags (1x ₱292),General,292,,,,No,Podium,Cash,Store,Imported from CSV,2025-09-24T10:56:56.074Z,2025-09-24T13:23:31.530Z
2025-07-31,National Bookstore,,,,,Marker (1x ₱83),General,83,,,,No,Podium,Cash,Store,Imported from CSV,2025-09-24T10:56:56.074Z,2025-09-24T13:23:31.536Z
2025-07-29,R&BTube Ice,,,,,Ice bags (1x ₱225),General,225,,,,No,Podium,Cash,Store,Imported from CSV,2025-09-24T10:56:56.075Z,2025-09-24T13:23:31.540Z
2025-07-30,Lalamove,,,,,Delivery (1x ₱140),General,140,,,,No,Podium,Cash,Store,Imported from CSV,2025-09-24T10:56:56.075Z,2025-09-24T13:23:31.545Z
2025-07-30,Supermarket,,,,,Grocery (1x ₱360),General,360,,,,No,Podium,Cash,Store,Imported from CSV,2025-09-24T10:56:56.075Z,2025-09-24T13:23:31.550Z
2025-07-30,Unknown,,,,,Sweet potato (1x ₱180),General,180,,,,No,Podium,Cash,Store,Imported from CSV,2025-09-24T10:56:56.075Z,2025-09-24T13:23:31.555Z
2025-07-31,Grab,,,,,Grab-ICE (1x ₱339),General,339,,,,No,Podium,Cash,Store,Imported from CSV,2025-09-24T10:56:56.075Z,2025-09-24T13:23:31.561Z
2025-07-29,Lalamove,,,,,Delivery (1x ₱180),General,180,,,,No,Podium,Cash,Store,Imported from CSV,2025-09-24T10:56:56.075Z,2025-09-24T13:23:31.568Z
2025-07-28,7/11,,,,,Ice (1x ₱90),General,90,,,,No,Podium,Cash,Store,Imported from CSV,2025-09-24T10:56:56.076Z,2025-09-24T13:23:31.574Z
2025-07-27,Grab Mart,,,,,Delivery (1x ₱1843),General,1843,,,,No,Podium,Credit Card,Store,Imported from CSV,2025-09-24T10:56:56.076Z,2025-09-24T13:23:31.581Z
2025-07-28,Ivoryway Company Inc.,Ivoryway Company Inc.,203-802-940-00000,"42 Sct Bayoran South Triangle 1103 Quezon City NCR, Second District Philippines",,Ice (1x ₱202.5),General,202.5,,,,Yes,Podium,Cash,Store,Imported from CSV,2025-09-24T10:56:56.076Z,2025-09-24T13:23:31.588Z
2025-07-28,Fruitas,,,,,Coconut Water 1000ml (1x ₱170),General,170,,,,No,Podium,Cash,Store,Imported from CSV,2025-09-24T10:56:56.076Z,2025-09-24T13:23:31.594Z
2025-07-29,Lalamove,,,,,Delivery (1x ₱155),General,155,,,,No,Podium,Cash,Store,Imported from CSV,2025-09-24T10:56:56.076Z,2025-09-24T13:23:31.600Z
2025-07-27,Ivoryway Company Inc.,Ivoryway Company Inc.,203-802-940-00000,"42 Sct Bayoran South Triangle 1103 Quezon City NCR, Second District Philippines",,Ice (1x ₱135),General,135,,,,Yes,Podium,Cash,Store,Imported from CSV,2025-09-24T10:56:56.077Z,2025-09-24T13:23:31.605Z
2025-07-27,SM,,,,,Trash Bags (1x ₱381.1666666666667); Dalandan Juice (1x ₱381.1666666666667); Condensed milk (1x ₱381.1666666666667),General,1143.5,,,,No,Podium,Cash,Store,Imported from CSV,2025-09-24T10:56:56.077Z,2025-09-24T13:25:51.576Z
2025-07-27,Lalamove,,,,,Warabi Mochi (1x ₱150),General,150,,,,No,Podium,Cash,Store,Imported from CSV,2025-09-24T10:56:56.077Z,2025-09-24T13:25:51.581Z
2025-07-27,Lalamove,,,,,Cookies (1x ₱228),General,228,,,,No,Podium,Cash,Store,Imported from CSV,2025-09-24T10:56:56.077Z,2025-09-24T13:25:51.586Z
2025-07-27,Arlene's Dairyhouse,,,,,Mascarpone (1x ₱1870),General,1870,,,,No,Podium,Credit Card,Store,Imported from CSV,2025-09-24T10:56:56.077Z,2025-09-24T13:25:51.591Z
2025-07-25,Fruitas,,,,,Coconut Water (1x ₱170),General,170,,,,No,Podium,Cash,Store,Imported from CSV,2025-09-24T10:56:56.078Z,2025-09-24T13:25:51.599Z
2025-07-25,Ivoryway Company Inc.,Ivoryway Company Inc.,203-802-940-00000,"42 Sct Bayoran South Triangle 1103 Quezon City NCR, Second District Philippines",,Ice (1x ₱270),General,270,,,,Yes,Podium,Cash,Store,Imported from CSV,2025-09-24T10:56:56.078Z,2025-09-24T13:25:51.604Z
2025-07-26,Ivoryway Company Inc.,Ivoryway Company Inc.,203-802-940-00000,"42 Sct Bayoran South Triangle 1103 Quezon City NCR, Second District Philippines",,Ice (1x ₱247.5),General,247.5,,,,Yes,Podium,Cash,Store,Imported from CSV,2025-09-24T10:56:56.078Z,2025-09-24T13:25:51.610Z
2025-07-26,M.D.R Consumer Goods Trading,,,,,Dairy 60L (1x ₱2450); White Sugar 5kg (1x ₱2450),General,4900,,,,No,Podium,Credit Card,Store,Imported from CSV,2025-09-24T10:56:56.078Z,2025-09-24T13:25:51.615Z
2025-07-24,Unknown,,,,,Refund Cash Money (Customer Gcash Payment) (1x ₱100),General,100,,,,No,Podium,Cash,Store,Imported from CSV,2025-09-24T10:56:56.079Z,2025-09-24T13:25:51.620Z
2025-07-24,TDC,,,,,1L oat (1x ₱210),General,210,,,,No,Podium,Cash,Store,Imported from CSV,2025-09-24T10:56:56.079Z,2025-09-24T13:25:51.624Z
2025-07-24,Ivoryway Company Inc.,Ivoryway Company Inc.,203-802-940-00000,"42 Sct Bayoran South Triangle 1103 Quezon City NCR, Second District Philippines",,Ice (1x ₱225),General,225,,,,Yes,Podium,Cash,Store,Imported from CSV,2025-09-24T10:56:56.079Z,2025-09-24T13:25:51.628Z
2025-07-24,Unknown,,,,,Pizza (1x ₱1100),General,1100,,,,No,Podium,Cash,Store,Imported from CSV,2025-09-24T10:56:56.079Z,2025-09-24T13:25:51.632Z
2025-07-22,Ivoryway Company Inc.,Ivoryway Company Inc.,203-802-940-00000,"42 Sct Bayoran South Triangle 1103 Quezon City NCR, Second District Philippines",,Ice (1x ₱180),General,180,,,,Yes,Podium,Cash,Store,Imported from CSV,2025-09-24T10:56:56.080Z,2025-09-24T13:25:51.636Z
2025-07-23,Lalamove,,,,,Cookies (1x ₱150),General,150,,,,No,Podium,Cash,Store,Imported from CSV,2025-09-24T10:56:56.080Z,2025-09-24T13:25:51.640Z
2025-07-22,Fruitas,,,,,1L Coconut Water (1x ₱170),General,170,,,,No,Podium,Cash,Store,Imported from CSV,2025-09-24T10:56:56.080Z,2025-09-24T13:25:51.644Z
2025-07-20,Watsons,,,,,Nailcutter (1x ₱141.91666666666666); Salonpas (1x ₱141.91666666666666); Advil (1x ₱141.91666666666666),General,425.75,,,,No,Podium,Cash,Store,Imported from CSV,2025-09-24T10:56:56.081Z,2025-09-24T13:25:51.649Z
2025-07-20,"MDR Consumer Goods Dairy milk 60L, White Sugar 5kh",,,,,MDR Consumer Goods Dairy milk 60L (1x ₱2450); White Sugar 5kh (1x ₱2450),General,4900,,,,No,Podium,Credit Card,Store,Imported from CSV,2025-09-24T10:56:56.081Z,2025-09-24T13:25:51.653Z
2025-07-20,R&BTube Ice,,,,,Ice (1x ₱225),General,225,,,,No,Podium,Cash,Store,Imported from CSV,2025-09-24T10:56:56.081Z,2025-09-24T13:25:51.658Z
2025-07-22,Supermarket,,,,,Grocery (1x ₱1286),General,1286,,,,No,Podium,Cash,Store,Imported from CSV,2025-09-24T10:56:56.081Z,2025-09-24T13:25:51.663Z
2025-07-22,Abacus Book and Card Corp.,,,,,Market pens (1x ₱111),General,111,,,,No,Podium,Cash,Store,Imported from CSV,2025-09-24T10:56:56.081Z,2025-09-24T13:25:51.668Z
2025-07-20,Lalamove,,,,,Delivery (1x ₱100),General,100,,,,No,Podium,Cash,Store,Imported from CSV,2025-09-24T10:56:56.081Z,2025-09-24T13:25:51.672Z
2025-07-19,Fruitas,,,,,Coconut water 1.5L (1x ₱255),General,255,,,,No,Podium,Cash,Store,Imported from CSV,2025-09-24T10:56:56.082Z,2025-09-24T13:25:51.677Z
2025-07-19,Ivoryway Company Inc.,Ivoryway Company Inc.,203-802-940-00000,"42 Sct Bayoran South Triangle 1103 Quezon City NCR, Second District Philippines",,Ice (1x ₱112.5),General,112.5,,,,Yes,Podium,Cash,Store,Imported from CSV,2025-09-24T10:56:56.082Z,2025-09-24T13:25:51.681Z
2025-07-19,7/11,,,,,Ice packs 3 (1x ₱90),General,90,,,,No,Podium,Cash,Store,Imported from CSV,2025-09-24T10:56:56.082Z,2025-09-24T13:25:51.686Z
2025-07-19,Lalamove,,,,,Warabi (1x ₱190),General,190,,,,No,Podium,Cash,Store,Imported from CSV,2025-09-24T10:56:56.082Z,2025-09-24T13:25:51.690Z
2025-07-18,Abacus Book and Card Corp.,,,,,Tape (1x ₱350),General,350,,,,No,Podium,Cash,Store,Imported from CSV,2025-09-24T10:56:56.082Z,2025-09-24T13:25:51.695Z
2025-07-18,Ivoryway Company Inc.,Ivoryway Company Inc.,203-802-940-00000,"42 Sct Bayoran South Triangle 1103 Quezon City NCR, Second District Philippines",,Ice (1x ₱135),General,135,,,,Yes,Podium,Cash,Store,Imported from CSV,2025-09-24T10:56:56.083Z,2025-09-24T13:25:51.699Z
2025-07-18,Arlene's Dairyhouse,,,,,Whipped Cream (1x ₱2275),General,2275,,,,No,Podium,Credit Card,Store,Imported from CSV,2025-09-24T10:56:56.083Z,2025-09-24T13:25:51.703Z
2025-07-18,Irish Luck Inc,,,,,16oz Cups (1x ₱2268); 98mm Strawless lids (1x ₱2268),General,4536,,,,No,Podium,Credit Card,Store,Imported from CSV,2025-09-24T10:56:56.083Z,2025-09-24T13:25:51.708Z
2025-07-18,S&R,,,,,Whipping Cream (1x ₱1382.85),General,1382.85,,,,No,Podium,Credit Card,Store,Imported from CSV,2025-09-24T10:56:56.083Z,2025-09-24T13:25:51.713Z
2025-07-17,Haig and Lee Import Export Corp.,,,,,Wooden Stir (1x ₱620); Straw (1x ₱620),General,1240,,,,No,Podium,Credit Card,Store,Imported from CSV,2025-09-24T10:56:56.083Z,2025-09-24T13:25:51.718Z
2025-07-18,7/11,,,,,Ice 3 packs (1x ₱90),General,90,,,,No,Podium,Cash,Store,Imported from CSV,2025-09-24T10:56:56.083Z,2025-09-24T13:25:51.724Z
2025-07-17,Lalamove,,,,,Cookies (1x ₱126),General,126,,,,No,Podium,Cash,Store,Imported from CSV,2025-09-24T10:56:56.084Z,2025-09-24T13:25:51.729Z
2025-07-17,AC Packaging,,,,,Online Store items (1x ₱3671),General,3671,,,,No,Podium,Credit Card,Store,Imported from CSV,2025-09-24T10:56:56.084Z,2025-09-24T13:25:51.734Z
2025-07-17,Arlene's Dairyhouse,,,,,Mascarpone (1x ₱1870),General,1870,,,,No,Podium,Credit Card,Store,Imported from CSV,2025-09-24T10:56:56.084Z,2025-09-24T13:25:51.739Z
2025-07-16,SM,,,,,Everwhip (1x ₱198.875); Dalandan (1x ₱198.875); Dishwashing liquid (1x ₱198.875); Sponge (1x ₱198.875),General,795.5,,,,No,Podium,Credit Card,Store,Imported from CSV,2025-09-24T10:56:56.084Z,2025-09-24T13:25:51.744Z
2025-07-17,Ivoryway Company Inc.,Ivoryway Company Inc.,203-802-940-00000,"42 Sct Bayoran South Triangle 1103 Quezon City NCR, Second District Philippines",,Ice (1x ₱112.5),General,112.5,,,,Yes,Podium,Cash,Store,Imported from CSV,2025-09-24T10:56:56.084Z,2025-09-24T13:25:51.749Z
2025-07-16,Unknown,,,,,Sweet Potato (1x ₱63),General,63,,,,No,Podium,Cash,Store,Imported from CSV,2025-09-24T10:56:56.084Z,2025-09-24T13:25:51.755Z
2025-07-15,S&R,,,,,Whipped Cream 6L (1x ₱2765.7),General,2765.7,,,,No,Podium,Credit Card,Store,Imported from CSV,2025-09-24T10:56:56.085Z,2025-09-24T13:25:51.761Z
2025-07-15,Ivoryway Company Inc.,Ivoryway Company Inc.,203-802-940-00000,"42 Sct Bayoran South Triangle 1103 Quezon City NCR, Second District Philippines",,Ice (1x ₱247.5),General,247.5,,,,Yes,Podium,Cash,Store,Imported from CSV,2025-09-24T10:56:56.085Z,2025-09-24T13:25:51.765Z
2025-07-16,Global Pacific,,,,,Strawberry Can 12 (1x ₱1662.81); Whipping Cream (1x ₱1662.81),General,3325.62,,,,No,Podium,Credit Card,Store,Imported from CSV,2025-09-24T10:56:56.085Z,2025-09-24T13:25:51.770Z
2025-07-16,Lalamove,,,,,Sweet potato (1x ₱100),General,100,,,,No,Podium,Cash,Store,Imported from CSV,2025-09-24T10:56:56.085Z,2025-09-24T13:25:51.775Z
2025-07-15,Grab,,,,,Rider Tip (1x ₱50),General,50,,,,No,Podium,Cash,Store,Imported from CSV,2025-09-24T10:56:56.085Z,2025-09-24T13:25:51.780Z
2025-07-15,Grab,,,,,Rider Tip (1x ₱30),General,30,,,,No,Podium,Cash,Store,Imported from CSV,2025-09-24T10:56:56.086Z,2025-09-24T13:25:51.785Z
2025-07-14,Lalamove,,,,,Delivery (1x ₱103),General,103,,,,No,Podium,Cash,Store,Imported from CSV,2025-09-24T10:56:56.086Z,2025-09-24T13:25:51.790Z
2025-07-14,R&BTube Ice,,,,,Ice (1x ₱180),General,180,,,,No,Podium,Cash,Store,Imported from CSV,2025-09-24T10:56:56.086Z,2025-09-24T13:25:51.795Z
2025-07-15,Lalamove,,,,,Matcha (1x ₱170),General,170,,,,No,Podium,Cash,Store,Imported from CSV,2025-09-24T10:56:56.086Z,2025-09-24T13:25:51.800Z
2025-07-14,M.D.R Consumer Goods Trading,,,,,Laciate 5box (1x ₱4900),General,4900,,,,No,Podium,Credit Card,Store,Imported from CSV,2025-09-24T10:56:56.086Z,2025-09-24T13:25:51.804Z
2025-07-14,Unknown,,,,,Customer tissue (1x ₱414.4),General,414.4,,,,No,Podium,Credit Card,Store,Imported from CSV,2025-09-24T10:56:56.086Z,2025-09-24T13:25:51.809Z
2025-07-13,SM Supermarket,,,,,Eggs (1x ₱132.66666666666666); White Sugar (1x ₱132.66666666666666); Dalandan (1x ₱132.66666666666666),General,398,,,,No,Podium,Cash,Store,Imported from CSV,2025-09-24T10:56:56.087Z,2025-09-24T13:25:51.814Z
2025-07-13,Fruitas,,,,,Coconut water (1x ₱85),General,85,,,,No,Podium,Cash,Store,Imported from CSV,2025-09-24T10:56:56.087Z,2025-09-24T13:25:51.819Z
2025-07-12,Ivoryway Company Inc.,Ivoryway Company Inc.,203-802-940-00000,"42 Sct Bayoran South Triangle 1103 Quezon City NCR, Second District Philippines",,Ice (1x ₱135),General,135,,,,Yes,Podium,Cash,Store,Imported from CSV,2025-09-24T10:56:56.087Z,2025-09-24T13:25:51.823Z
2025-07-13,Unknown,,,,,Ice tube (1x ₱180),General,180,,,,No,Podium,Cash,Store,Imported from CSV,2025-09-24T10:56:56.087Z,2025-09-24T13:25:51.828Z
2025-07-13,Arlene's Dairyhouse,,,,,Whipped cream (1x ₱1012.6666666666666); Dairy milk (1x ₱1012.6666666666666); Mascarpone (1x ₱1012.6666666666666),General,3038,,,,No,Podium,Credit Card,Store,Imported from CSV,2025-09-24T10:56:56.087Z,2025-09-24T13:25:51.832Z
2025-07-10,Ivoryway Company Inc.,Ivoryway Company Inc.,203-802-940-00000,"42 Sct Bayoran South Triangle 1103 Quezon City NCR, Second District Philippines",,Ice (1x ₱225),General,225,,,,Yes,Podium,Cash,Store,Imported from CSV,2025-09-24T10:56:56.088Z,2025-09-24T13:25:51.837Z
2025-07-10,Lalamove,,,,,Cookies (1x ₱140),General,140,,,,No,Podium,Cash,Store,Imported from CSV,2025-09-24T10:56:56.088Z,2025-09-24T13:25:51.842Z
2025-07-11,R&BTube Ice,,,,,Ice packs (1x ₱180),General,180,,,,No,Podium,Cash,Store,Imported from CSV,2025-09-24T10:56:56.088Z,2025-09-24T13:25:51.846Z
2025-07-10,Fruitas,,,,,Coconut Water (1x ₱170),General,170,,,,No,Podium,Cash,Store,Imported from CSV,2025-09-24T10:56:56.088Z,2025-09-24T13:25:51.851Z
2025-07-08,Ivoryway Company Inc.,Ivoryway Company Inc.,203-802-940-00000,"42 Sct Bayoran South Triangle 1103 Quezon City NCR, Second District Philippines",,Ice (1x ₱157.5),General,157.5,,,,Yes,Podium,Cash,Store,Imported from CSV,2025-09-24T10:56:56.089Z,2025-09-24T13:25:51.859Z
2025-07-10,Watsons,,,,,Gloves (1x ₱203),General,203,,,,No,Podium,Cash,Store,Imported from CSV,2025-09-24T10:56:56.089Z,2025-09-24T13:25:51.865Z
2025-07-10,Food Alley,,,,,12pcs egg (1x ₱180),General,180,,,,No,Podium,Cash,Store,Imported from CSV,2025-09-24T10:56:56.089Z,2025-09-24T13:25:51.871Z
2025-07-08,M.D.R Consumer Goods Trading,,,,,Dairy 60L (1x ₱2450); White sugar 5kg (1x ₱2450),General,4900,,,,No,Podium,Credit Card,Store,Imported from CSV,2025-09-24T10:56:56.089Z,2025-09-24T13:25:51.876Z
2025-07-07,Arlene's Dairyhouse,,,,,Whipped cream (1x ₱1156); dairy milk (1x ₱1156); bunge (1x ₱1156),General,3468,,,,No,Podium,Credit Card,Store,Imported from CSV,2025-09-24T10:56:56.090Z,2025-09-24T13:25:51.881Z
2025-07-07,Arlene's Dairyhouse,,,,,Mascarpone (1x ₱1710),General,1710,,,,No,Podium,Credit Card,Store,Imported from CSV,2025-09-24T10:56:56.090Z,2025-09-24T13:25:51.885Z
2025-07-08,Grab,,,,,Rider Tip (1x ₱60),General,60,,,,No,Podium,Cash,Store,Imported from CSV,2025-09-24T10:56:56.090Z,2025-09-24T13:25:51.889Z
2025-07-07,Southeast Asia Retail Inc,,,,,Customer tissue (1x ₱699.35); ladyfingers (1x ₱699.35),General,1398.7,,,,No,Podium,Credit Card,Store,Imported from CSV,2025-09-24T10:56:56.090Z,2025-09-24T13:25:51.894Z
2025-07-07,Ivoryway Company Inc.,Ivoryway Company Inc.,203-802-940-00000,"42 Sct Bayoran South Triangle 1103 Quezon City NCR, Second District Philippines",,Ice (1x ₱135),General,135,,,,Yes,Podium,Cash,Store,Imported from CSV,2025-09-24T10:56:56.090Z,2025-09-24T13:25:51.899Z
2025-07-06,Fruitas,,,,,Coconut water (1x ₱160),General,160,,,,No,Podium,Cash,Store,Imported from CSV,2025-09-24T10:56:56.091Z,2025-09-24T13:25:51.903Z
2025-07-06,SM,,,,,White Sugar (1x ₱407.375); Condensed milk (1x ₱407.375); Whipped Cream (1x ₱407.375); Everwhip (1x ₱407.375),General,1629.5,,,,No,Podium,Cash,Store,Imported from CSV,2025-09-24T10:56:56.091Z,2025-09-24T13:25:51.908Z
2025-07-06,National Bookstore,,,,,Correction Tape (1x ₱65),General,65,,,,No,Podium,Cash,Store,Imported from CSV,2025-09-24T10:56:56.091Z,2025-09-24T13:25:51.913Z
2025-07-07,Food Alley,,,,,Egg (1x ₱180),General,180,,,,No,Podium,Cash,Store,Imported from CSV,2025-09-24T10:56:56.091Z,2025-09-24T13:25:51.917Z
2025-07-05,R&BTube Ice,,,,,Ice (1x ₱135),General,135,,,,No,Podium,Cash,Store,Imported from CSV,2025-09-24T10:56:56.092Z,2025-09-24T13:25:51.922Z
2025-07-05,S&R,,,,,Delivery (1x ₱1843),General,1843,,,,No,Podium,Credit Card,Store,Imported from CSV,2025-09-24T10:56:56.092Z,2025-09-24T13:25:51.927Z
2025-07-06,Lalamove,,,,,Cookies (1x ₱120),General,120,,,,No,Podium,Cash,Store,Imported from CSV,2025-09-24T10:56:56.092Z,2025-09-24T13:25:51.931Z
2025-07-06,Irish Luck Inc,,,,,16oz Cups (1x ₱2268); Strawless lids (1x ₱2268),General,4536,,,,No,Podium,Credit Card,Store,Imported from CSV,2025-09-24T10:56:56.092Z,2025-09-24T13:25:51.936Z
2025-07-06,Ivoryway Company Inc.,Ivoryway Company Inc.,203-802-940-00000,"42 Sct Bayoran South Triangle 1103 Quezon City NCR, Second District Philippines",,Ice (1x ₱135),General,135,,,,Yes,Podium,Cash,Store,Imported from CSV,2025-09-24T10:56:56.092Z,2025-09-24T13:25:51.940Z
2025-07-04,Unknown,,,,,Ice (1x ₱337.5),General,337.5,,,,No,Podium,Cash,Store,Imported from CSV,2025-09-24T10:56:56.093Z,2025-09-24T13:25:51.945Z
2025-07-03,Storm of Blessing Marketing,,,,,Thermal Paper (1x ₱900),General,900,,,,No,Podium,Credit Card,Store,Imported from CSV,2025-09-24T10:56:56.093Z,2025-09-24T13:25:51.950Z
2025-07-03,Allegro Beverage Corporation,,,,,Oatmilk 60L (1x ₱6600),General,6600,,,,No,Podium,Credit Card,Store,Imported from CSV,2025-09-24T10:56:56.093Z,2025-09-24T13:25:51.954Z
2025-07-04,National Bookstore,,,,,ADH Tape (1x ₱84),General,84,,,,No,Podium,Cash,Store,Imported from CSV,2025-09-24T10:56:56.093Z,2025-09-24T13:25:51.959Z
2025-07-03,Unknown,,,,,Tube ice (1x ₱157.5),General,157.5,,,,No,Podium,Cash,Store,Imported from CSV,2025-09-24T10:56:56.094Z,2025-09-24T13:25:51.964Z
2025-07-03,Arlene's Dairyhouse,,,,,Whipping Cream (1x ₱2209); Mascarpone (1x ₱2209),General,4418,,,,No,Podium,Credit Card,Store,Imported from CSV,2025-09-24T10:56:56.094Z,2025-09-24T13:25:51.968Z
2025-07-02,Unknown,,,,,Dishwashing soap (1x ₱173),General,173,,,,No,Podium,Cash,Store,Imported from CSV,2025-09-24T10:56:56.094Z,2025-09-24T13:25:51.973Z
2025-07-03,Boduo Raw Milktea Hub,,,,,Customer Tissue (1x ₱414.4),General,414.4,,,,No,Podium,Credit Card,Store,Imported from CSV,2025-09-24T10:56:56.094Z,2025-09-24T13:25:51.978Z
2025-07-03,Willard's Enterprises,,,,,Dairy milk 48L (1x ₱3243.52); Whipping Cream 4L (1x ₱3243.52),General,6487.04,,,,No,Podium,Credit Card,Store,Imported from CSV,2025-09-24T10:56:56.094Z,2025-09-24T13:25:51.983Z
2025-07-01,Golden Palco Trading,,,,,12oz Lids & Cups (1x ₱2582.72); Dome lids (1x ₱2582.72),General,5165.44,,,,No,Podium,Credit Card,Store,Imported from CSV,2025-09-24T10:56:56.095Z,2025-09-24T13:25:51.988Z
2025-07-02,Fruitas,,,,,Coconut Water 1000ml (1x ₱160),General,160,,,,No,Podium,Cash,Store,Imported from CSV,2025-09-24T10:56:56.095Z,2025-09-24T13:25:51.994Z
2025-07-02,Supermarket,,,,,Grocery (1x ₱612),General,612,,,,No,Podium,Cash,Store,Imported from CSV,2025-09-24T10:56:56.095Z,2025-09-24T13:25:51.999Z
2025-07-01,Ivoryway Company Inc.,Ivoryway Company Inc.,203-802-940-00000,"42 Sct Bayoran South Triangle 1103 Quezon City NCR, Second District Philippines",,Ice (1x ₱202),General,202,,,,Yes,Podium,Cash,Store,Imported from CSV,2025-09-24T10:56:56.095Z,2025-09-24T13:25:52.004Z
2025-06-30,Coneland,,,,,FIC x15 packs (1x ₱480),General,480,,,,No,Podium,Credit Card,Store,Imported from CSV,2025-09-24T10:56:56.096Z,2025-09-24T13:25:52.009Z
2025-06-30,Unknown,,,,,Kamote 2kg (1x ₱200),General,200,,,,No,Podium,Cash,Store,Imported from CSV,2025-09-24T10:56:56.096Z,2025-09-24T13:25:52.014Z
2025-06-30,Lalamove,,,,,Cones (1x ₱190),General,190,,,,No,Podium,Cash,Store,Imported from CSV,2025-09-24T10:56:56.096Z,2025-09-24T13:25:52.019Z
2025-06-30,Lalamove,,,,,Warabi Mochi (1x ₱137),General,137,,,,No,Podium,Cash,Store,Imported from CSV,2025-09-24T10:56:56.096Z,2025-09-24T13:25:52.024Z
2025-06-30,Irish Luck Inc,,,,,Ice Cream Cups 220pcs (1x ₱1316),General,1316,,,,No,Podium,Credit Card,Store,Imported from CSV,2025-09-24T10:56:56.097Z,2025-09-24T13:25:52.030Z
2025-06-30,R&BTube Ice,,,,,Ice (1x ₱112),General,112,,,,No,Podium,Cash,Store,Imported from CSV,2025-09-24T10:56:56.097Z,2025-09-24T13:25:52.034Z
2025-06-29,Lalamove,,,,,Whisk and Scoop (1x ₱84),General,84,,,,No,Podium,Cash,Store,Imported from CSV,2025-09-24T10:56:56.097Z,2025-09-24T13:25:52.039Z
2025-06-29,Ivoryway Company Inc.,Ivoryway Company Inc.,203-802-940-00000,"42 Sct Bayoran South Triangle 1103 Quezon City NCR, Second District Philippines",,Ice (1x ₱180),General,180,,,,Yes,Podium,Cash,Store,Imported from CSV,2025-09-24T10:56:56.098Z,2025-09-24T13:25:52.044Z
2025-06-29,Haig and Lee Import Export Corp.,,,,,Chopsticks 100pcs (1x ₱274); Mini Spoon 300pcs (1x ₱274),General,548,,,,No,Podium,Credit Card,Store,Imported from CSV,2025-09-24T10:56:56.098Z,2025-09-24T13:25:52.049Z
2025-06-29,M.D.R Consumer Goods Trading,,,,,Salted Caramel Syrup (1x ₱1873.3333333333333); White Choco Syrup (1x ₱1873.3333333333333); Dairy milk (1x ₱1873.3333333333333),General,5620,,,,No,Podium,Credit Card,Store,Imported from CSV,2025-09-24T10:56:56.098Z,2025-09-24T13:25:52.054Z
2025-06-29,Lalamove,,,,,Cookies (1x ₱251),General,251,,,,No,Podium,Cash,Store,Imported from CSV,2025-09-24T10:56:56.098Z,2025-09-24T13:25:52.060Z
2025-06-29,SM,,,,,Eggs Medium 12s (1x ₱117),General,117,,,,No,Podium,Cash,Store,Imported from CSV,2025-09-24T10:56:56.098Z,2025-09-24T13:25:52.065Z
2025-06-27,R&BTube Ice,,,,,Ice packs (1x ₱135),General,135,,,,No,Podium,Cash,Store,Imported from CSV,2025-09-24T10:56:56.099Z,2025-09-24T13:25:52.070Z
2025-06-27,Amazing Appetite Food Corp.,,,,,Dairy 12L (1x ₱985.6),General,985.6,,,,No,Podium,Credit Card,Store,Imported from CSV,2025-09-24T10:56:56.099Z,2025-09-24T13:25:52.074Z
2025-06-28,Ivoryway Company Inc.,Ivoryway Company Inc.,203-802-940-00000,"42 Sct Bayoran South Triangle 1103 Quezon City NCR, Second District Philippines",,Ice (1x ₱135),General,135,,,,Yes,Podium,Cash,Store,Imported from CSV,2025-09-24T10:56:56.099Z,2025-09-24T13:25:52.079Z
2025-06-26,Grab Mart,,,,,Delivery (1x ₱3179),General,3179,,,,No,Podium,Credit Card,Store,Imported from CSV,2025-09-24T10:56:56.099Z,2025-09-24T13:25:52.084Z
2025-06-28,Supermarket,,,,,Grocery (1x ₱844),General,844,,,,No,Podium,Cash,Store,Imported from CSV,2025-09-24T10:56:56.099Z,2025-09-24T13:25:52.089Z
2025-06-26,Unknown,,,,,Egg 12pieces (1x ₱180),General,180,,,,No,Podium,Cash,Store,Imported from CSV,2025-09-24T10:56:56.100Z,2025-09-24T13:25:52.094Z
2025-06-26,Fruitas,,,,,Coconut Water 500ml x2 (1x ₱170),General,170,,,,No,Podium,Cash,Store,Imported from CSV,2025-09-24T10:56:56.100Z,2025-09-24T13:25:52.099Z
2025-06-26,R&BTube Ice,,,,,Ice bags (1x ₱158),General,158,,,,No,Podium,Cash,Store,Imported from CSV,2025-09-24T10:56:56.100Z,2025-09-24T13:25:52.104Z
2025-06-26,Supermarket,,,,,Grocery (1x ₱84),General,84,,,,No,Podium,Cash,Store,Imported from CSV,2025-09-24T10:56:56.100Z,2025-09-24T13:25:52.109Z
2025-06-25,Kukido,,,,,Cookies (1x ₱1470),General,1470,,,,No,Podium,Credit Card,Store,Imported from CSV,2025-09-24T10:56:56.101Z,2025-09-24T13:25:52.114Z
2025-06-25,Lalamove,,,,,Delivery (1x ₱180),General,180,,,,No,Podium,Cash,Store,Imported from CSV,2025-09-24T10:56:56.101Z,2025-09-24T13:25:52.120Z
2025-06-26,Unknown,,,,,Plain tissue (customer tissue) 10 packs (1x ₱414.4),General,414.4,,,,No,Podium,Credit Card,Store,Imported from CSV,2025-09-24T10:56:56.101Z,2025-09-24T13:25:52.127Z
2025-06-25,Fruitas,,,,,Coconut Water 500ml (1x ₱85),General,85,,,,No,Podium,Cash,Store,Imported from CSV,2025-09-24T10:56:56.101Z,2025-09-24T13:25:52.132Z
2025-10-18,The Corner Market,,,,,Rental (1x ₱0),General,108422.89,,,,No,SM North,Cash,,,2025-10-18T07:53:51.028Z,